epoch,loss
1,4.652358627319336
2,4.379345703125
3,3.780856704711914
4,3.735734558105469
5,3.2418743133544923
6,3.2006389617919924
7,3.0360279083251953
8,3.488237762451172
9,3.3029319763183596
10,2.8976491928100585
11,2.8395923614501952
12,2.9144365310668947
13,2.6209695816040037
14,3.0200563430786134
15,2.6910846710205076
16,3.6635841369628905
17,2.6884225845336913
18,2.837845802307129
19,2.681137275695801
20,3.663817596435547
21,2.789168357849121
22,2.9176609039306642
23,3.24754638671875
24,2.63271541595459
25,2.6324285507202148
26,3.0747421264648436
27,2.7277637481689454
28,2.854486656188965
29,2.3498394012451174
30,2.716310501098633
31,2.7221921920776366
32,2.618595504760742
33,2.493216133117676
34,2.3634897232055665
35,2.556351661682129
36,2.9000104904174804
37,2.537948989868164
38,2.682890701293945
39,3.0416563034057615
40,3.137228775024414
41,2.5289682388305663
42,2.5008960723876954
43,2.720276641845703
44,2.5884689331054687
45,3.1857027053833007
46,2.526461601257324
47,2.6230472564697265
48,2.7260278701782226
49,3.0991079330444338
50,2.304622459411621
51,2.5227237701416017
52,2.535403823852539
53,2.463323974609375
54,2.5822858810424805
55,2.4719526290893556
56,2.6120573043823243
57,2.610527229309082
58,2.5647207260131837
59,2.6363336563110353
60,2.768680191040039
61,2.440789985656738
62,2.4536569595336912
63,3.0064367294311523
64,2.5345121383666993
65,3.054869842529297
66,2.314191436767578
67,2.7573909759521484
68,2.5715051651000977
69,2.6074411392211916
70,2.898304557800293
71,2.630298614501953
72,2.358773040771484
73,2.664651298522949
74,2.1880645751953125
75,2.4157278060913088
76,2.495887565612793
77,2.2730899810791017
78,2.4954244613647463
79,2.289892578125
80,2.2743654251098633
81,2.660121536254883
82,2.455318832397461
83,2.642780303955078
84,2.7758323669433596
85,2.772266387939453
86,2.6369094848632812
87,2.4705881118774413
88,2.5180084228515627
89,2.6848081588745116
90,2.276763916015625
91,2.6456674575805663
92,2.521315002441406
93,2.397002410888672
94,2.830783462524414
95,2.7387948989868165
96,2.7281274795532227
97,2.535148048400879
98,2.355417823791504
99,2.600007247924805
100,2.2866867065429686
101,2.589005470275879
102,2.89453010559082
103,2.6030252456665037
104,2.6345090866088867
105,2.501881790161133
106,2.188914680480957
107,2.4226184844970704
108,2.4576988220214844
109,2.465778350830078
110,2.6976842880249023
111,2.2050043106079102
112,2.5763338088989256
113,2.3112934112548826
114,2.1915231704711915
115,2.2420873641967773
116,2.312380790710449
117,2.4294538497924805
118,2.620689582824707
119,2.612010955810547
120,2.2591884613037108
121,2.4037429809570314
122,2.9056190490722655
123,2.4001388549804688
124,2.2688575744628907
125,2.5038394927978516
126,2.4080879211425783
127,2.643718147277832
128,2.1417232513427735
129,2.2354290008544924
130,2.568631172180176
131,2.264303779602051
132,2.489886474609375
133,2.367409896850586
134,2.457554817199707
135,2.3252620697021484
136,2.3570451736450195
137,2.3021774291992188
138,2.5060068130493165
139,2.592816162109375
140,2.212052917480469
141,2.4458656311035156
142,2.2676824569702148
143,2.5292760848999025
144,2.4556150436401367
145,2.443531036376953
146,2.475493240356445
147,2.380167007446289
148,3.3629642486572267
149,2.2793342590332033
150,2.5061269760131837
151,2.2448902130126953
152,2.3637786865234376
153,2.2760297775268556
154,2.285211753845215
155,2.160677909851074
156,2.2444385528564452
157,2.4643632888793947
158,2.4259172439575196
159,2.21399040222168
160,2.2968637466430666
161,2.1911457061767576
162,2.3462648391723633
163,2.7336196899414062
164,1.9271488189697266
165,2.3291156768798826
166,2.342554473876953
167,2.3379669189453125
168,2.6162620544433595
169,2.0707035064697266
170,2.2168617248535156
171,2.332727241516113
172,2.2810827255249024
173,2.216753387451172
174,2.4722719192504883
175,2.3566614151000977
176,2.5225215911865235
177,2.3358360290527345
178,2.294038200378418
179,2.664698600769043
180,2.4766748428344725
181,2.276371192932129
182,2.473525619506836
183,2.1821096420288084
184,2.5935861587524416
185,2.536398506164551
186,2.2896142959594727
187,2.2764410018920898
188,2.369101715087891
189,2.535692596435547
190,2.356793212890625
191,2.6375797271728514
192,2.183986282348633
193,2.731588935852051
194,1.993331527709961
195,2.252726745605469
196,2.5479997634887694
197,2.276045799255371
198,2.153155517578125
199,2.347043037414551
200,2.189865303039551
201,2.2770355224609373
202,2.454720306396484
203,2.2297473907470704
204,2.5143125534057615
205,2.415389060974121
206,2.4014684677124025
207,2.219950294494629
208,2.5115753173828126
209,2.0915433883666994
210,2.2688907623291015
211,2.29666805267334
212,2.286049652099609
213,2.667451858520508
214,2.4523115158081055
215,2.284571075439453
216,2.261649322509766
217,2.5339849472045897
218,2.465940475463867
219,2.4425260543823244
220,2.4442358016967773
221,2.4345741271972656
222,2.4155242919921873
223,2.5698568344116213
224,2.3710567474365236
225,2.546645927429199
226,2.537100982666016
227,2.0121469497680664
228,2.280858039855957
229,2.3978107452392576
230,2.2631509780883787
231,2.1730253219604494
232,2.200119972229004
233,2.4635982513427734
234,2.430643081665039
235,2.6563793182373048
236,2.1243261337280273
237,2.3936885833740233
238,2.2784265518188476
239,2.4450138092041014
240,1.9556976318359376
241,2.1579288482666015
242,2.5541162490844727
243,2.3548276901245115
244,2.0660240173339846
245,2.278249168395996
246,2.4270099639892577
247,2.1114213943481444
248,2.16026611328125
249,2.454570198059082
250,1.8929018020629882
251,2.7176725387573244
252,2.0029953002929686
253,2.380077934265137
254,2.537324333190918
255,2.353850555419922
256,2.553990936279297
257,2.2283758163452148
258,2.434922790527344
259,2.220856475830078
260,2.296426773071289
261,2.627766418457031
262,2.1187555313110353
263,2.515022087097168
264,2.3262319564819336
265,2.407211494445801
266,2.256153869628906
267,2.442892837524414
268,2.1533971786499024
269,2.4672088623046875
270,2.3179744720458983
271,2.3415536880493164
272,2.140309715270996
273,2.4603899002075194
274,2.2201637268066405
275,2.48385066986084
276,2.3881616592407227
277,2.237557220458984
278,2.401993179321289
279,2.488788604736328
280,2.4105178833007814
281,2.2604000091552736
282,2.5214160919189452
283,2.347481346130371
284,2.162359046936035
285,2.0338701248168944
286,2.163102722167969
287,2.1618234634399416
288,2.6261480331420897
289,2.41119499206543
290,2.213336944580078
291,2.4314184188842773
292,1.9730966567993165
293,2.0419422149658204
294,2.160554122924805
295,2.1670553207397463
296,2.300428009033203
297,2.3609542846679688
298,2.2309795379638673
299,2.2931678771972654
300,2.0493490219116213
301,2.2289188385009764
302,2.196333885192871
303,2.261147308349609
304,2.359658432006836
305,2.1619199752807616
306,2.2053314208984376
307,2.3078718185424805
308,2.4449634552001953
309,2.5392112731933594
310,1.8468238830566406
311,2.380401039123535
312,2.2817893981933595
313,2.283140754699707
314,2.0617013931274415
315,2.0313587188720703
316,2.0358154296875
317,2.2924053192138674
318,2.1305234909057615
319,2.140884017944336
320,1.797332763671875
321,2.262336540222168
322,2.740505027770996
323,2.1230195999145507
324,2.6084262847900392
325,2.26733455657959
326,2.4245983123779298
327,2.4842708587646483
328,2.5868457794189452
329,2.3328500747680665
330,2.3035633087158205
331,2.3240827560424804
332,2.4197097778320313
333,2.1272802352905273
334,2.3350503921508787
335,2.3082056045532227
336,2.1832321166992186
337,2.693581962585449
338,2.2371692657470703
339,2.1686275482177733
340,2.233342742919922
341,2.303427505493164
342,2.2721105575561524
343,1.8726530075073242
344,2.3645063400268556
345,2.3201242446899415
346,2.5767860412597656
347,2.246258544921875
348,1.9825042724609374
349,2.2356359481811525
350,2.3336530685424806
351,2.278324508666992
352,2.1730297088623045
353,2.3765520095825194
354,1.8058738708496094
355,2.251852607727051
356,2.2601194381713867
357,2.233209991455078
358,2.1723039627075194
359,2.1710039138793946
360,2.491029739379883
361,2.014784812927246
362,2.3145572662353517
363,2.2514774322509767
364,2.136318397521973
365,2.1949531555175783
366,2.2858327865600585
367,2.293098258972168
368,2.1305831909179687
369,1.8407867431640625
370,2.678727149963379
371,1.9891912460327148
372,2.3718084335327148
373,2.4432477951049805
374,2.569289970397949
375,2.30684814453125
376,2.165604019165039
377,1.8879419326782227
378,2.447008514404297
379,2.336469841003418
380,2.195194053649902
381,2.236730194091797
382,2.3207029342651366
383,2.146135711669922
384,1.9983715057373046
385,2.1398900985717773
386,2.5003583908081053
387,2.210763359069824
388,2.215042304992676
389,2.0556571960449217
390,2.2758247375488283
391,2.417452812194824
392,2.354812431335449
393,2.351481056213379
394,2.212051582336426
395,2.0250408172607424
396,2.3005035400390623
397,2.0656368255615236
398,1.9836172103881835
399,2.1582103729248048
400,2.2618932723999023
401,2.0299798965454103
402,2.2693107604980467
403,2.1625797271728517
404,1.946028709411621
405,2.8556400299072267
406,2.1081180572509766
407,2.332382583618164
408,2.2037723541259764
409,1.9982126235961915
410,2.0015933990478514
411,2.1491823196411133
412,2.1004173278808596
413,2.362373161315918
414,2.0164134979248045
415,2.072612190246582
416,1.7393478393554687
417,2.1033945083618164
418,2.148405075073242
419,2.4743534088134767
420,2.1220746994018556
421,2.103627014160156
422,2.1683671951293944
423,2.103451156616211
424,2.356502914428711
425,2.470453453063965
426,2.2696935653686525
427,2.076766014099121
428,2.089992904663086
429,1.9633163452148437
430,2.1182647705078126
431,2.122182083129883
432,2.077772331237793
433,1.913119125366211
434,2.039194869995117
435,2.484183502197266
436,2.1665233612060546
437,2.3174203872680663
438,2.1431936264038085
439,2.4937507629394533
440,2.227843475341797
441,2.3245468139648438
442,2.612030029296875
443,1.881612205505371
444,1.943406105041504
445,2.7340324401855467
446,2.4711227416992188
447,1.9285337448120117
448,2.327897071838379
449,2.476500701904297
450,2.4129146575927733
451,2.13992862701416
452,2.597900390625
453,2.2902450561523438
454,2.109257698059082
455,2.439588165283203
456,2.048629951477051
457,2.229865837097168
458,2.1128213882446287
459,2.2872867584228516
460,1.9962154388427735
461,2.308573341369629
462,1.9628372192382812
463,2.327552604675293
464,2.182042121887207
465,2.0112279891967773
466,2.220135307312012
467,2.1770153045654297
468,2.19836540222168
469,2.2105459213256835
470,2.186703109741211
471,2.1902618408203125
472,1.908067512512207
473,2.216612434387207
474,2.118720817565918
475,2.3147558212280273
476,2.3037038803100587
477,2.1396038055419924
478,2.1573862075805663
479,2.4620336532592773
480,2.206346130371094
481,2.4919435501098635
482,2.1087968826293944
483,1.9325067520141601
484,1.9503606796264648
485,2.3284955978393556
486,1.898678970336914
487,2.169171905517578
488,2.6189205169677736
489,2.1739774703979493
490,1.9878837585449218
491,2.022099494934082
492,2.156848335266113
493,2.2492345809936523
494,2.468171310424805
495,2.115115737915039
496,2.1043750762939455
497,2.2251577377319336
498,2.002141571044922
499,2.0214344024658204
500,2.1776121139526365
501,2.329803466796875
502,2.1981210708618164
503,2.164105987548828
504,2.216044235229492
505,2.101027488708496
506,2.042896842956543
507,2.0720895767211913
508,1.8254386901855468
509,2.028822135925293
510,2.1287479400634766
511,2.131364440917969
512,2.2325836181640626
513,1.977387046813965
514,2.1689731597900392
515,2.2778141021728517
516,2.46370849609375
517,1.9758403778076172
518,2.1009214401245115
519,1.987090492248535
520,2.132553291320801
521,1.8832067489624023
522,2.0866621017456053
523,2.220119094848633
524,2.2535511016845704
525,1.9752788543701172
526,1.9950319290161134
527,2.0121225357055663
528,1.830219841003418
529,2.0825286865234376
530,2.1242212295532226
531,1.8246772766113282
532,2.0863006591796873
533,2.0586265563964843
534,2.0463796615600587
535,2.359237480163574
536,2.063741111755371
537,2.1586931228637694
538,2.647556114196777
539,2.0829065322875975
540,1.9572088241577148
541,1.8596399307250977
542,2.1509706497192385
543,1.9111576080322266
544,1.9561100006103516
545,2.2249420166015623
546,2.1101667404174806
547,2.362230682373047
548,2.0521312713623048
549,2.289241600036621
550,2.040803909301758
551,2.4184219360351564
552,1.9890785217285156
553,2.263848876953125
554,1.9970970153808594
555,2.5258745193481444
556,2.2518827438354494
557,2.418661689758301
558,2.2789098739624025
559,2.125919723510742
560,1.9920886993408202
561,2.0082529067993162
562,1.7903425216674804
563,1.9090631484985352
564,2.307446098327637
565,2.296955680847168
566,2.1291149139404295
567,2.145648956298828
568,2.1062707901000977
569,2.0965938568115234
570,2.2032636642456054
571,2.144069290161133
572,1.5972198486328124
573,2.1706270217895507
574,2.2438282012939452
575,2.168864440917969
576,2.107781410217285
577,2.5133752822875977
578,2.3908432006835936
579,2.8269638061523437
580,2.6858348846435547
581,2.361242485046387
582,2.192655563354492
583,2.273563194274902
584,2.1513141632080077
585,2.2043848037719727
586,1.9405317306518555
587,1.9337779998779296
588,2.1765039443969725
589,2.9065813064575194
590,2.2535690307617187
591,1.936083984375
592,2.0694021224975585
593,2.1986278533935546
594,2.203472137451172
595,2.360498237609863
596,2.588791275024414
597,2.0750099182128907
598,2.4012897491455076
599,2.167777252197266
600,2.2871234893798826
601,2.327204704284668
602,2.2393733978271486
603,2.366268348693848
604,2.143012046813965
605,2.243099021911621
606,2.074112129211426
607,2.388741302490234
608,2.0734228134155273
609,1.758194351196289
610,2.2398120880126955
611,2.0928544998168945
612,2.1372629165649415
613,1.950221633911133
614,2.341854286193848
615,2.434463882446289
616,1.9507503509521484
617,2.0225353240966797
618,2.028937339782715
619,2.3194244384765623
620,2.280900573730469
621,2.315956687927246
622,2.2342748641967773
623,1.531982421875
624,2.2258020401000977
625,2.2773069381713866
626,2.1056150436401366
627,2.2360759735107423
628,2.35784797668457
629,2.62823486328125
630,1.9540821075439454
631,2.0033100128173826
632,2.626412200927734
633,2.248569869995117
634,2.6064580917358398
635,2.1816989898681642
636,2.4666202545166014
637,2.1873201370239257
638,2.1347875595092773
639,1.7821483612060547
640,2.298127365112305
641,2.199539566040039
642,2.0707263946533203
643,1.9118886947631837
644,2.131478118896484
645,2.761077880859375
646,2.2103830337524415
647,2.0526763916015627
648,2.2278928756713867
649,2.2727405548095705
650,2.1786592483520506
651,1.9932134628295899
652,2.198726463317871
653,2.1221532821655273
654,2.1937658309936525
655,1.699007225036621
656,2.35140438079834
657,2.038892936706543
658,2.3634689331054686
659,2.0866731643676757
660,1.8697261810302734
661,2.2806774139404298
662,2.3062002182006838
663,2.0393230438232424
664,1.997869110107422
665,1.9237051010131836
666,1.9322681427001953
667,1.7672758102416992
668,2.2170166015625
669,1.916672706604004
670,2.147816848754883
671,2.2150222778320314
672,1.9740856170654297
673,1.8598920822143554
674,2.093196678161621
675,2.109920310974121
676,2.043391227722168
677,2.0569437026977537
678,2.3065895080566405
679,1.7033241271972657
680,2.1326925277709963
681,2.3555929183959963
682,1.79186954498291
683,1.9291767120361327
684,2.1602893829345704
685,2.1819820404052734
686,1.6667469024658204
687,2.0427324295043947
688,1.9510017395019532
689,1.7784210205078126
690,2.347515869140625
691,1.8957780838012694
692,2.000678825378418
693,2.0211969375610352
694,2.4380550384521484
695,2.2520814895629884
696,1.9599870681762694
697,2.2818344116210936
698,1.8934215545654296
699,2.029453659057617
700,2.1130271911621095
701,1.9183727264404298
702,2.101764678955078
703,1.9923667907714844
704,2.2232751846313477
705,2.157526969909668
706,1.9105106353759767
707,2.151356315612793
708,2.4297266006469727
709,2.089844512939453
710,2.363427734375
711,2.0478660583496096
712,1.9877386093139648
713,2.1718185424804686
714,2.4547355651855467
715,2.0799354553222655
716,1.7996133804321288
717,1.6932807922363282
718,2.1367250442504884
719,2.3247337341308594
720,2.183886909484863
721,2.078212547302246
722,2.0612831115722656
723,1.9969341278076171
724,2.2829479217529296
725,2.107049751281738
726,1.9403057098388672
727,2.407930374145508
728,2.010028266906738
729,1.9783109664916991
730,2.3332033157348633
731,2.3915637969970702
732,1.9178133010864258
733,1.9747243881225587
734,2.24443359375
735,2.2248422622680666
736,2.1098852157592773
737,2.1481918334960937
738,2.0445011138916014
739,1.7620555877685546
740,2.4368061065673827
741,2.298137664794922
742,2.018488311767578
743,2.2079179763793944
744,2.0681224822998048
745,2.085689926147461
746,1.8804815292358399
747,2.2288324356079103
748,2.1880329132080076
749,2.1023765563964845
750,2.2477956771850587
751,2.126409339904785
752,2.303701400756836
753,1.954848861694336
754,2.4221351623535154
755,2.1321033477783202
756,1.978983497619629
757,2.360975456237793
758,2.0526123046875
759,2.1428237915039063
760,2.0073049545288084
761,2.1939117431640627
762,2.1521148681640625
763,1.9528373718261718
764,2.1468202590942385
765,2.5772823333740233
766,1.988901138305664
767,1.909321403503418
768,1.9952409744262696
769,2.2314361572265624
770,1.7741243362426757
771,2.2237388610839846
772,1.8729921340942384
773,2.0939619064331056
774,2.156781768798828
775,2.1567913055419923
776,2.0213220596313475
777,2.059580993652344
778,2.199149513244629
779,2.3188358306884767
780,1.8761627197265625
781,2.0244998931884766
782,1.8461654663085938
783,1.9375638961791992
784,2.3777894973754883
785,2.199024772644043
786,2.1316370010375976
787,1.9612285614013671
788,2.404303550720215
789,2.0880817413330077
790,1.9365728378295899
791,2.0352205276489257
792,2.070197105407715
793,1.8073999404907226
794,1.6243209838867188
795,2.0326953887939454
796,2.0889986038208006
797,1.974947738647461
798,2.259350395202637
799,2.0717355728149416
800,2.2168552398681642
801,2.1153194427490236
802,2.1463043212890627
803,1.9799766540527344
804,2.164338493347168
805,2.574888229370117
806,1.886875534057617
807,2.3499866485595704
808,2.0191959381103515
809,2.0046079635620115
810,1.9399578094482421
811,2.23067569732666
812,2.599034881591797
813,2.0352542877197264
814,1.9783700942993163
815,2.154794692993164
816,2.46490364074707
817,1.9810653686523438
818,2.031322479248047
819,1.9614784240722656
820,1.9876764297485352
821,1.9085601806640624
822,2.3103857040405273
823,2.0742233276367186
824,2.001656723022461
825,1.9479560852050781
826,2.2664365768432617
827,2.2126138687133787
828,2.2827035903930666
829,2.181132698059082
830,1.9857513427734375
831,2.18294620513916
832,2.1489883422851563
833,2.0277706146240235
834,2.1175048828125
835,2.366343879699707
836,2.3377994537353515
837,2.210109329223633
838,1.9288568496704102
839,1.8379276275634766
840,1.9653409957885741
841,1.9075294494628907
842,1.9157773971557617
843,2.767068099975586
844,2.24147891998291
845,2.0019384384155274
846,1.7571483612060548
847,1.8886005401611328
848,2.12562255859375
849,2.2798479080200194
850,2.0365579605102537
851,2.174245262145996
852,2.141633224487305
853,2.1413248062133787
854,1.939518356323242
855,1.9031337738037108
856,2.1494306564331054
857,2.423664855957031
858,1.9684274673461915
859,2.567171096801758
860,2.0210161209106445
861,2.251359558105469
862,1.8040355682373046
863,2.0416521072387694
864,2.210766410827637
865,2.06962890625
866,2.1498104095458985
867,1.7892946243286132
868,2.324976921081543
869,2.125200653076172
870,1.8037282943725585
871,2.4113813400268556
872,1.9020357131958008
873,1.9634262084960938
874,2.0768205642700197
875,1.9905961990356444
876,2.280514717102051
877,1.7719558715820312
878,2.211483955383301
879,2.0261306762695312
880,2.2698612213134766
881,2.0044023513793947
882,1.7378606796264648
883,2.3037017822265624
884,1.9353010177612304
885,2.1099546432495115
886,2.1847963333129883
887,1.8170623779296875
888,2.1610355377197266
889,1.9649370193481446
890,2.1726558685302733
891,1.9677932739257813
892,1.8847326278686523
893,2.2472410202026367
894,2.045599937438965
895,1.9478866577148437
896,2.242688751220703
897,2.124009895324707
898,2.085586357116699
899,2.0500755310058594
900,2.114482116699219
901,2.090359687805176
902,1.973388671875
903,2.002463150024414
904,2.2226192474365236
905,2.2420705795288085
906,1.8539773941040039
907,1.930939292907715
908,2.364528465270996
909,2.439610481262207
910,1.8189043045043944
911,2.618202781677246
912,2.1960519790649413
913,1.8701793670654296
914,2.372048568725586
915,2.012705993652344
916,2.1680341720581056
917,1.6233644485473633
918,1.6265674591064454
919,1.9751405715942383
920,2.3483789443969725
921,2.0955142974853516
922,1.9821840286254884
923,2.0874887466430665
924,2.053104591369629
925,2.285584259033203
926,2.082048034667969
927,1.9713605880737304
928,2.0340105056762696
929,1.6253877639770509
930,2.0184118270874025
931,1.851518440246582
932,2.0489618301391603
933,2.088815116882324
934,2.2224550247192383
935,2.3976730346679687
936,2.2130970001220702
937,2.0933332443237305
938,1.985053825378418
939,2.229888343811035
940,2.201008605957031
941,2.100486183166504
942,2.183162498474121
943,2.150600814819336
944,1.9738130569458008
945,2.295711708068848
946,1.9606287002563476
947,2.1904575347900392
948,1.9129819869995117
949,2.1033554077148438
950,2.55861873626709
951,1.9928590774536132
952,2.4378658294677735
953,2.030376434326172
954,2.2390506744384764
955,2.1799951553344727
956,2.0514501571655273
957,1.9414241790771485
958,2.064127540588379
959,2.1593181610107424
960,2.2771652221679686
961,1.7891759872436523
962,1.8626323699951173
963,2.1580175399780273
964,2.4249101638793946
965,2.1645999908447267
966,2.395237350463867
967,2.330262565612793
968,2.4706743240356444
969,2.1839778900146483
970,1.9820377349853515
971,1.726082992553711
972,1.941309356689453
973,2.0513004302978515
974,1.9706060409545898
975,2.251019096374512
976,2.1388954162597655
977,2.350480842590332
978,1.8895572662353515
979,1.939844512939453
980,2.2990772247314455
981,1.9462427139282226
982,1.9422176361083985
983,2.010670852661133
984,2.1363624572753905
985,1.8261404037475586
986,2.342826271057129
987,2.2911224365234375
988,2.3261316299438475
989,1.9012491226196289
990,2.016809844970703
991,2.0650070190429686
992,2.0053422927856444
993,1.8671749114990235
994,2.0679874420166016
995,2.445463180541992
996,2.1322504043579102
997,2.468831443786621
998,2.0320653915405273
999,2.1443824768066406
1000,2.3445892333984375
1001,1.9839838027954102
1002,1.7104238510131835
1003,2.1073179244995117
1004,2.0171607971191405
1005,2.0715095520019533
1006,2.313892364501953
1007,2.259329986572266
1008,2.264115333557129
1009,1.9253900527954102
1010,2.151417922973633
1011,2.057040977478027
1012,1.9268592834472655
1013,2.010243797302246
1014,2.1246454238891603
1015,2.173649215698242
1016,2.3926118850708007
1017,2.1589729309082033
1018,1.9862438201904298
1019,2.204201889038086
1020,2.1477502822875976
1021,2.182712364196777
1022,2.2983522415161133
1023,1.9995969772338866
1024,1.948048973083496
1025,1.7895675659179688
1026,1.9741497039794922
1027,2.1238136291503906
1028,1.9682613372802735
1029,1.8923444747924805
1030,1.9368671417236327
1031,2.120280647277832
1032,2.1503974914550783
1033,1.9848766326904297
1034,2.131449890136719
1035,2.3588151931762695
1036,2.088056755065918
1037,1.9783313751220704
1038,2.0085453033447265
1039,2.316014289855957
1040,2.1035345077514647
1041,1.5535309791564942
1042,2.1867733001708984
1043,2.3639354705810547
1044,2.454867935180664
1045,1.8309772491455079
1046,1.9052345275878906
1047,2.0171445846557616
1048,2.1808996200561523
1049,2.088209342956543
1050,2.02669620513916
1051,2.1671977996826173
1052,2.0209054946899414
1053,1.9468246459960938
1054,2.269105339050293
1055,2.2849748611450194
1056,1.9991893768310547
1057,2.121896743774414
1058,1.9188730239868164
1059,1.7406936645507813
1060,1.645982551574707
1061,2.0770967483520506
1062,2.0418827056884767
1063,2.1246938705444336
1064,2.429901123046875
1065,1.9354568481445313
1066,2.113377571105957
1067,2.3715654373168946
1068,1.8064996719360351
1069,1.872377586364746
1070,1.891581153869629
1071,2.2058408737182615
1072,2.004955291748047
1073,1.9560697555541993
1074,2.235733985900879
1075,1.8554224014282226
1076,1.7742935180664063
1077,2.445906066894531
1078,1.8684089660644532
1079,2.244658279418945
1080,2.1714494705200194
1081,2.1216773986816406
1082,1.9181106567382813
1083,1.6319543838500976
1084,2.1238887786865233
1085,2.015959358215332
1086,2.2167776107788084
1087,1.8992408752441405
1088,2.0472505569458006
1089,2.107345390319824
1090,1.693605613708496
1091,1.6692214965820313
1092,2.434367561340332
1093,2.181610679626465
1094,1.9001758575439454
1095,2.036747169494629
1096,1.9421571731567382
1097,1.9474044799804688
1098,2.0165264129638674
1099,2.125900459289551
1100,1.9010478973388671
1101,2.4513833999633787
1102,2.0366548538208007
1103,2.075344467163086
1104,2.022440528869629
1105,2.000596809387207
1106,2.0967973709106444
1107,2.022633361816406
1108,1.8989408493041993
1109,2.2837873458862306
1110,2.1368783950805663
1111,2.0437475204467774
1112,2.1683353424072265
1113,2.1993961334228516
1114,2.098300552368164
1115,2.189313507080078
1116,2.0894819259643556
1117,2.492506980895996
1118,1.9069257736206056
1119,2.416002655029297
1120,2.2575042724609373
1121,2.1079668045043944
1122,1.9785427093505858
1123,1.9787141799926757
1124,1.8979375839233399
1125,2.021017646789551
1126,2.113677215576172
1127,2.346516227722168
1128,2.014383316040039
1129,2.260344123840332
1130,2.095609664916992
1131,2.0519998550415037
1132,1.9334264755249024
1133,1.97098388671875
1134,2.097270393371582
1135,1.7656801223754883
1136,2.3702587127685546
1137,1.8329477310180664
1138,2.3458234786987306
1139,2.111606216430664
1140,1.8534868240356446
1141,1.979254150390625
1142,1.8986183166503907
1143,2.0863609313964844
1144,2.0558683395385744
1145,2.031468963623047
1146,2.290608215332031
1147,1.9759380340576171
1148,1.9387914657592773
1149,2.2574369430541994
1150,2.0379701614379884
1151,2.1546756744384767
1152,2.233959197998047
1153,2.040307807922363
1154,2.694449043273926
1155,1.967782974243164
1156,1.9718915939331054
1157,1.762431526184082
1158,2.0847345352172852
1159,2.028144645690918
1160,2.0005022048950196
1161,2.1454238891601562
1162,1.9099435806274414
1163,2.3767194747924805
1164,2.1359933853149413
1165,1.9048433303833008
1166,2.018426513671875
1167,2.183022689819336
1168,2.2375360488891602
1169,1.9004663467407226
1170,2.0294992446899416
1171,2.114226531982422
1172,2.166162872314453
1173,2.0658870697021485
1174,2.282988357543945
1175,2.019374656677246
1176,1.825282096862793
1177,2.0494876861572267
1178,2.466586875915527
1179,2.2668220520019533
1180,2.1370822906494142
1181,2.125234603881836
1182,2.094239616394043
1183,2.2503067016601563
1184,2.426955986022949
1185,2.2842008590698244
1186,1.9000417709350585
1187,2.363824462890625
1188,2.5940877914428713
1189,1.9532224655151367
1190,1.9512741088867187
1191,2.3444366455078125
1192,2.0152807235717773
1193,2.182133674621582
1194,2.186294937133789
1195,1.978995132446289
1196,1.7619190216064453
1197,2.6225662231445312
1198,1.9945707321166992
1199,2.076210784912109
1200,2.0048852920532227
1201,2.3402378082275392
1202,1.928721809387207
1203,2.090888023376465
1204,1.6919187545776366
1205,2.2270486831665037
1206,2.4300025939941405
1207,2.256448745727539
1208,2.2775091171264648
1209,2.243300437927246
1210,2.0430952072143556
1211,1.942886734008789
1212,1.8900053024291992
1213,2.2780166625976563
1214,2.1145608901977537
1215,1.9222806930541991
1216,2.120879554748535
1217,1.8573724746704101
1218,2.43792839050293
1219,2.176803207397461
1220,1.9177377700805665
1221,2.126526641845703
1222,1.9417776107788085
1223,1.8595808029174805
1224,2.4212207794189453
1225,2.0100004196166994
1226,2.0344160079956053
1227,2.0301191329956056
1228,2.1631401062011717
1229,1.9229097366333008
1230,2.137044334411621
1231,1.7058258056640625
1232,2.266400146484375
1233,2.6729093551635743
1234,1.9158760070800782
1235,2.220859146118164
1236,1.9240972518920898
1237,2.051687812805176
1238,1.8628162384033202
1239,1.9250654220581054
1240,1.9905044555664062
1241,2.398989677429199
1242,1.8033300399780274
1243,2.2656694412231446
1244,2.206341552734375
1245,2.179068946838379
1246,2.134879493713379
1247,1.9255411148071289
1248,1.9789480209350585
1249,2.167629623413086
1250,2.066758728027344
1251,2.2589860916137696
1252,2.1933021545410156
1253,2.200718879699707
1254,2.0906837463378904
1255,2.005565071105957
1256,1.8417402267456056
1257,1.87857666015625
1258,2.1305353164672853
1259,2.1645971298217774
1260,2.2890676498413085
1261,2.0798606872558594
1262,2.1060924530029297
1263,2.152823257446289
1264,1.846597671508789
1265,2.133759117126465
1266,1.8665027618408203
1267,2.431599807739258
1268,2.0552341461181642
1269,1.8681381225585938
1270,1.7042190551757812
1271,2.0178525924682615
1272,1.948130226135254
1273,2.2475156784057617
1274,2.197850799560547
1275,2.219754219055176
1276,2.134881019592285
1277,2.2857076644897463
1278,2.6154109954833986
1279,2.2283817291259767
1280,2.074123001098633
1281,2.2004762649536134
1282,1.7531938552856445
1283,2.1057138442993164
1284,2.3251333236694336
1285,1.906218910217285
1286,2.099381446838379
1287,2.063737487792969
1288,2.394329071044922
1289,2.1106378555297853
1290,2.2891122817993166
1291,2.0107730865478515
1292,2.3515262603759766
1293,2.291256141662598
1294,1.932072067260742
1295,2.1279600143432615
1296,2.029756546020508
1297,2.1142358779907227
1298,1.986332893371582
1299,1.799758529663086
1300,1.904877281188965
1301,2.2224452972412108
1302,2.152237319946289
1303,2.097029685974121
1304,2.0099611282348633
1305,2.0102033615112305
1306,2.3513832092285156
1307,1.9969266891479491
1308,1.918661117553711
1309,2.2160377502441406
1310,2.052499198913574
1311,1.9953813552856445
1312,1.9246528625488282
1313,2.0997695922851562
1314,1.6978399276733398
1315,2.1512065887451173
1316,2.1952255249023436
1317,2.020066833496094
1318,1.963425636291504
1319,1.7549036026000977
1320,2.097478485107422
1321,1.8596620559692383
1322,2.1519634246826174
1323,2.4188922882080077
1324,2.4720026016235352
1325,2.0791059494018556
1326,2.0708690643310548
1327,1.925431251525879
1328,1.8558919906616211
1329,2.2451602935791017
1330,2.194489669799805
1331,2.0772560119628904
1332,1.672007942199707
1333,1.8832714080810546
1334,2.1593555450439452
1335,1.9561191558837892
1336,2.147987174987793
1337,1.9515062332153321
1338,2.2052682876586913
1339,2.210661697387695
1340,1.677518653869629
1341,2.1680133819580076
1342,1.8004323959350585
1343,1.8466176986694336
1344,2.3102695465087892
1345,1.9931886672973633
1346,1.769264030456543
1347,2.4803287506103517
1348,2.1465829849243163
1349,1.749875831604004
1350,2.3166181564331056
1351,2.24720458984375
1352,2.323508071899414
1353,2.425369453430176
1354,1.8446876525878906
1355,2.1926279067993164
1356,1.7993566513061523
1357,2.0132686614990236
1358,2.414827346801758
1359,1.989227867126465
1360,1.7911014556884766
1361,1.7759857177734375
1362,2.231333923339844
1363,2.1196969985961913
1364,2.1189327239990234
1365,2.1615488052368166
1366,2.1465618133544924
1367,2.0452404022216797
1368,2.0525047302246096
1369,2.355855369567871
1370,2.6778736114501953
1371,2.070966339111328
1372,1.6677568435668946
1373,2.410294532775879
1374,1.754662322998047
1375,2.0547828674316406
1376,1.9409255981445312
1377,1.811948585510254
1378,2.2190122604370117
1379,2.2159122467041015
1380,2.1309793472290037
1381,1.9193395614624023
1382,1.9654716491699218
1383,1.3739347457885742
1384,2.3593162536621093
1385,2.103832817077637
1386,2.1925941467285157
1387,1.9785823822021484
1388,1.660611915588379
1389,1.8842428207397461
1390,1.4720911979675293
1391,2.0559526443481446
1392,2.2925037384033202
1393,2.165360450744629
1394,1.8345008850097657
1395,2.1155282974243166
1396,1.8777278900146483
1397,2.2076993942260743
1398,2.206112861633301
1399,1.9488449096679688
1400,2.272432327270508
1401,2.262248229980469
1402,1.7249773025512696
1403,2.557982635498047
1404,1.8730209350585938
1405,2.183222198486328
1406,1.8020856857299805
1407,2.457623100280762
1408,2.1301137924194338
1409,1.7527944564819335
1410,1.9974525451660157
1411,2.0353872299194338
1412,2.2926612854003907
1413,1.7861759185791015
1414,1.7188060760498047
1415,2.3041912078857423
1416,2.180872917175293
1417,2.2801084518432617
1418,2.1257083892822264
1419,2.0036827087402345
1420,1.8652023315429687
1421,1.8963262557983398
1422,1.9565700531005858
1423,2.1038455963134766
1424,1.9366270065307618
1425,2.2747272491455077
1426,1.980628776550293
1427,2.082461357116699
1428,1.636655616760254
1429,1.8793970108032227
1430,1.9622270584106445
1431,2.1876804351806642
1432,2.2084766387939454
1433,1.8284711837768555
1434,2.1896987915039063
1435,2.1817855834960938
1436,2.2046728134155273
1437,1.931490135192871
1438,1.7669927597045898
1439,2.5587995529174803
1440,1.9550668716430664
1441,1.8170623779296875
1442,1.8036678314208985
1443,1.9638090133666992
1444,2.117685317993164
1445,2.09289665222168
1446,2.1359184265136717
1447,1.8739704132080077
1448,2.210008239746094
1449,2.244607162475586
1450,1.9529813766479491
1451,2.0155920028686523
1452,2.068287658691406
1453,2.177754211425781
1454,2.26219482421875
1455,1.9667701721191406
1456,2.05285758972168
1457,2.2699617385864257
1458,2.168708610534668
1459,1.8390684127807617
1460,2.0692346572875975
1461,1.9166986465454101
1462,2.4303464889526367
1463,1.9907699584960938
1464,2.1819581985473633
1465,1.7085132598876953
1466,2.287265586853027
1467,1.9590232849121094
1468,2.2940252304077147
1469,2.0414850234985353
1470,1.8692346572875977
1471,2.3153757095336913
1472,2.1911762237548826
1473,2.2292966842651367
1474,1.9067720413208007
1475,1.7538372039794923
1476,2.0558706283569337
1477,2.1153165817260744
1478,2.3854177474975584
1479,2.073810005187988
1480,2.090707015991211
1481,2.0281745910644533
1482,1.972257423400879
1483,1.8265716552734375
1484,1.658393669128418
1485,1.6760496139526366
1486,2.5698429107666017
1487,1.9172149658203126
1488,1.9183074951171875
1489,2.0269775390625
1490,2.2822107315063476
1491,1.994859504699707
1492,2.2988325119018556
1493,1.6398395538330077
1494,1.6256975173950194
1495,2.299097442626953
1496,3.436369705200195
1497,1.9392488479614258
1498,2.031519317626953
1499,2.1233518600463865
1500,1.6880847930908203
1501,2.04581241607666
1502,2.1143802642822265
1503,1.9995058059692383
1504,2.2348230361938475
1505,2.272113037109375
1506,2.2111663818359375
1507,2.0002538681030275
1508,1.9889955520629883
1509,2.1041915893554686
1510,2.3846580505371096
1511,2.5391197204589844
1512,2.086562728881836
1513,2.1340173721313476
1514,1.7003507614135742
1515,1.8897151947021484
1516,1.8647489547729492
1517,2.1310123443603515
1518,1.7933134078979491
1519,2.0368492126464846
1520,1.9267545700073243
1521,2.1830806732177734
1522,2.1910049438476564
1523,2.0865142822265623
1524,2.55865535736084
1525,1.8701723098754883
1526,2.0650272369384766
1527,2.108534240722656
1528,1.9460046768188477
1529,2.080133628845215
1530,2.2905044555664062
1531,2.8355152130126955
1532,1.9839973449707031
1533,1.8634624481201172
1534,2.2389158248901366
1535,1.7591056823730469
1536,1.9326141357421875
1537,2.206959915161133
1538,1.9819347381591796
1539,2.3287469863891603
1540,2.369909477233887
1541,1.6557004928588868
1542,2.0608407974243166
1543,2.2519908905029298
1544,1.7537897109985352
1545,2.2487060546875
1546,1.8835718154907226
1547,2.2841697692871095
1548,1.8872079849243164
1549,2.1849857330322267
1550,2.189710807800293
1551,2.0492624282836913
1552,2.17171573638916
1553,2.22206974029541
1554,1.9195749282836914
1555,2.4850317001342774
1556,2.05880126953125
1557,2.1664302825927733
1558,1.975825881958008
1559,1.8282478332519532
1560,2.2342166900634766
1561,2.3134477615356444
1562,1.9104520797729492
1563,1.6779802322387696
1564,1.9457582473754882
1565,1.8166725158691406
1566,2.005859375
1567,1.980889892578125
1568,2.2015857696533203
1569,1.7433294296264648
1570,2.052524948120117
1571,2.2503786087036133
1572,2.133123207092285
1573,2.2206966400146486
1574,2.1238914489746095
1575,1.683366584777832
1576,2.1924957275390624
1577,2.017756462097168
1578,1.7449573516845702
1579,2.0302526473999025
1580,2.0511585235595704
1581,1.905683708190918
1582,2.081785774230957
1583,1.6834793090820312
1584,2.1363582611083984
1585,1.9875038146972657
1586,2.132532501220703
1587,2.0521350860595704
1588,1.8836139678955077
1589,2.1469091415405273
1590,1.9018301010131835
1591,2.257486343383789
1592,1.736346435546875
1593,1.7227388381958009
1594,1.8910709381103517
1595,1.653436279296875
1596,2.161549758911133
1597,2.000951957702637
1598,1.9340543746948242
1599,2.0469079971313477
1600,1.9732994079589843
1601,1.943218994140625
1602,2.277867317199707
1603,1.8774538040161133
1604,2.251662254333496
1605,2.053869438171387
1606,1.7809064865112305
1607,2.2006198883056642
1608,2.0266544342041017
1609,1.8510183334350585
1610,2.3669363021850587
1611,2.1986446380615234
1612,2.447980499267578
1613,1.9257883071899413
1614,2.8195522308349608
1615,2.001272964477539
1616,2.1856657028198243
1617,2.239879035949707
1618,2.151008415222168
1619,2.521347999572754
1620,2.3343029022216797
1621,1.9172910690307616
1622,1.7851194381713866
1623,2.0466897964477537
1624,1.8774942398071288
1625,2.133742904663086
1626,1.8818923950195312
1627,1.8309991836547852
1628,1.4980956077575684
1629,2.0746320724487304
1630,1.907202911376953
1631,2.3180755615234374
1632,2.2255916595458984
1633,2.012177848815918
1634,2.2599714279174803
1635,2.0304286956787108
1636,1.9812707901000977
1637,1.9499286651611327
1638,2.5062753677368166
1639,1.9376588821411134
1640,1.8326190948486327
1641,2.0389341354370116
1642,1.974294662475586
1643,1.9931465148925782
1644,2.115428924560547
1645,2.2078584671020507
1646,1.9526748657226562
1647,1.796112632751465
1648,1.8795955657958985
1649,2.0610946655273437
1650,2.295689582824707
1651,1.90527286529541
1652,2.093124198913574
1653,1.8675357818603515
1654,2.171273422241211
1655,2.2600286483764647
1656,1.6921205520629883
1657,1.9116201400756836
1658,1.8850278854370117
1659,2.067491340637207
1660,2.008444595336914
1661,1.491675567626953
1662,1.9331161499023437
1663,1.8449897766113281
1664,1.7985649108886719
1665,1.9738683700561523
1666,1.9330347061157227
1667,1.8372846603393556
1668,2.2756559371948244
1669,2.0593379974365233
1670,2.067946434020996
1671,1.8603471755981444
1672,2.004232978820801
1673,1.5486151695251464
1674,1.9036367416381836
1675,2.0114879608154297
1676,2.115978240966797
1677,2.2409231185913088
1678,1.655209732055664
1679,1.8956323623657227
1680,1.9377386093139648
1681,1.7084173202514648
1682,2.0192216873168944
1683,1.9066656112670899
1684,1.8455427169799805
1685,1.7592716217041016
1686,2.0444805145263674
1687,2.0072097778320312
1688,1.8412555694580077
1689,1.814091110229492
1690,1.8583328247070312
1691,1.7464290618896485
1692,1.757857894897461
1693,2.015502166748047
1694,2.3014068603515625
1695,1.9179533004760743
1696,1.7290061950683593
1697,1.7372707366943358
1698,2.0273775100708007
1699,2.016117286682129
1700,1.7798744201660157
1701,2.0439144134521485
1702,2.1003721237182615
1703,1.8028997421264648
1704,1.8858287811279297
1705,2.4456754684448243
1706,1.977370834350586
1707,1.8927175521850585
1708,1.9715192794799805
1709,1.706247901916504
1710,1.8718223571777344
1711,1.9514467239379882
1712,1.832000732421875
1713,2.0070377349853517
1714,2.47952880859375
1715,1.8278615951538086
1716,1.9235113143920899
1717,2.051173782348633
1718,1.9184009552001953
1719,2.2897150039672853
1720,1.9249460220336914
1721,2.000625419616699
1722,1.6228700637817384
1723,2.003734588623047
1724,2.2980621337890623
1725,2.563425827026367
1726,1.8646501541137694
1727,2.1167747497558596
1728,1.885645866394043
1729,2.063749313354492
1730,1.902925682067871
1731,1.8712884902954101
1732,2.0198055267333985
1733,1.9421331405639648
1734,2.235983467102051
1735,1.8496587753295899
1736,1.9496767044067382
1737,2.0683160781860352
1738,1.5972989082336426
1739,1.6723314285278321
1740,1.9973047256469727
1741,2.0561311721801756
1742,2.0752052307128905
1743,1.9618656158447265
1744,2.074515151977539
1745,1.879086685180664
1746,2.112397575378418
1747,1.6828548431396484
1748,2.1502994537353515
1749,1.9472124099731445
1750,1.933058738708496
1751,2.400303268432617
1752,1.9303834915161133
1753,1.9937610626220703
1754,1.934804916381836
1755,2.441571807861328
1756,1.8203315734863281
1757,1.8430490493774414
1758,2.1516305923461916
1759,1.7803953170776368
1760,2.1340280532836915
1761,1.9679611206054688
1762,2.1276674270629883
1763,2.183015251159668
1764,1.9955854415893555
1765,2.093236541748047
1766,2.0843574523925783
1767,1.8826936721801757
1768,2.0720903396606447
1769,1.4260869026184082
1770,1.7002933502197266
1771,1.9572994232177734
1772,2.0654293060302735
1773,2.145339584350586
1774,2.0631765365600585
1775,2.0854251861572264
1776,1.9785432815551758
1777,1.7880468368530273
1778,2.124195861816406
1779,2.2937284469604493
1780,1.8050912857055663
1781,2.231773567199707
1782,1.9137351989746094
1783,1.8371835708618165
1784,1.6862499237060546
1785,1.6844261169433594
1786,2.187590217590332
1787,2.0006771087646484
1788,2.0914440155029297
1789,1.8906343460083008
1790,2.1268438339233398
1791,1.6910003662109374
1792,2.2406166076660154
1793,2.456985282897949
1794,1.6927017211914062
1795,1.9557775497436523
1796,2.1214780807495117
1797,2.1251241683959963
1798,2.305331993103027
1799,1.886306381225586
1800,1.3421869277954102
1801,1.6265361785888672
1802,2.010198211669922
1803,2.1107975006103517
1804,2.4159566879272463
1805,2.0931890487670897
1806,2.170835494995117
1807,2.143086814880371
1808,2.1243518829345702
1809,1.8977415084838867
1810,1.9501728057861327
1811,2.274856376647949
1812,1.8660844802856444
1813,2.2714061737060547
1814,1.8614513397216796
1815,1.7971817016601563
1816,2.112594223022461
1817,2.0138877868652343
1818,1.6888355255126952
1819,2.326246643066406
1820,1.7639379501342773
1821,2.206420135498047
1822,2.2501028060913084
1823,2.1414947509765625
1824,2.343887710571289
1825,1.962112808227539
1826,1.785064697265625
1827,2.0596811294555666
1828,2.0756153106689452
1829,1.3336034774780274
1830,1.9722049713134766
1831,1.7659181594848632
1832,2.1544525146484377
1833,2.556559181213379
1834,1.811708641052246
1835,1.9793210983276368
1836,2.520868682861328
1837,1.9766838073730468
1838,2.0735870361328126
1839,2.0461990356445314
1840,2.2383502960205077
1841,2.0245038986206056
1842,2.352619171142578
1843,1.8236543655395507
1844,2.192201614379883
1845,2.396933746337891
1846,2.375933837890625
1847,1.9955045700073242
1848,2.138947105407715
1849,1.9028427124023437
1850,2.141148567199707
1851,1.8060888290405273
1852,1.87996826171875
1853,2.0891212463378905
1854,2.1957077026367187
1855,2.2654340744018553
1856,2.3695178985595704
1857,2.2209068298339845
1858,2.273441505432129
1859,2.2322114944458007
1860,1.7499267578125
1861,2.260536766052246
1862,2.098019027709961
1863,2.3627952575683593
1864,1.7590740203857422
1865,2.1710542678833007
1866,2.022466468811035
1867,2.046552276611328
1868,2.0890775680541993
1869,1.921335792541504
1870,2.4261857986450197
1871,1.9188480377197266
1872,1.9989439010620118
1873,2.126338577270508
1874,1.7182523727416992
1875,2.215062713623047
1876,1.8475671768188477
1877,2.04727725982666
1878,2.19604606628418
1879,1.7549036026000977
1880,2.183798980712891
1881,1.8568305969238281
1882,2.3203498840332033
1883,1.8872392654418946
1884,1.8795082092285156
1885,1.894407081604004
1886,1.8043752670288087
1887,1.9997613906860352
1888,1.954169464111328
1889,2.137177085876465
1890,2.171077346801758
1891,2.2276514053344725
1892,2.5825469970703123
1893,2.3291255950927736
1894,1.9138196945190429
1895,2.0074174880981444
1896,2.193878936767578
1897,2.213715362548828
1898,1.9488109588623046
1899,1.925771141052246
1900,2.3691551208496096
1901,1.8800024032592773
1902,2.311863899230957
1903,2.240444374084473
1904,2.1938945770263674
1905,1.8841449737548828
1906,2.3653995513916017
1907,1.7428443908691407
1908,2.1382511138916014
1909,1.7434846878051757
1910,1.9638277053833009
1911,1.9127605438232422
1912,1.984577751159668
1913,2.0660221099853517
1914,1.9596843719482422
1915,2.085870933532715
1916,1.8240489959716797
1917,2.2554407119750977
1918,1.9371633529663086
1919,2.1795297622680665
1920,2.2978248596191406
1921,2.040797233581543
1922,2.125801849365234
1923,2.0514856338500977
1924,2.041255569458008
1925,2.098556709289551
1926,1.8154104232788086
1927,2.2026607513427736
1928,2.0431089401245117
1929,2.1897472381591796
1930,2.109878921508789
1931,2.2107383728027346
1932,2.088516044616699
1933,1.7743902206420898
1934,1.6918567657470702
1935,1.834555435180664
1936,1.8330612182617188
1937,1.5755462646484375
1938,1.707733154296875
1939,2.153613471984863
1940,2.1051055908203127
1941,2.097065734863281
1942,1.6432849884033203
1943,2.2150177001953124
1944,1.910616683959961
1945,1.9807844161987305
1946,2.0843317031860353
1947,2.290037727355957
1948,2.1789457321166994
1949,1.944472312927246
1950,2.1578142166137697
1951,2.372862434387207
1952,1.9081502914428712
1953,2.171212387084961
1954,2.3346338272094727
1955,2.1888256072998047
1956,1.594008731842041
1957,2.2524391174316407
1958,2.4260446548461916
1959,2.193318176269531
1960,2.098054313659668
1961,1.8739233016967773
1962,1.9149816513061524
1963,1.732978630065918
1964,2.0827184677124024
1965,1.7464311599731446
1966,2.259776306152344
1967,2.033408546447754
1968,1.7998773574829101
1969,2.2123954772949217
1970,1.6323291778564453
1971,1.859489631652832
1972,2.131451225280762
1973,1.9339555740356444
1974,2.1717479705810545
1975,1.9380094528198242
1976,2.252431869506836
1977,1.859017562866211
1978,2.473896026611328
1979,2.3237205505371095
1980,2.3208311080932615
1981,1.7995107650756836
1982,2.0312177658081056
1983,2.2742588043212892
1984,2.0432804107666014
1985,2.3022069931030273
1986,2.2755449295043944
1987,2.1271799087524412
1988,2.215433692932129
1989,1.9296581268310546
1990,1.8792177200317384
1991,2.0061758041381834
1992,2.10933780670166
1993,2.0153268814086913
1994,1.733328628540039
1995,2.091690444946289
1996,1.763857078552246
1997,2.171331596374512
1998,2.022796630859375
1999,2.0031646728515624
2000,1.8974470138549804
2001,1.9406116485595704
2002,1.7722963333129882
2003,2.1899906158447267
2004,2.053564453125
2005,2.041465950012207
2006,2.4997894287109377
2007,1.8889942169189453
2008,1.9811433792114257
2009,2.039684867858887
2010,2.046004295349121
2011,2.1907270431518553
2012,2.1274944305419923
2013,2.015907096862793
2014,2.4997365951538084
2015,2.0156431198120117
2016,1.9154254913330078
2017,1.9740062713623048
2018,1.5243355751037597
2019,2.341477394104004
2020,2.1195016860961915
2021,1.591752529144287
2022,1.6219688415527345
2023,2.230124092102051
2024,2.3596458435058594
2025,2.0073753356933595
2026,2.360972023010254
2027,1.5656772613525392
2028,1.9587896347045899
2029,2.283744239807129
2030,1.8946704864501953
2031,1.889790153503418
2032,2.073299789428711
2033,2.4184890747070313
2034,2.174899673461914
2035,2.0700687408447265
2036,1.8682281494140625
2037,1.8740083694458007
2038,2.2386991500854494
2039,2.0375555038452147
2040,1.8753374099731446
2041,2.2294281005859373
2042,1.9255273818969727
2043,1.9854974746704102
2044,1.9918359756469726
2045,2.485757827758789
2046,2.1119882583618166
2047,1.9150102615356446
2048,2.0307640075683593
2049,1.5889410018920898
2050,1.9722074508666991
2051,2.500113296508789
2052,2.0934526443481447
2053,1.632261085510254
2054,1.6408823013305665
2055,2.125560760498047
2056,2.0481498718261717
2057,1.776809310913086
2058,2.0068565368652345
2059,1.8647720336914062
2060,1.9529569625854493
2061,2.0360509872436525
2062,1.875931167602539
2063,1.977571678161621
2064,2.2797956466674805
2065,2.0043397903442384
2066,2.2209117889404295
2067,2.2918230056762696
2068,2.471328926086426
2069,1.998295211791992
2070,2.2539951324462892
2071,2.3073768615722656
2072,1.9972942352294922
2073,2.204076957702637
2074,1.8760505676269532
2075,1.9180719375610351
2076,1.9447080612182617
2077,1.8884836196899415
2078,2.186570167541504
2079,1.7543016433715821
2080,2.0425878524780274
2081,1.8150529861450195
2082,2.260135841369629
2083,1.9349941253662108
2084,2.2054967880249023
2085,2.349149703979492
2086,1.8130609512329101
2087,2.0908573150634764
2088,2.1865894317626955
2089,1.879998779296875
2090,1.999655532836914
2091,2.263706016540527
2092,2.117496299743652
2093,2.0792341232299805
2094,1.9660383224487306
2095,2.1477495193481446
2096,1.8809747695922852
2097,1.8537490844726563
2098,1.884329605102539
2099,2.0638784408569335
2100,1.6260694503784179
2101,2.150020408630371
2102,1.9375003814697265
2103,1.830221939086914
2104,1.9329652786254883
2105,1.9670074462890625
2106,2.1288177490234377
2107,1.961685562133789
2108,1.5945807456970216
2109,2.310557174682617
2110,1.5649565696716308
2111,1.962297248840332
2112,2.0603803634643554
2113,2.1203773498535154
2114,2.2032299041748047
2115,2.135558319091797
2116,2.285042572021484
2117,2.1977949142456055
2118,1.829200553894043
2119,2.231574821472168
2120,1.9211320877075195
2121,1.8533664703369142
2122,1.9936073303222657
2123,1.9038503646850586
2124,2.2960556030273436
2125,1.853457260131836
2126,1.8697229385375977
2127,1.9574037551879884
2128,1.5833751678466796
2129,2.016435432434082
2130,2.0328695297241213
2131,1.7302186965942383
2132,1.8716325759887695
2133,1.9772241592407227
2134,2.1633668899536134
2135,2.367043304443359
2136,2.076801300048828
2137,2.092464256286621
2138,2.555793571472168
2139,2.0867191314697267
2140,1.9187862396240234
2141,1.9982656478881835
2142,1.781257438659668
2143,1.9752954483032226
2144,2.2748336791992188
2145,2.390375328063965
2146,1.7754356384277343
2147,1.7661346435546874
2148,2.3188735961914064
2149,2.01735897064209
2150,2.1074150085449217
2151,2.323325538635254
2152,2.2355169296264648
2153,1.953882598876953
2154,1.8302692413330077
2155,2.2965229034423826
2156,2.097844696044922
2157,2.128799629211426
2158,1.7843255996704102
2159,1.9685134887695312
2160,2.231433868408203
2161,1.9321353912353516
2162,2.216291809082031
2163,2.167605400085449
2164,1.743302345275879
2165,2.3467483520507812
2166,1.6746225357055664
2167,2.0897537231445313
2168,2.0406089782714845
2169,1.9271480560302734
2170,1.8827733993530273
2171,1.9926019668579102
2172,2.2512588500976562
2173,2.156345558166504
2174,1.8833133697509765
2175,2.3889095306396486
2176,1.9628131866455079
2177,2.2920745849609374
2178,2.252351188659668
2179,2.12058162689209
2180,2.536422920227051
2181,2.485111427307129
2182,1.9643972396850586
2183,2.0216720581054686
2184,1.8933866500854493
2185,2.1795284271240236
2186,1.802804946899414
2187,1.9976959228515625
2188,1.961433219909668
2189,1.872321319580078
2190,1.8781206130981445
2191,1.83814697265625
2192,2.3750938415527343
2193,1.8032806396484375
2194,1.878087043762207
2195,2.5334964752197267
2196,1.7787029266357421
2197,2.0566497802734376
2198,2.237082290649414
2199,2.154854393005371
2200,1.9472183227539062
2201,2.523283576965332
2202,2.00594482421875
2203,1.938253402709961
2204,1.9858642578125
2205,1.9800247192382812
2206,2.116407012939453
2207,1.9751201629638673
2208,2.085856246948242
2209,2.343395233154297
2210,1.696324348449707
2211,1.7592464447021485
2212,2.0246232986450194
2213,2.002755355834961
2214,2.082261085510254
2215,1.9485363006591796
2216,2.0107669830322266
2217,2.004943084716797
2218,2.161080551147461
2219,1.8430963516235352
2220,1.8780855178833007
2221,2.1070728302001953
2222,2.285746765136719
2223,2.292306900024414
2224,1.8534280776977539
2225,1.475527858734131
2226,2.0847023010253904
2227,2.1766632080078123
2228,1.73680419921875
2229,2.2364566802978514
2230,2.2080095291137694
2231,2.6436687469482423
2232,2.1209341049194337
2233,1.8327089309692384
2234,2.014376640319824
2235,1.7623531341552734
2236,2.0754981994628907
2237,2.1081676483154297
2238,2.00908203125
2239,1.9997913360595703
2240,2.161707878112793
2241,2.054402160644531
2242,2.196063232421875
2243,1.9952777862548827
2244,1.9744722366333007
2245,1.7992332458496094
2246,1.6796409606933593
2247,2.0206295013427735
2248,1.8974578857421875
2249,2.199600028991699
2250,2.0065759658813476
2251,2.096545600891113
2252,2.0700674057006836
2253,1.7338823318481444
2254,2.1059902191162108
2255,1.9141332626342773
2256,1.7946277618408204
2257,2.1336870193481445
2258,2.139680099487305
2259,2.157874870300293
2260,2.0937170028686523
2261,1.8036054611206054
2262,2.199423980712891
2263,1.9288103103637695
2264,1.732742691040039
2265,1.5948030471801757
2266,2.2135055541992186
2267,1.654743766784668
2268,2.246989631652832
2269,2.2451303482055662
2270,2.060502815246582
2271,1.835809326171875
2272,1.6722375869750976
2273,1.75256290435791
2274,2.0316267013549805
2275,2.0879547119140627
2276,2.0980783462524415
2277,2.4322532653808593
2278,1.8413686752319336
2279,2.1180776596069335
2280,2.0682374954223635
2281,1.941959762573242
2282,1.9327220916748047
2283,1.9829811096191405
2284,2.3584794998168945
2285,2.10108642578125
2286,1.9968564987182618
2287,1.7987136840820312
2288,2.119585418701172
2289,2.0979055404663085
2290,2.027112579345703
2291,1.9916601181030273
2292,1.793254280090332
2293,1.9146944046020509
2294,2.0819591522216796
2295,1.9640522003173828
2296,1.5760870933532716
2297,1.99224796295166
2298,2.134813690185547
2299,2.149382781982422
2300,1.803006362915039
2301,1.8952816009521485
2302,2.30737247467041
2303,1.8211658477783204
2304,1.9946704864501954
2305,2.096236801147461
2306,1.8155000686645508
2307,1.873499870300293
2308,1.9329940795898437
2309,1.629756546020508
2310,2.3293243408203126
2311,1.9613731384277344
2312,2.1666879653930664
2313,1.8996789932250977
2314,1.8087495803833007
2315,2.066485786437988
2316,2.1952230453491213
2317,1.6643571853637695
2318,2.2352367401123048
2319,2.550523376464844
2320,2.1487600326538088
2321,2.4605079650878907
2322,2.3031164169311524
2323,1.9491975784301758
2324,2.0067901611328125
2325,1.8092212677001953
2326,1.7596101760864258
2327,1.8874471664428711
2328,1.8660139083862304
2329,2.172150421142578
2330,1.9646480560302735
2331,1.7078697204589843
2332,2.1261669158935548
2333,2.197367858886719
2334,2.4589555740356444
2335,2.1659866333007813
2336,2.0646366119384765
2337,2.2219303131103514
2338,2.0030490875244142
2339,1.7938074111938476
2340,2.0920783996582033
2341,1.7545812606811524
2342,1.8900896072387696
2343,2.1098779678344726
2344,2.0613346099853516
2345,2.075777053833008
2346,1.9477680206298829
2347,1.7028358459472657
2348,1.8575111389160157
2349,2.038448143005371
2350,2.068487548828125
2351,2.107879066467285
2352,2.2329343795776366
2353,1.9400545120239259
2354,2.012965965270996
2355,1.6526449203491211
2356,2.148296928405762
2357,2.014449691772461
2358,2.0390539169311523
2359,2.0811141967773437
2360,1.749415969848633
2361,1.9287107467651368
2362,2.178162384033203
2363,2.035706901550293
2364,2.114279937744141
2365,2.2735986709594727
2366,1.9033370971679688
2367,2.1487958908081053
2368,1.8568033218383788
2369,2.0553300857543944
2370,1.8658512115478516
2371,1.9872455596923828
2372,1.7317611694335937
2373,2.3384403228759765
2374,1.8502132415771484
2375,2.2391742706298827
2376,2.113179397583008
2377,2.089780807495117
2378,1.9165624618530273
2379,1.857968521118164
2380,1.829056739807129
2381,1.7550233840942382
2382,1.6219194412231446
2383,2.143433952331543
2384,2.0013296127319338
2385,1.8724443435668945
2386,1.9479650497436523
2387,1.9565984725952148
2388,2.2042987823486326
2389,1.874371337890625
2390,1.8399530410766602
2391,1.8513011932373047
2392,2.258473205566406
2393,1.96517333984375
2394,2.1430349349975586
2395,2.0579620361328126
2396,2.0650367736816406
2397,2.1576080322265625
2398,2.1128572463989257
2399,1.7311100006103515
2400,2.075742721557617
2401,2.1634746551513673
2402,1.9898845672607421
2403,2.0777555465698243
2404,2.1489171981811523
2405,2.12576961517334
2406,1.9848443984985351
2407,2.0358865737915037
2408,1.8163394927978516
2409,2.6137163162231447
2410,2.043117713928223
2411,1.9678966522216796
2412,2.164699172973633
2413,1.9467939376831054
2414,2.1021400451660157
2415,2.2597185134887696
2416,1.9592029571533203
2417,1.9961090087890625
2418,2.2677793502807617
2419,2.0509675979614257
2420,2.0221279144287108
2421,2.312160110473633
2422,2.182919502258301
2423,1.7116819381713868
2424,1.902970314025879
2425,1.9307817459106444
2426,1.6212743759155273
2427,1.9137712478637696
2428,1.9653270721435547
2429,1.8252033233642577
2430,1.9946380615234376
2431,2.1427179336547852
2432,2.0523231506347654
2433,2.0508283615112304
2434,1.6771181106567383
2435,1.6321569442749024
2436,1.7043268203735351
2437,2.2590465545654297
2438,2.1759063720703127
2439,2.0928329467773437
2440,1.989359474182129
2441,1.984968376159668
2442,1.8843429565429688
2443,1.5797035217285156
2444,2.0825109481811523
2445,1.6396507263183593
2446,2.496582794189453
2447,2.5159841537475587
2448,2.093837928771973
2449,2.2738670349121093
2450,1.8037879943847657
2451,1.9833944320678711
2452,1.8354072570800781
2453,1.976707649230957
2454,1.8859859466552735
2455,1.9790920257568358
2456,1.8093053817749023
2457,1.5955202102661132
2458,1.8434555053710937
2459,1.616180992126465
2460,1.8910104751586914
2461,2.2218685150146484
2462,1.8857446670532227
2463,2.5113073348999024
2464,1.9766313552856445
2465,2.1261157989501953
2466,1.9300054550170898
2467,1.7909921646118163
2468,2.0826969146728516
2469,1.9235189437866211
2470,2.4504135131835936
2471,2.1220264434814453
2472,1.9835609436035155
2473,1.7876575469970704
2474,1.8694454193115235
2475,2.035166549682617
2476,2.237892723083496
2477,1.9287328720092773
2478,2.4018850326538086
2479,1.9459083557128907
2480,2.262324905395508
2481,2.0741838455200194
2482,2.0195493698120117
2483,1.811512565612793
2484,1.9458358764648438
2485,1.5276389122009277
2486,2.3007940292358398
2487,2.04617977142334
2488,1.8311080932617188
2489,1.9956523895263671
2490,2.3404006958007812
2491,2.164627456665039
2492,2.131443405151367
2493,1.9179468154907227
2494,1.8044437408447265
2495,2.011192512512207
2496,2.1561101913452148
2497,1.8482830047607421
2498,2.109851264953613
2499,1.9697996139526368
2500,1.982896614074707
2501,1.8270587921142578
2502,1.8766986846923828
2503,2.029106330871582
2504,2.0379581451416016
2505,2.2801116943359374
2506,2.1636953353881836
2507,1.7873655319213868
2508,1.8089195251464845
2509,2.179743194580078
2510,2.1029685974121093
2511,1.9955720901489258
2512,2.0552042007446287
2513,1.9556217193603516
2514,1.810017967224121
2515,2.0084367752075196
2516,1.9401065826416015
2517,1.8810026168823242
2518,1.8187170028686523
2519,1.8679601669311523
2520,1.9611162185668944
2521,1.9056018829345702
2522,2.095395088195801
2523,2.060955619812012
2524,2.1173494338989256
2525,2.450359916687012
2526,2.1279367446899413
2527,1.8714502334594727
2528,2.179157257080078
2529,2.088839530944824
2530,2.4127809524536135
2531,1.592165756225586
2532,1.6920125961303711
2533,1.5437747955322265
2534,1.8425294876098632
2535,1.5288351058959961
2536,1.900754737854004
2537,2.1004159927368162
2538,1.835870361328125
2539,2.1279693603515626
2540,1.8729419708251953
2541,1.9452505111694336
2542,2.1867706298828127
2543,2.17260627746582
2544,2.195042037963867
2545,1.8004154205322265
2546,2.0263591766357423
2547,2.251914215087891
2548,2.0306167602539062
2549,2.3416959762573244
2550,1.852472686767578
2551,1.9193265914916993
2552,1.9863754272460938
2553,1.7758745193481444
2554,1.7199335098266602
2555,2.028936004638672
2556,2.2765451431274415
2557,2.2516252517700197
2558,1.9536422729492187
2559,1.9321090698242187
2560,2.115316390991211
2561,2.2272336959838865
2562,2.0219837188720704
2563,1.9315240859985352
2564,2.1070476531982423
2565,2.3015966415405273
2566,2.070238494873047
2567,1.541593647003174
2568,2.038361740112305
2569,1.9807907104492188
2570,1.8872051239013672
2571,2.0648950576782226
2572,1.6487634658813477
2573,2.005331039428711
2574,1.9250297546386719
2575,1.9558637619018555
2576,2.383924102783203
2577,1.813290786743164
2578,1.8715816497802735
2579,2.354903984069824
2580,1.979942512512207
2581,2.1214374542236327
2582,2.4552047729492186
2583,2.178995895385742
2584,2.135805130004883
2585,1.9697181701660156
2586,2.1625547409057617
2587,1.778609275817871
2588,2.1136619567871096
2589,2.0549413681030275
2590,1.931912612915039
2591,1.8858083724975585
2592,2.3284255981445314
2593,2.155382537841797
2594,1.981320571899414
2595,1.878005027770996
2596,2.0649646759033202
2597,1.713752555847168
2598,1.8091779708862306
2599,1.9620937347412108
2600,1.8699190139770507
2601,1.8535146713256836
2602,2.111683464050293
2603,1.6096513748168946
2604,2.026422882080078
2605,1.889244842529297
2606,2.387059211730957
2607,2.0678953170776366
2608,2.471653366088867
2609,1.7480405807495116
2610,2.3441654205322267
2611,2.0516599655151366
2612,1.9558975219726562
2613,1.7459583282470703
2614,2.2508792877197266
2615,1.8332952499389648
2616,1.403691005706787
2617,2.2050922393798826
2618,2.3153457641601562
2619,1.9323116302490235
2620,2.24594783782959
2621,2.2435522079467773
2622,2.015212059020996
2623,2.099442481994629
2624,2.053152656555176
2625,1.357184886932373
2626,1.7905357360839844
2627,2.2073957443237306
2628,1.7241456985473633
2629,1.9889404296875
2630,2.177193260192871
2631,2.1483121871948243
2632,1.8911766052246093
2633,1.719625473022461
2634,2.0198869705200195
2635,1.9913518905639649
2636,2.1483591079711912
2637,2.0418670654296873
2638,2.337387466430664
2639,1.991063690185547
2640,1.7573253631591796
2641,1.8984546661376953
2642,2.081041717529297
2643,1.4162185668945313
2644,2.077781105041504
2645,2.1158294677734375
2646,1.8933319091796874
2647,2.0203081130981446
2648,2.0568050384521483
2649,2.074965476989746
2650,1.7175254821777344
2651,2.1380538940429688
2652,1.7664295196533204
2653,2.2522024154663085
2654,2.0670122146606444
2655,2.028017997741699
2656,2.1070249557495115
2657,1.7130863189697265
2658,1.9852737426757812
2659,2.138015556335449
2660,2.015088653564453
2661,1.9116369247436524
2662,1.8300252914428712
2663,1.983199691772461
2664,1.8360883712768554
2665,2.2571807861328126
2666,2.1165285110473633
2667,2.1514631271362306
2668,2.2882717132568358
2669,1.9169189453125
2670,2.148095893859863
2671,1.8988328933715821
2672,1.6908599853515625
2673,1.929861068725586
2674,1.7069709777832032
2675,2.0263370513916015
2676,1.9892858505249023
2677,1.922013282775879
2678,1.9532943725585938
2679,1.7737554550170898
2680,2.021275520324707
2681,1.6334114074707031
2682,1.9472225189208985
2683,1.7129951477050782
2684,1.9384958267211914
2685,1.9125551223754882
2686,1.8304636001586914
2687,1.547511672973633
2688,1.9092094421386718
2689,2.2074001312255858
2690,1.7161054611206055
2691,1.731958770751953
2692,2.0814992904663088
2693,2.1633392333984376
2694,1.825759506225586
2695,1.829857635498047
2696,1.8009563446044923
2697,1.6791296005249023
2698,2.3410032272338865
2699,2.2479366302490233
2700,1.977102279663086
2701,1.603995132446289
2702,1.9810552597045898
2703,1.9690956115722655
2704,1.9594491958618163
2705,2.2918901443481445
2706,2.1735937118530275
2707,1.7922643661499023
2708,2.0757909774780274
2709,2.184143829345703
2710,2.2525661468505858
2711,1.7677589416503907
2712,1.9500343322753906
2713,1.7964815139770507
2714,2.0869861602783204
2715,2.1161211013793944
2716,1.8517362594604492
2717,1.7421817779541016
2718,1.5881041526794433
2719,1.6248184204101563
2720,1.9592573165893554
2721,1.7385862350463868
2722,2.241210174560547
2723,2.8316898345947266
2724,1.7531782150268556
2725,2.3685529708862303
2726,2.2439882278442385
2727,2.0377475738525392
2728,1.8852325439453126
2729,1.8541324615478516
2730,2.065321159362793
2731,2.020518493652344
2732,2.0660432815551757
2733,1.8027309417724608
2734,1.634429931640625
2735,2.1679609298706053
2736,2.142055702209473
2737,2.2211341857910156
2738,1.9862543106079102
2739,2.1583124160766602
2740,1.9298641204833984
2741,1.987696075439453
2742,2.1604240417480467
2743,1.795968246459961
2744,2.007620620727539
2745,2.4184860229492187
2746,1.9585910797119142
2747,2.120123100280762
2748,1.842195701599121
2749,1.8614862442016602
2750,1.995514488220215
2751,1.982826042175293
2752,1.9457319259643555
2753,1.8581037521362305
2754,1.711077880859375
2755,2.3424978256225586
2756,2.0253536224365236
2757,2.0775365829467773
2758,2.0581361770629885
2759,2.0482357025146483
2760,1.9100757598876954
2761,1.779756736755371
2762,2.112668037414551
2763,2.0854475021362306
2764,2.1990940093994142
2765,2.0056903839111326
2766,1.8515586853027344
2767,1.8938911437988282
2768,1.6752222061157227
2769,2.0263452529907227
2770,2.065667724609375
2771,1.979264259338379
2772,2.02572021484375
2773,1.9442617416381835
2774,2.1503429412841797
2775,2.0841466903686525
2776,1.8844074249267577
2777,1.8583145141601562
2778,1.934656524658203
2779,2.0152618408203127
2780,2.090153694152832
2781,2.160020446777344
2782,1.9559564590454102
2783,1.7713973999023438
2784,2.4407161712646483
2785,1.88140811920166
2786,1.9207897186279297
2787,1.9086036682128906
2788,2.044535446166992
2789,1.7951900482177734
2790,1.7300680160522461
2791,2.142273712158203
2792,2.2212961196899412
2793,1.962061882019043
2794,2.210606002807617
2795,1.937754249572754
2796,2.1333431243896483
2797,1.8317190170288087
2798,2.135149383544922
2799,1.9943351745605469
2800,2.1676721572875977
2801,1.85167236328125
2802,2.256330108642578
2803,1.6994966506958007
2804,1.8917299270629884
2805,1.6618080139160156
2806,2.0109046936035155
2807,1.8685409545898437
2808,1.9624256134033202
2809,1.8909677505493163
2810,2.0708179473876953
2811,1.6796136856079102
2812,1.9980371475219727
2813,1.9052330017089845
2814,1.9990936279296876
2815,1.4301475524902343
2816,1.7280405044555665
2817,2.2937450408935547
2818,1.9811670303344726
2819,2.1740720748901365
2820,2.0592090606689455
2821,1.8668199539184571
2822,2.1175664901733398
2823,1.7414739608764649
2824,2.216990089416504
2825,1.8812549591064454
2826,1.7316864013671875
2827,2.0737606048583985
2828,1.956266212463379
2829,2.1983592987060545
2830,2.174721527099609
2831,1.9999778747558594
2832,1.807577133178711
2833,2.0726974487304686
2834,1.898599624633789
2835,2.067383575439453
2836,2.2804370880126954
2837,1.8684980392456054
2838,2.12705020904541
2839,1.6519157409667968
2840,1.9118232727050781
2841,1.9623088836669922
2842,1.7554990768432617
2843,1.6977920532226562
2844,1.588571262359619
2845,1.9843740463256836
2846,1.3542757034301758
2847,2.7639699935913087
2848,1.775189208984375
2849,2.0974393844604493
2850,1.8722816467285157
2851,1.8940814971923827
2852,1.903655433654785
2853,2.076852226257324
2854,2.0162397384643556
2855,1.5363113403320312
2856,2.2524345397949217
2857,1.584944248199463
2858,2.1096017837524412
2859,1.946714210510254
2860,1.9215694427490235
2861,2.203955078125
2862,1.8624521255493165
2863,1.7741865158081054
2864,1.770711898803711
2865,2.0450618743896483
2866,2.097116470336914
2867,2.186822509765625
2868,1.9617584228515625
2869,1.9980894088745118
2870,1.6514286041259765
2871,2.07126522064209
2872,2.01749267578125
2873,1.8335691452026368
2874,1.9498889923095704
2875,1.8816753387451173
2876,2.420311164855957
2877,2.1400012969970703
2878,2.03427677154541
2879,1.802572250366211
2880,2.0846298217773436
2881,1.998863983154297
2882,2.1354408264160156
2883,1.7393878936767577
2884,1.8007452011108398
2885,1.7134624481201173
2886,1.961290168762207
2887,2.2126331329345703
2888,2.0138641357421876
2889,2.109777069091797
2890,2.2194244384765627
2891,1.608647918701172
2892,1.9844865798950195
2893,1.999872589111328
2894,2.189999008178711
2895,2.194974899291992
2896,2.257013702392578
2897,1.7770420074462892
2898,2.1936683654785156
2899,2.5012676239013674
2900,1.8541582107543946
2901,2.1261478424072267
2902,1.7736970901489257
2903,1.986917495727539
2904,2.105502128601074
2905,2.1645572662353514
2906,2.0352224349975585
2907,1.920037841796875
2908,1.9346246719360352
2909,2.0416635513305663
2910,2.0333583831787108
2911,1.9279617309570312
2912,2.188897132873535
2913,1.9332124710083007
2914,2.045152282714844
2915,2.280880165100098
2916,1.5970450401306153
2917,1.949833869934082
2918,2.1752214431762695
2919,2.071416664123535
2920,1.941020393371582
2921,1.9972757339477538
2922,1.9921024322509766
2923,2.0279939651489256
2924,1.7986848831176758
2925,1.7905651092529298
2926,2.1160470962524416
2927,1.9876642227172852
2928,1.8182197570800782
2929,1.91552677154541
2930,2.1592899322509767
2931,1.9597429275512694
2932,1.9351455688476562
2933,1.739971923828125
2934,1.7739265441894532
2935,1.8191057205200196
2936,1.7386777877807618
2937,2.197243309020996
2938,2.093598175048828
2939,1.6505607604980468
2940,1.8763694763183594
2941,1.6420322418212892
2942,2.278824043273926
2943,2.587093734741211
2944,1.9783157348632812
2945,1.8313070297241212
2946,2.4164522171020506
2947,2.337306785583496
2948,2.166194534301758
2949,2.522142028808594
2950,1.9902294158935547
2951,2.0243722915649416
2952,2.042535972595215
2953,1.7563108444213866
2954,2.161171531677246
2955,1.9215429306030274
2956,2.0661243438720702
2957,2.1944087982177733
2958,1.5568184852600098
2959,2.008545684814453
2960,1.9326700210571288
2961,2.0586400985717774
2962,2.2268537521362304
2963,2.131705474853516
2964,1.9575054168701171
2965,1.7005094528198241
2966,1.7934989929199219
2967,2.3834890365600585
2968,1.7989044189453125
2969,2.0704113006591798
2970,1.8633140563964843
2971,1.9729597091674804
2972,1.9703546524047852
2973,1.8019092559814454
2974,2.1978919982910154
2975,1.9315959930419921
2976,2.123988723754883
2977,1.8496774673461913
2978,2.0187427520751955
2979,1.9732900619506837
2980,1.941663932800293
2981,1.9705471038818358
2982,1.3198249816894532
2983,2.097950553894043
2984,2.209973907470703
2985,2.0592201232910154
2986,2.0345672607421874
2987,1.633218765258789
2988,2.0011898040771485
2989,2.1339771270751955
2990,1.8709341049194337
2991,1.8854433059692384
2992,1.9287954330444337
2993,1.8938383102416991
2994,1.8159038543701171
2995,2.2054876327514648
2996,2.30550594329834
2997,1.7224679946899415
2998,1.6355640411376953
2999,1.8532171249389648
3000,2.020283317565918
3001,2.278541374206543
3002,1.8696495056152345
3003,2.1599605560302733
3004,1.7602296829223634
3005,2.2509521484375
3006,1.7549007415771485
3007,1.771303367614746
3008,1.9617938995361328
3009,1.8766338348388671
3010,2.3261619567871095
3011,1.8136560440063476
3012,2.158036231994629
3013,1.997284507751465
3014,1.9157594680786132
3015,1.9715984344482422
3016,2.6569570541381835
3017,2.1676578521728516
3018,2.0093917846679688
3019,1.888479232788086
3020,1.864695930480957
3021,2.119531440734863
3022,2.070615768432617
3023,1.873673439025879
3024,2.0978803634643555
3025,2.114324951171875
3026,1.9253028869628905
3027,1.9206703186035157
3028,2.255113983154297
3029,1.846407127380371
3030,1.7888368606567382
3031,2.0531845092773438
3032,1.9289663314819336
3033,2.143797492980957
3034,2.1773963928222657
3035,2.2309030532836913
3036,1.9024627685546875
3037,2.2193254470825194
3038,2.2060571670532227
3039,1.7220458984375
3040,1.940755271911621
3041,2.3220901489257812
3042,1.8408668518066407
3043,2.231831741333008
3044,1.8343215942382813
3045,2.0497081756591795
3046,1.6195259094238281
3047,2.0422597885131837
3048,1.9576383590698243
3049,1.3960058212280273
3050,1.984145736694336
3051,1.8182575225830078
3052,1.8433881759643556
3053,1.9253028869628905
3054,2.1206592559814452
3055,1.7323108673095704
3056,1.9214559555053712
3057,2.093147850036621
3058,1.992557907104492
3059,1.7415943145751953
3060,1.8343414306640624
3061,1.8344902038574218
3062,2.0517555236816407
3063,1.7865213394165038
3064,2.1109619140625
3065,1.5998836517333985
3066,1.9436214447021485
3067,1.9012807846069335
3068,1.748851203918457
3069,1.8842626571655274
3070,1.7943262100219726
3071,2.2676721572875977
3072,2.0707841873168946
3073,2.0778289794921876
3074,1.999826431274414
3075,1.9589593887329102
3076,1.6994525909423828
3077,2.0956958770751952
3078,1.7065481185913085
3079,1.6945587158203126
3080,2.297481155395508
3081,1.8732404708862305
3082,1.7504837036132812
3083,1.9644729614257812
3084,1.8955612182617188
3085,1.8572053909301758
3086,2.1681421279907225
3087,2.229542350769043
3088,2.2661195755004884
3089,1.9018272399902343
3090,1.8897649765014648
3091,2.0165218353271483
3092,2.31638126373291
3093,1.8901256561279296
3094,1.9785709381103516
3095,1.9311506271362304
3096,2.119502639770508
3097,2.1917200088500977
3098,1.7614694595336915
3099,1.8666967391967773
3100,2.0520065307617186
3101,2.091872978210449
3102,2.022917366027832
3103,1.9609731674194335
3104,2.0775766372680664
3105,1.7084049224853515
3106,2.1946849822998047
3107,1.7700418472290038
3108,1.8274442672729492
3109,2.118777275085449
3110,2.0450485229492186
3111,1.7009407043457032
3112,1.865363883972168
3113,2.184775733947754
3114,1.8920158386230468
3115,2.050918197631836
3116,2.3651575088500976
3117,2.0270252227783203
3118,2.1683298110961915
3119,2.1794565200805662
3120,2.0578786849975588
3121,1.9905200958251954
3122,2.050872802734375
3123,1.9325971603393555
3124,2.224020004272461
3125,1.8634794235229493
3126,2.0947383880615233
3127,1.909132957458496
3128,1.749129867553711
3129,2.0354228973388673
3130,1.9039470672607421
3131,2.0627994537353516
3132,1.894765853881836
3133,2.3387577056884767
3134,2.0684078216552733
3135,1.9833433151245117
3136,1.6954074859619142
3137,2.1448223114013674
3138,1.9251214981079101
3139,1.9317415237426758
3140,1.770688819885254
3141,1.8077791213989258
3142,1.411018180847168
3143,2.01477108001709
3144,1.9771894454956054
3145,2.1491573333740233
3146,2.040815544128418
3147,2.500733757019043
3148,2.1731056213378905
3149,2.2233434677124024
3150,2.0311283111572265
3151,2.0105005264282227
3152,2.216686248779297
3153,2.1002296447753905
3154,1.802954864501953
3155,1.8814401626586914
3156,1.971685028076172
3157,2.0800748825073243
3158,2.0736486434936525
3159,1.9618627548217773
3160,2.0353471755981447
3161,2.341858673095703
3162,1.9115964889526367
3163,1.6834186553955077
3164,1.8834348678588868
3165,1.961415672302246
3166,2.0027320861816404
3167,2.1867839813232424
3168,2.3683231353759764
3169,1.9137397766113282
3170,2.191035270690918
3171,2.091657829284668
3172,1.6242063522338868
3173,2.0892601013183594
3174,2.4127429962158202
3175,1.828024673461914
3176,1.9203367233276367
3177,2.0249439239501954
3178,1.8586345672607423
3179,2.0974666595458986
3180,1.9323558807373047
3181,1.85242919921875
3182,1.796760368347168
3183,1.654179573059082
3184,1.2765584945678712
3185,2.1372594833374023
3186,1.9249692916870118
3187,1.7852394104003906
3188,2.262285614013672
3189,1.9632608413696289
3190,2.207889747619629
3191,2.053302001953125
3192,2.084051322937012
3193,1.7546104431152343
3194,1.8825374603271485
3195,1.9448480606079102
3196,1.9809791564941406
3197,1.895375633239746
3198,1.667256736755371
3199,1.9733631134033203
3200,1.8155258178710938
3201,2.102976608276367
3202,1.893931007385254
3203,2.3407169342041017
3204,2.0077062606811524
3205,1.7087642669677734
3206,1.912127685546875
3207,1.9402355194091796
3208,1.9257541656494142
3209,2.314341735839844
3210,2.096331977844238
3211,1.9424060821533202
3212,1.8575862884521483
3213,1.9584037780761718
3214,1.6013261795043945
3215,1.4050638198852539
3216,2.864588165283203
3217,1.8746429443359376
3218,2.074018669128418
3219,1.8714328765869142
3220,1.710243034362793
3221,2.536538314819336
3222,1.748184585571289
3223,2.171068572998047
3224,1.9596382141113282
3225,2.178706741333008
3226,1.8603630065917969
3227,2.1874908447265624
3228,1.9019247055053712
3229,2.1486783981323243
3230,1.8398933410644531
3231,1.763730812072754
3232,2.3005397796630858
3233,1.683901596069336
3234,2.22165470123291
3235,1.6524446487426758
3236,2.344647979736328
3237,1.8744478225708008
3238,2.0247802734375
3239,1.8469139099121095
3240,1.9161359786987304
3241,2.1043638229370116
3242,1.9133169174194335
3243,2.069021797180176
3244,2.054302978515625
3245,2.041185188293457
3246,2.216426658630371
3247,2.1999799728393556
3248,1.789968490600586
3249,1.9347768783569337
3250,2.0698867797851563
3251,1.9105718612670899
3252,1.727046012878418
3253,1.8369178771972656
3254,2.0149539947509765
3255,2.1407377243041994
3256,1.8207679748535157
3257,2.068284797668457
3258,1.8539491653442384
3259,1.733238410949707
3260,1.9801979064941406
3261,1.9033506393432618
3262,1.8467836380004883
3263,1.874410057067871
3264,1.9982597351074218
3265,1.7891012191772462
3266,1.9185291290283204
3267,2.0425703048706056
3268,1.960099983215332
3269,2.2194952011108398
3270,2.203059959411621
3271,1.964543914794922
3272,1.9295207977294921
3273,1.8038068771362306
3274,2.0423263549804687
3275,2.1638904571533204
3276,1.92669620513916
3277,1.9778915405273438
3278,1.9947473526000976
3279,1.7105947494506837
3280,1.942800521850586
3281,2.1146875381469727
3282,2.226093864440918
3283,1.7173986434936523
3284,2.0649383544921873
3285,1.8876688003540039
3286,1.919919204711914
3287,1.7150022506713867
3288,1.6386245727539062
3289,2.1836219787597657
3290,2.4399967193603516
3291,1.9474767684936523
3292,1.928408432006836
3293,1.9605253219604493
3294,2.080994987487793
3295,2.086786651611328
3296,2.074835014343262
3297,2.052354621887207
3298,2.134751892089844
3299,2.1354001998901366
3300,1.9331192016601562
3301,2.354045867919922
3302,1.9411081314086913
3303,2.3297903060913088
3304,2.6869394302368166
3305,1.901902198791504
3306,1.924398422241211
3307,2.0149648666381834
3308,1.9700458526611329
3309,1.7124553680419923
3310,2.571623420715332
3311,2.2770580291748046
3312,2.1993030548095702
3313,2.07163143157959
3314,1.9934967041015625
3315,1.8434730529785157
3316,1.959920310974121
3317,1.9084880828857422
3318,1.9459726333618164
3319,1.693502426147461
3320,2.1916231155395507
3321,2.091714859008789
3322,1.7133975982666017
3323,1.7675506591796875
3324,1.5184104919433594
3325,2.272140312194824
3326,1.889267921447754
3327,1.9923835754394532
3328,2.2701873779296875
3329,2.246226119995117
3330,2.1237314224243162
3331,1.8238876342773438
3332,2.154008674621582
3333,2.1284847259521484
3334,1.785776710510254
3335,1.7594264984130858
3336,2.2508319854736327
3337,2.3208290100097657
3338,2.1744644165039064
3339,2.202291488647461
3340,2.053686332702637
3341,1.9974201202392579
3342,1.8778657913208008
3343,1.9045328140258788
3344,1.8500137329101562
3345,2.064213180541992
3346,2.1928056716918944
3347,2.0648265838623048
3348,1.8944818496704101
3349,2.2204185485839845
3350,2.00714225769043
3351,1.9226394653320313
3352,1.9164674758911133
3353,1.895650291442871
3354,2.388304328918457
3355,1.8334465026855469
3356,1.899428939819336
3357,1.9554130554199218
3358,1.8789281845092773
3359,1.8451034545898437
3360,2.034666061401367
3361,1.7714004516601562
3362,1.882247543334961
3363,1.670480728149414
3364,1.890824317932129
3365,2.196841239929199
3366,1.9985679626464843
3367,1.7014583587646483
3368,2.233281135559082
3369,1.772678756713867
3370,2.1545555114746096
3371,1.5557106018066407
3372,1.9071374893188477
3373,2.154919242858887
3374,2.521104621887207
3375,1.969397735595703
3376,2.022105598449707
3377,2.076163101196289
3378,2.041373062133789
3379,1.9398006439208983
3380,2.307420349121094
3381,1.9731878280639648
3382,2.2217016220092773
3383,2.1299633026123046
3384,1.616378402709961
3385,2.097076988220215
3386,2.0528518676757814
3387,2.2636032104492188
3388,2.0620609283447267
3389,1.916030502319336
3390,2.3143543243408202
3391,1.9692811965942383
3392,2.157450294494629
3393,1.8845159530639648
3394,1.8106676101684571
3395,2.2078176498413087
3396,2.1228912353515623
3397,1.6943304061889648
3398,2.0951366424560547
3399,2.1399457931518553
3400,1.8778413772583007
3401,2.2295886993408205
3402,2.0493566513061525
3403,2.0760622024536133
3404,1.8884553909301758
3405,1.920140266418457
3406,2.146602821350098
3407,1.8206571578979491
3408,1.9900421142578124
3409,2.4587377548217773
3410,2.321426582336426
3411,2.0566200256347655
3412,1.8369668960571288
3413,2.0629114151000976
3414,2.2932119369506836
3415,2.107676696777344
3416,2.0864757537841796
3417,1.9586685180664063
3418,1.7924341201782226
3419,1.883662223815918
3420,1.9277576446533202
3421,2.3865917205810545
3422,2.0114166259765627
3423,1.8293630599975585
3424,1.8594263076782227
3425,1.7961027145385742
3426,2.144399070739746
3427,2.096253776550293
3428,2.053849220275879
3429,2.1240009307861327
3430,2.2334787368774416
3431,1.8417955398559571
3432,2.025139045715332
3433,2.080172538757324
3434,2.1209217071533204
3435,2.012099838256836
3436,2.2962722778320312
3437,1.5500494956970214
3438,2.2230939865112305
3439,2.0086435317993163
3440,2.30502986907959
3441,2.0371797561645506
3442,2.096915054321289
3443,1.4265315055847168
3444,2.181165885925293
3445,2.091535758972168
3446,1.8939043045043946
3447,1.9598567962646485
3448,1.9975090026855469
3449,2.1795597076416016
3450,1.7730770111083984
3451,1.7852207183837892
3452,2.185440444946289
3453,1.914217758178711
3454,1.8939977645874024
3455,2.1617509841918947
3456,1.7444252014160155
3457,1.932992935180664
3458,1.961796760559082
3459,1.9894241333007812
3460,2.088323974609375
3461,2.0282215118408202
3462,2.3702178955078126
3463,1.7931663513183593
3464,1.7064769744873047
3465,2.534880447387695
3466,1.7911998748779296
3467,1.8901552200317382
3468,1.785301971435547
3469,1.7513681411743165
3470,2.0783992767333985
3471,1.616103744506836
3472,2.2101680755615236
3473,1.9380739212036133
3474,2.077506256103516
3475,1.8824808120727539
3476,1.7695341110229492
3477,2.059664726257324
3478,1.8357906341552734
3479,1.8121526718139649
3480,2.1055511474609374
3481,2.0975273132324217
3482,1.8720020294189452
3483,2.048930358886719
3484,2.1318243026733397
3485,2.336252975463867
3486,2.3649194717407225
3487,2.2123943328857423
3488,1.8742120742797852
3489,2.140464210510254
3490,1.9307563781738282
3491,1.607621955871582
3492,2.1308467864990233
3493,1.5042681694030762
3494,1.8277294158935546
3495,1.6140357971191406
3496,1.9966154098510742
3497,2.3243124008178713
3498,2.0812423706054686
3499,1.8683099746704102
3500,2.129172515869141
3501,1.8888473510742188
3502,1.8994272232055665
3503,1.851351547241211
3504,1.8642053604125977
3505,1.8872894287109374
3506,1.8894088745117188
3507,2.0908666610717774
3508,1.469148540496826
3509,2.399350166320801
3510,1.7387908935546874
3511,1.8054071426391602
3512,2.049878692626953
3513,1.8823741912841796
3514,1.9036800384521484
3515,1.883428192138672
3516,2.09545783996582
3517,1.8075136184692382
3518,1.8058338165283203
3519,2.0839206695556642
3520,1.8658903121948243
3521,2.254290008544922
3522,1.7401924133300781
3523,2.067424774169922
3524,2.285832977294922
3525,1.9509954452514648
3526,1.9272893905639648
3527,1.8472349166870117
3528,2.0831220626831053
3529,1.905158233642578
3530,1.8154794692993164
3531,1.8880863189697266
3532,1.7892833709716798
3533,1.9665285110473634
3534,1.9677301406860352
3535,2.1169233322143555
3536,1.968543815612793
3537,2.043552780151367
3538,1.6086633682250977
3539,2.023393440246582
3540,2.1706796646118165
3541,2.1755666732788086
3542,2.0770423889160154
3543,2.0530017852783202
3544,1.931100082397461
3545,1.9132816314697265
3546,1.724978256225586
3547,1.8799066543579102
3548,2.065372657775879
3549,1.7342857360839843
3550,1.9549354553222655
3551,2.1576318740844727
3552,2.320599174499512
3553,2.1063880920410156
3554,1.9093175888061524
3555,1.7438573837280273
3556,1.859598159790039
3557,2.180224609375
3558,2.2476654052734375
3559,2.020597457885742
3560,2.135890769958496
3561,1.9980192184448242
3562,1.6208436965942383
3563,1.9872930526733399
3564,1.678131103515625
3565,2.2495588302612304
3566,1.977243423461914
3567,2.1525497436523438
3568,1.973611068725586
3569,1.8171831130981446
3570,1.866155242919922
3571,1.7242721557617187
3572,2.0551076889038087
3573,1.835965347290039
3574,2.271475410461426
3575,1.8679637908935547
3576,2.1778173446655273
3577,2.1067996978759767
3578,2.0079044342041015
3579,2.2597475051879883
3580,2.240825080871582
3581,2.1303327560424803
3582,2.069268798828125
3583,2.1429218292236327
3584,1.566080379486084
3585,2.025976371765137
3586,1.9566839218139649
3587,1.6891191482543946
3588,1.9196386337280273
3589,2.4907114028930666
3590,1.7933813095092774
3591,1.892463493347168
3592,2.1209945678710938
3593,1.982156753540039
3594,1.5871642112731934
3595,2.216537857055664
3596,2.183296012878418
3597,1.958734130859375
3598,1.838389015197754
3599,2.168207359313965
3600,2.029084396362305
3601,2.0902565002441404
3602,1.8363819122314453
3603,1.841761589050293
3604,2.169224739074707
3605,2.0420665740966797
3606,1.7086467742919922
3607,1.8575889587402343
3608,2.1588003158569338
3609,2.2599315643310547
3610,2.031932067871094
3611,2.113722801208496
3612,2.6019412994384767
3613,1.9169706344604491
3614,2.1360805511474608
3615,1.985514259338379
3616,1.7931819915771485
3617,1.5637441635131837
3618,1.8611946105957031
3619,1.8673416137695313
3620,1.696286964416504
3621,1.9698551177978516
3622,1.91029052734375
3623,2.2097267150878905
3624,2.45416374206543
3625,1.760546875
3626,2.1893692016601562
3627,2.0815446853637694
3628,1.9367477416992187
3629,1.8866369247436523
3630,1.837114143371582
3631,2.4424322128295897
3632,1.8034954071044922
3633,2.1145328521728515
3634,1.9075044631958007
3635,2.5729907989501952
3636,2.0054527282714845
3637,2.245100212097168
3638,2.2602397918701174
3639,1.904320526123047
3640,2.0639936447143556
3641,2.052997589111328
3642,1.9730297088623048
3643,1.9498115539550782
3644,1.8989913940429688
3645,1.6708215713500976
3646,2.1173227310180662
3647,2.241163635253906
3648,2.0516899108886717
3649,2.2455963134765624
3650,2.1007902145385744
3651,1.917901611328125
3652,2.2839269638061523
3653,1.8884517669677734
3654,2.26290340423584
3655,2.1301462173461916
3656,1.64295654296875
3657,1.9246534347534179
3658,2.009334182739258
3659,2.1748327255249023
3660,2.1124504089355467
3661,2.0502052307128906
3662,2.0167991638183596
3663,2.1508007049560547
3664,2.0037778854370116
3665,1.8797534942626952
3666,1.735395622253418
3667,2.2383228302001954
3668,1.7290693283081056
3669,1.9335796356201171
3670,2.0191604614257814
3671,1.7216571807861327
3672,1.998968505859375
3673,2.293936347961426
3674,1.8710340499877929
3675,2.0587059020996095
3676,1.7480951309204102
3677,1.8829038619995118
3678,2.490167999267578
3679,2.0053068161010743
3680,1.6603460311889648
3681,2.3163196563720705
3682,2.0416322708129884
3683,1.7978113174438477
3684,1.953282356262207
3685,1.95845947265625
3686,2.091657829284668
3687,2.3021448135375975
3688,1.5294870376586913
3689,1.9843198776245117
3690,2.073406791687012
3691,1.9578914642333984
3692,1.8935174942016602
3693,2.0707473754882812
3694,2.130925178527832
3695,1.956129264831543
3696,1.9775493621826172
3697,2.225095748901367
3698,1.909073257446289
3699,1.9006261825561523
3700,2.0381702423095702
3701,1.9656862258911132
3702,1.9894126892089843
3703,1.9988180160522462
3704,1.8995315551757812
3705,1.8923473358154297
3706,1.987959098815918
3707,2.529567909240723
3708,1.8036577224731445
3709,1.7918447494506835
3710,1.8953493118286133
3711,1.7653398513793945
3712,2.081155776977539
3713,1.8797136306762696
3714,1.78988037109375
3715,2.0018875122070314
3716,2.11023006439209
3717,1.9335628509521485
3718,2.0867870330810545
3719,1.8182758331298827
3720,2.0198591232299803
3721,2.116893196105957
3722,2.2260366439819337
3723,1.9278776168823242
3724,2.247524642944336
3725,2.3010461807250975
3726,1.830622100830078
3727,2.0693185806274412
3728,1.8153043746948243
3729,1.7785449981689454
3730,1.8919036865234375
3731,2.0894412994384766
3732,1.9527790069580078
3733,2.2358068466186523
3734,2.1728387832641602
3735,1.9861398696899415
3736,2.014390563964844
3737,2.0268407821655274
3738,2.0701417922973633
3739,2.161164665222168
3740,1.7487115859985352
3741,1.9557012557983398
3742,1.923363494873047
3743,1.7449134826660155
3744,2.331618309020996
3745,1.93023738861084
3746,2.0475231170654298
3747,2.039840316772461
3748,2.5178501129150392
3749,2.1378082275390624
3750,1.7259126663208009
3751,1.8857000350952149
3752,2.037266159057617
3753,1.959039306640625
3754,1.9408514022827148
3755,2.2848831176757813
3756,1.7984350204467774
3757,1.3531009674072265
3758,2.2598711013793946
3759,2.023694610595703
3760,2.343733215332031
3761,1.8658159255981446
3762,2.1290916442871093
3763,1.934040641784668
3764,1.8346805572509766
3765,1.8159530639648438
3766,1.8264331817626953
3767,2.061124801635742
3768,2.104460525512695
3769,2.0360937118530273
3770,1.6609231948852539
3771,1.8007991790771485
3772,2.1484163284301756
3773,1.7018314361572267
3774,2.115204429626465
3775,2.0586957931518555
3776,1.7920217514038086
3777,1.8887924194335937
3778,2.082708549499512
3779,1.6780853271484375
3780,2.1522602081298827
3781,2.201209831237793
3782,2.1825796127319337
3783,1.77691593170166
3784,2.1555747985839844
3785,1.6618633270263672
3786,1.860537338256836
3787,2.173117446899414
3788,2.146779251098633
3789,2.1301937103271484
3790,2.1580408096313475
3791,1.8306358337402344
3792,1.9335050582885742
3793,2.361288833618164
3794,1.4093315124511718
3795,2.145032501220703
3796,2.382160949707031
3797,2.1887910842895506
3798,1.6255199432373046
3799,2.0891511917114256
3800,1.9795347213745118
3801,2.3030487060546876
3802,1.8195701599121095
3803,1.959065818786621
3804,1.9289724349975585
3805,1.860391616821289
3806,1.847650146484375
3807,1.790145492553711
3808,2.0747684478759765
3809,2.0425662994384766
3810,1.8753999710083007
3811,2.153813362121582
3812,1.9063238143920898
3813,1.5644286155700684
3814,1.7663267135620118
3815,2.3041759490966798
3816,1.8071586608886718
3817,1.7929855346679688
3818,1.8562089920043945
3819,1.7820001602172852
3820,2.1070278167724608
3821,1.936332893371582
3822,1.6281991958618165
3823,1.983873176574707
3824,2.1345701217651367
3825,1.9695343017578124
3826,2.0214345932006834
3827,2.059867286682129
3828,1.886623001098633
3829,2.037413787841797
3830,1.458472442626953
3831,1.9655269622802733
3832,1.674050521850586
3833,2.4084747314453123
3834,1.7739950180053712
3835,1.9654949188232422
3836,1.8178600311279296
3837,1.8594732284545898
3838,1.8582599639892579
3839,1.855717086791992
3840,2.1473926544189452
3841,1.8260334014892579
3842,1.7708206176757812
3843,1.9655269622802733
3844,2.0059650421142576
3845,1.8742710113525392
3846,2.4922298431396483
3847,1.935216522216797
3848,1.5899646759033204
3849,1.9069280624389648
3850,1.7510087966918946
3851,1.8674348831176757
3852,2.094642448425293
3853,2.1629209518432617
3854,1.8947717666625976
3855,1.8008359909057616
3856,2.0838356018066406
3857,1.760927963256836
3858,1.7380666732788086
3859,1.8892242431640625
3860,2.715133285522461
3861,1.99664249420166
3862,2.132150650024414
3863,1.70125732421875
3864,1.9372428894042968
3865,1.8364950180053712
3866,2.0692523956298827
3867,1.8587255477905273
3868,2.16629695892334
3869,2.166236686706543
3870,1.7315982818603515
3871,1.7804576873779296
3872,1.6914003372192383
3873,2.1428409576416017
3874,2.247412109375
3875,2.2972105026245115
3876,2.27988338470459
3877,1.9961959838867187
3878,1.805027389526367
3879,1.936640167236328
3880,2.092119598388672
3881,2.485746955871582
3882,1.8993215560913086
3883,2.326260566711426
3884,2.242378044128418
3885,2.024013900756836
3886,1.6317720413208008
3887,2.291207695007324
3888,2.0614927291870115
3889,1.935940933227539
3890,1.7343372344970702
3891,1.9371593475341797
3892,1.6999683380126953
3893,1.7776498794555664
3894,1.8264730453491211
3895,1.9897260665893555
3896,1.8973844528198243
3897,1.9379938125610352
3898,1.8007413864135742
3899,2.077178382873535
3900,2.006453514099121
3901,1.798248863220215
3902,2.0383750915527346
3903,2.110181427001953
3904,1.84921875
3905,1.9801025390625
3906,2.536604309082031
3907,2.008987236022949
3908,2.0792097091674804
3909,1.7855304718017577
3910,2.015738296508789
3911,2.1882614135742187
3912,2.0512481689453126
3913,1.8102544784545898
3914,1.7656330108642577
3915,2.0148857116699217
3916,2.1169763565063477
3917,1.9665985107421875
3918,1.8581066131591797
3919,1.93219051361084
3920,1.9579648971557617
3921,2.0812362670898437
3922,1.9969547271728516
3923,1.9478910446166993
3924,1.8901948928833008
3925,1.810552215576172
3926,1.9379987716674805
3927,2.081542205810547
3928,2.053467559814453
3929,2.055575370788574
3930,1.8413942337036133
3931,1.7750394821166993
3932,2.275074005126953
3933,2.227585792541504
3934,2.112440299987793
3935,1.8762189865112304
3936,2.1399343490600584
3937,1.8351741790771485
3938,1.7930471420288085
3939,2.0059701919555666
3940,1.8933414459228515
3941,2.0069320678710936
3942,2.0173559188842773
3943,1.7150955200195312
3944,2.04376335144043
3945,2.0401031494140627
3946,2.0251138687133787
3947,1.9281646728515625
3948,1.7786216735839844
3949,1.4895309448242187
3950,2.1352495193481444
3951,1.9806146621704102
3952,2.4675834655761717
3953,1.600804901123047
3954,1.9589752197265624
3955,1.8872922897338866
3956,1.7287044525146484
3957,1.9246000289916991
3958,2.010980415344238
3959,1.8616167068481446
3960,1.8893108367919922
3961,2.362999153137207
3962,1.8383501052856446
3963,1.6736753463745118
3964,1.742441177368164
3965,2.1032716751098635
3966,1.980586051940918
3967,1.7968305587768554
3968,2.0007757186889648
3969,1.8968133926391602
3970,2.004689407348633
3971,1.6404220581054687
3972,1.8461034774780274
3973,1.6459033966064454
3974,1.828317642211914
3975,1.6663551330566406
3976,1.924466323852539
3977,2.4865819931030275
3978,1.8453529357910157
3979,1.876729393005371
3980,1.9399972915649415
3981,1.9273679733276368
3982,1.8740827560424804
3983,2.0774747848510744
3984,1.6212711334228516
3985,1.7755277633666993
3986,2.232167625427246
3987,2.2776580810546876
3988,2.0471046447753904
3989,2.276597595214844
3990,1.890797233581543
3991,2.0982879638671874
3992,1.885321044921875
3993,1.5778435707092284
3994,1.981560516357422
3995,1.8327423095703126
3996,1.7134199142456055
3997,1.7340047836303711
3998,1.9981691360473632
3999,1.5445846557617187
4000,1.8988527297973632
4001,1.8994482040405274
4002,1.8198925018310548
4003,1.9041025161743164
4004,1.6198457717895507
4005,2.0018426895141603
4006,1.840414810180664
4007,1.9072023391723634
4008,2.004070854187012
4009,2.3046543121337892
4010,2.14085693359375
4011,1.97664794921875
4012,1.7392591476440429
4013,1.8361328125
4014,1.9406408309936523
4015,1.698436164855957
4016,2.079647254943848
4017,1.7236978530883789
4018,1.7790008544921876
4019,1.8544116973876954
4020,1.6517053604125977
4021,2.4172122955322264
4022,2.1378074645996095
4023,2.0775909423828125
4024,2.0119722366333006
4025,1.8016212463378907
4026,2.0457378387451173
4027,1.8665277481079101
4028,1.9094541549682618
4029,2.0591211318969727
4030,2.3236515045166017
4031,1.8759090423583984
4032,2.0074161529541015
4033,2.0117292404174805
4034,1.8599708557128907
4035,1.6441720962524413
4036,1.936185073852539
4037,2.1012523651123045
4038,2.1986209869384767
4039,1.3888318061828613
4040,1.4398950576782226
4041,1.7201942443847655
4042,2.1878030776977537
4043,2.1573490142822265
4044,2.2668472290039063
4045,2.0718814849853517
4046,2.3423160552978515
4047,2.161994743347168
4048,1.9215187072753905
4049,2.0543277740478514
4050,2.0295412063598635
4051,2.1935497283935548
4052,2.4307271957397463
4053,1.4799049377441407
4054,1.8411090850830079
4055,2.1692867279052734
4056,2.0269287109375
4057,1.9488616943359376
4058,1.9241697311401367
4059,2.062451934814453
4060,2.428340721130371
4061,2.2096782684326173
4062,2.1183231353759764
4063,1.7810186386108398
4064,1.9928916931152343
4065,1.7107625961303712
4066,2.6297075271606447
4067,1.8394994735717773
4068,1.8275157928466796
4069,2.1707969665527345
4070,2.1009830474853515
4071,1.7941566467285157
4072,1.8395389556884765
4073,2.0737163543701174
4074,2.0691909790039062
4075,1.9444061279296876
4076,1.882167434692383
4077,2.224561309814453
4078,1.4594115257263183
4079,2.026668167114258
4080,1.946657371520996
4081,2.164481544494629
4082,1.9738166809082032
4083,1.8987482070922852
4084,2.216676712036133
4085,1.998038101196289
4086,1.8350467681884766
4087,1.828794288635254
4088,2.0496265411376955
4089,1.9750123977661134
4090,2.0002988815307616
4091,1.941524124145508
4092,1.6895570755004883
4093,1.7534414291381837
4094,1.8239566802978515
4095,1.928802490234375
4096,1.8268009185791017
4097,1.9517822265625
4098,2.0854476928710937
4099,1.4224183082580566
4100,2.138212776184082
4101,2.2277206420898437
4102,1.9620380401611328
4103,2.3863067626953125
4104,2.01373348236084
4105,2.0446619033813476
4106,1.608774757385254
4107,1.947373390197754
4108,1.895462417602539
4109,1.9915281295776368
4110,1.9883256912231446
4111,2.374909019470215
4112,2.0950489044189453
4113,2.1400993347167967
4114,2.3169322967529298
4115,2.0412269592285157
4116,1.8708814620971679
4117,1.8197134017944336
4118,1.6062936782836914
4119,2.0242212295532225
4120,1.9817937850952148
4121,2.018878173828125
4122,1.3881051063537597
4123,1.9876955032348633
4124,2.1550451278686524
4125,1.2881269454956055
4126,2.1562921524047853
4127,2.141960334777832
4128,2.1586198806762695
4129,2.1797643661499024
4130,1.945326805114746
4131,1.9128145217895507
4132,1.7905479431152345
4133,1.7717987060546876
4134,2.322489547729492
4135,2.2430278778076174
4136,1.848310661315918
4137,2.012647247314453
4138,1.8957416534423828
4139,2.096308135986328
4140,1.8569114685058594
4141,1.8438295364379882
4142,1.8457218170166017
4143,1.9132831573486329
4144,1.8358631134033203
4145,1.7436746597290038
4146,1.8387914657592774
4147,1.5012385368347168
4148,1.7648740768432618
4149,1.8790075302124023
4150,1.832383155822754
4151,1.9045082092285157
4152,2.66094970703125
4153,1.6690435409545898
4154,1.8379074096679688
4155,2.590463638305664
4156,1.975480842590332
4157,2.0356042861938475
4158,2.0723501205444337
4159,1.8106115341186524
4160,2.0498409271240234
4161,1.8137939453125
4162,2.256096839904785
4163,1.6342361450195313
4164,1.9069761276245116
4165,1.82189884185791
4166,1.9724397659301758
4167,1.8365163803100586
4168,2.1135395050048826
4169,1.9766616821289062
4170,1.4931077003479003
4171,1.9218877792358398
4172,1.364408302307129
4173,1.9915380477905273
4174,2.0131139755249023
4175,1.9873886108398438
4176,2.1890430450439453
4177,2.160746765136719
4178,1.8780061721801757
4179,2.259553146362305
4180,1.7704336166381835
4181,1.6362360000610352
4182,2.373419761657715
4183,1.8227378845214843
4184,1.7958702087402343
4185,2.1487674713134766
4186,1.761067008972168
4187,2.2393274307250977
4188,1.6637453079223632
4189,2.2424285888671873
4190,1.872467613220215
4191,1.834587860107422
4192,2.047836494445801
4193,2.0186159133911135
4194,1.7228872299194335
4195,1.928224754333496
4196,1.991866111755371
4197,1.9525970458984374
4198,1.6906307220458985
4199,1.990376853942871
4200,2.3922962188720702
4201,1.9966381072998047
4202,1.9136676788330078
4203,2.164955902099609
4204,1.8352025985717773
4205,1.866377067565918
4206,1.9310831069946288
4207,1.8524158477783204
4208,2.6286020278930664
4209,2.0144155502319334
4210,2.043697738647461
4211,1.697458267211914
4212,2.056244659423828
4213,1.6584829330444335
4214,2.235134315490723
4215,2.2046056747436524
4216,1.9372411727905274
4217,1.5252625465393066
4218,1.9737115859985352
4219,1.992783546447754
4220,1.6138494491577149
4221,2.228120803833008
4222,2.338691520690918
4223,1.6065309524536133
4224,2.100389289855957
4225,1.9560174942016602
4226,1.9900348663330079
4227,1.6627708435058595
4228,1.5082422256469727
4229,1.6926668167114258
4230,1.9066547393798827
4231,2.046755790710449
4232,2.0377008438110353
4233,1.9640382766723632
4234,1.6966794967651366
4235,2.1819887161254883
4236,1.886478805541992
4237,2.0337892532348634
4238,2.2058950424194337
4239,1.8667516708374023
4240,1.982373046875
4241,1.9734899520874023
4242,2.1246368408203127
4243,1.9238079071044922
4244,1.7357585906982422
4245,1.999903106689453
4246,1.8462703704833985
4247,1.8083456039428711
4248,1.722488021850586
4249,2.006036567687988
4250,1.8022109985351562
4251,2.219728469848633
4252,1.7892621994018554
4253,1.7248926162719727
4254,1.805429458618164
4255,1.9699504852294922
4256,2.200991630554199
4257,1.5743839263916015
4258,1.9537155151367187
4259,2.157579803466797
4260,1.6807826995849608
4261,2.0187519073486326
4262,1.7481346130371094
4263,2.0182403564453124
4264,2.1482269287109377
4265,1.7739692687988282
4266,1.7202951431274414
4267,1.9593734741210938
4268,2.2031497955322266
4269,2.4736024856567385
4270,2.2447031021118162
4271,1.9931312561035157
4272,1.752303123474121
4273,1.90634765625
4274,1.8793643951416015
4275,1.924722671508789
4276,1.9867216110229493
4277,2.4003843307495116
4278,1.9742033004760742
4279,2.0013036727905273
4280,1.6055831909179688
4281,2.068292427062988
4282,2.204012870788574
4283,2.0980443954467773
4284,2.1263107299804687
4285,2.3290683746337892
4286,1.707713508605957
4287,1.9728700637817382
4288,2.0433412551879884
4289,2.06237907409668
4290,2.3910655975341797
4291,1.9360546112060546
4292,2.1079084396362306
4293,1.9722892761230468
4294,1.7263668060302735
4295,2.1599958419799803
4296,2.943730354309082
4297,1.993337631225586
4298,2.3733816146850586
4299,2.1075956344604494
4300,1.6747665405273438
4301,1.968294906616211
4302,2.354846382141113
4303,1.9228126525878906
4304,1.9327590942382813
4305,2.030288887023926
4306,2.122988700866699
4307,2.1234922409057617
4308,2.1493839263916015
4309,2.15103759765625
4310,2.0206315994262694
4311,1.8778308868408202
4312,2.020712471008301
4313,1.8324857711791993
4314,1.6593149185180665
4315,2.0234766006469727
4316,1.4493193626403809
4317,2.006591796875
4318,2.1724826812744142
4319,2.0468938827514647
4320,2.0905324935913088
4321,1.6597478866577149
4322,1.902115249633789
4323,2.1307674407958985
4324,1.8724729537963867
4325,2.270249366760254
4326,1.696182632446289
4327,1.8969295501708985
4328,1.916292953491211
4329,1.9147966384887696
4330,1.7496850967407227
4331,1.991913414001465
4332,2.3597314834594725
4333,2.3943784713745115
4334,1.3669013023376464
4335,2.1250421524047853
4336,2.5775115966796873
4337,1.975086784362793
4338,2.023695182800293
4339,2.0775001525878904
4340,1.9094738006591796
4341,1.998225784301758
4342,1.6312761306762695
4343,1.6549144744873048
4344,2.449688720703125
4345,2.389973449707031
4346,1.914687156677246
4347,2.2463794708251954
4348,2.3736032485961913
4349,2.6343170166015626
4350,1.9677677154541016
4351,2.030929946899414
4352,2.1825841903686523
4353,1.7664615631103515
4354,1.9665380477905274
4355,1.9854982376098633
4356,2.0120845794677735
4357,1.8983890533447265
4358,2.2839048385620115
4359,2.15555419921875
4360,1.9548925399780273
4361,1.9841079711914062
4362,2.0901296615600584
4363,1.8783357620239258
4364,2.410370445251465
4365,2.054949188232422
4366,1.7864225387573243
4367,2.233588218688965
4368,2.059836769104004
4369,1.7518348693847656
4370,2.215913009643555
4371,1.940150833129883
4372,2.516510581970215
4373,1.8015840530395508
4374,2.4362001419067383
4375,2.0240009307861326
4376,1.926605224609375
4377,2.071760559082031
4378,1.9127504348754882
4379,2.0995691299438475
4380,1.9273849487304688
4381,1.5969375610351562
4382,1.8522760391235351
4383,1.6762908935546874
4384,2.3052988052368164
4385,2.01342658996582
4386,1.9301332473754882
4387,1.660172462463379
4388,2.545833969116211
4389,1.864280891418457
4390,2.0308061599731446
4391,1.679970932006836
4392,1.8790197372436523
4393,1.4727901458740233
4394,1.780522346496582
4395,1.9246410369873046
4396,1.9148031234741212
4397,1.9380512237548828
4398,2.284023475646973
4399,1.9466005325317384
4400,1.9008613586425782
4401,1.8808107376098633
4402,1.921583366394043
4403,1.9420148849487304
4404,1.7676748275756835
4405,2.1016984939575196
4406,2.042699432373047
4407,2.6110227584838865
4408,1.879496192932129
4409,2.0922908782958984
4410,2.0512704849243164
4411,2.1253742218017577
4412,2.0292079925537108
4413,2.0151187896728517
4414,2.3338817596435546
4415,1.9769765853881835
4416,2.2323993682861327
4417,1.5681364059448242
4418,1.961533546447754
4419,2.0783872604370117
4420,1.6143463134765625
4421,2.2570493698120115
4422,1.8836633682250976
4423,2.1496252059936523
4424,2.1193008422851562
4425,2.010735511779785
4426,2.1492156982421875
4427,2.1353811264038085
4428,1.9495988845825196
4429,1.569410228729248
4430,1.8885129928588866
4431,2.1033351898193358
4432,1.8447669982910155
4433,1.9162351608276367
4434,1.9510082244873046
4435,1.9451555252075194
4436,1.9963926315307616
4437,1.8489755630493163
4438,2.2028118133544923
4439,1.9867773056030273
4440,2.069966506958008
4441,1.9894899368286132
4442,1.587923812866211
4443,1.9574922561645507
4444,2.4184137344360352
4445,1.5195289611816407
4446,1.9685981750488282
4447,1.8866004943847656
4448,1.739140510559082
4449,2.2186452865600588
4450,2.4694984436035154
4451,1.8705148696899414
4452,1.9052518844604491
4453,1.6663082122802735
4454,2.568989562988281
4455,2.045044708251953
4456,1.9380081176757813
4457,2.080258369445801
4458,1.83679256439209
4459,2.021042251586914
4460,2.192125129699707
4461,1.6958309173583985
4462,1.7549760818481446
4463,1.9882043838500976
4464,2.2503969192504885
4465,1.8961189270019532
4466,2.140652084350586
4467,2.486367607116699
4468,2.0032346725463865
4469,1.8046449661254882
4470,2.2469932556152346
4471,1.628386878967285
4472,2.0139257431030275
4473,2.007379913330078
4474,1.8854049682617187
4475,1.8454307556152343
4476,1.7061733245849608
4477,1.6593088150024413
4478,1.6738431930541993
4479,1.9371427536010741
4480,1.7165088653564453
4481,2.419916534423828
4482,2.432945442199707
4483,1.8315214157104491
4484,2.0007410049438477
4485,1.8902374267578126
4486,2.460164451599121
4487,1.8434162139892578
4488,2.271354103088379
4489,1.8177602767944336
4490,1.9466119766235352
4491,1.4453702926635743
4492,1.9158248901367188
4493,1.932653045654297
4494,2.0886138916015624
4495,1.9697589874267578
4496,1.9882484436035157
4497,2.183957099914551
4498,1.9693260192871094
4499,2.4084751129150392
4500,1.8186594009399415
4501,1.7700738906860352
4502,1.9174180984497071
4503,2.115486717224121
4504,1.8183141708374024
4505,1.7616302490234375
4506,2.3337680816650392
4507,2.21280517578125
4508,2.3654201507568358
4509,1.8662101745605468
4510,2.0643115997314454
4511,1.803660011291504
4512,1.8534990310668946
4513,1.828255844116211
4514,2.066941261291504
4515,2.101836585998535
4516,2.1634586334228514
4517,2.1576271057128906
4518,2.291296195983887
4519,2.0508138656616213
4520,1.8884943008422852
4521,2.257468605041504
4522,2.0030887603759764
4523,2.048259162902832
4524,1.66912899017334
4525,1.7405279159545899
4526,2.2587106704711912
4527,1.9487184524536132
4528,1.7454769134521484
4529,1.6275836944580078
4530,1.8516357421875
4531,2.0853858947753907
4532,1.8417869567871095
4533,1.722985076904297
4534,2.445301628112793
4535,1.684222412109375
4536,2.0289379119873048
4537,1.7207466125488282
4538,2.2182493209838867
4539,1.9467424392700194
4540,2.254934883117676
4541,2.273217964172363
4542,2.0208642959594725
4543,2.338728332519531
4544,1.6503759384155274
4545,2.347075080871582
4546,2.3153324127197266
4547,2.229600524902344
4548,2.1090625762939452
4549,1.9962913513183593
4550,2.0943315505981444
4551,1.8404830932617187
4552,2.06109733581543
4553,2.086103820800781
4554,2.0144380569458007
4555,1.7673114776611327
4556,2.039463996887207
4557,2.2939125061035157
4558,2.1926271438598635
4559,1.9073991775512695
4560,2.2439857482910157
4561,2.000357246398926
4562,2.2523685455322267
4563,1.7870895385742187
4564,2.050891304016113
4565,1.581324291229248
4566,1.8925806045532227
4567,1.946649932861328
4568,2.096932601928711
4569,2.392527770996094
4570,1.6416324615478515
4571,1.8375825881958008
4572,2.1003562927246096
4573,1.5503209114074707
4574,2.019455909729004
4575,1.7472394943237304
4576,2.1387731552124025
4577,2.114497756958008
4578,2.330866241455078
4579,1.3867853164672852
4580,1.7592035293579102
4581,1.627016830444336
4582,2.0618431091308596
4583,2.303973388671875
4584,1.7865249633789062
4585,1.9673599243164062
4586,1.6748998641967774
4587,2.0598285675048826
4588,1.9889270782470703
4589,2.0432765960693358
4590,2.022259521484375
4591,1.6760774612426759
4592,1.8123449325561523
4593,1.9472127914428712
4594,2.0808353424072266
4595,1.770284080505371
4596,2.034958839416504
4597,2.0065534591674803
4598,1.7069063186645508
4599,2.107874870300293
4600,2.1890371322631834
4601,1.5515751838684082
4602,1.806802749633789
4603,2.0014657974243164
4604,1.6509408950805664
4605,1.579754638671875
4606,2.0996776580810548
4607,2.1441526412963867
4608,1.969854736328125
4609,1.9546453475952148
4610,1.9958919525146483
4611,2.0146570205688477
4612,1.8638265609741211
4613,1.91577205657959
4614,1.6455116271972656
4615,2.557997131347656
4616,1.5029705047607422
4617,1.8425895690917968
4618,1.9281049728393556
4619,2.06874942779541
4620,1.8163515090942384
4621,1.9201620101928711
4622,2.3114046096801757
4623,2.3364891052246093
4624,1.7576887130737304
4625,1.9620832443237304
4626,1.9184820175170898
4627,2.146444892883301
4628,2.3129318237304686
4629,2.2212156295776366
4630,1.9702033996582031
4631,1.932012176513672
4632,1.5452021598815917
4633,2.2424266815185545
4634,1.9181716918945313
4635,2.1410524368286135
4636,2.1891746520996094
4637,1.7451675415039063
4638,1.9937810897827148
4639,1.8648967742919922
4640,1.6619382858276368
4641,2.265029716491699
4642,1.8789339065551758
4643,1.8215877532958984
4644,2.026093864440918
4645,2.0075714111328127
4646,1.9691244125366212
4647,1.6145742416381836
4648,1.7298864364624023
4649,2.0360177993774413
4650,1.6325693130493164
4651,1.701484489440918
4652,1.9859474182128907
4653,1.88055419921875
4654,1.9700536727905273
4655,1.8745237350463868
4656,2.062648582458496
4657,1.8764480590820312
4658,1.921483612060547
4659,2.0026212692260743
4660,2.0420146942138673
4661,1.912705421447754
4662,2.0520151138305662
4663,2.1823308944702147
4664,2.4696977615356444
4665,2.242437744140625
4666,2.002379608154297
4667,1.9800411224365235
4668,2.387883758544922
4669,1.8394489288330078
4670,1.660545539855957
4671,2.0621461868286133
4672,1.622064971923828
4673,2.4026187896728515
4674,1.9525951385498046
4675,1.9031122207641602
4676,1.9144386291503905
4677,2.0429847717285154
4678,2.028595542907715
4679,2.109834671020508
4680,1.8007823944091796
4681,1.686998176574707
4682,2.2411033630371096
4683,2.2292192459106444
4684,1.365588665008545
4685,1.9129364013671875
4686,1.962843132019043
4687,1.668172264099121
4688,1.929239845275879
4689,2.33038215637207
4690,2.01651611328125
4691,1.5741352081298827
4692,1.9940284729003905
4693,1.9524360656738282
4694,1.3947832107543945
4695,1.8373260498046875
4696,2.1474639892578127
4697,1.9235916137695312
4698,1.7424205780029296
4699,1.6730772018432618
4700,2.064069938659668
4701,2.143966293334961
4702,1.9389673233032227
4703,2.1598888397216798
4704,2.1912370681762696
4705,1.7659595489501954
4706,1.8674692153930663
4707,2.149201011657715
4708,1.6876306533813477
4709,1.9089176177978515
4710,1.7709903717041016
4711,2.0956729888916015
4712,2.4868064880371095
4713,2.0380115509033203
4714,2.2182897567749023
4715,1.9586307525634765
4716,1.9665815353393554
4717,1.7910886764526368
4718,1.771890640258789
4719,1.8461463928222657
4720,1.948849868774414
4721,2.309245300292969
4722,1.8999853134155273
4723,1.4517505645751954
4724,1.8428333282470704
4725,1.619036865234375
4726,1.9260147094726563
4727,2.026089668273926
4728,1.9811468124389648
4729,2.161745071411133
4730,2.256255531311035
4731,1.781697654724121
4732,1.4389076232910156
4733,2.1356328964233398
4734,2.2948917388916015
4735,2.081863594055176
4736,1.986050796508789
4737,1.9602367401123046
4738,2.0316135406494142
4739,2.112439727783203
4740,2.093239974975586
4741,2.2652914047241213
4742,1.7411796569824218
4743,2.020389747619629
4744,1.6196149826049804
4745,1.9749742507934571
4746,1.7255552291870118
4747,1.6628631591796874
4748,1.5148761749267579
4749,2.0384849548339843
4750,1.9061132431030274
4751,2.2960536956787108
4752,2.1260379791259765
4753,1.7256338119506835
4754,1.8977645874023437
4755,1.7585382461547852
4756,1.852131462097168
4757,2.4402570724487305
4758,1.8444280624389648
4759,1.9395593643188476
4760,1.7977298736572265
4761,2.010471725463867
4762,2.2049259185791015
4763,1.8669929504394531
4764,2.495702362060547
4765,1.817290687561035
4766,1.8152515411376953
4767,1.8232702255249023
4768,1.9687328338623047
4769,1.9067535400390625
4770,2.0694210052490236
4771,2.0697795867919924
4772,1.9933244705200195
4773,2.7441211700439454
4774,2.2232683181762694
4775,2.0578323364257813
4776,2.0012699127197267
4777,2.141830825805664
4778,2.1135881423950194
4779,1.7152172088623048
4780,1.7050662994384767
4781,2.307480049133301
4782,2.155455780029297
4783,2.3408878326416014
4784,1.833338165283203
4785,2.1195537567138674
4786,2.0728002548217774
4787,1.9048782348632813
4788,2.1205541610717775
4789,2.3171892166137695
4790,1.527225875854492
4791,1.907625389099121
4792,1.8711437225341796
4793,1.8010181427001952
4794,2.0296077728271484
4795,1.8432723999023437
4796,2.0397855758666994
4797,2.01039981842041
4798,1.9500770568847656
4799,2.1809011459350587
4800,1.9307994842529297
4801,2.0261178970336915
4802,1.581352424621582
4803,1.6917959213256837
4804,1.917699432373047
4805,1.8257240295410155
4806,2.247035598754883
4807,1.3935203552246094
4808,2.016355514526367
4809,2.0794496536254883
4810,2.2133821487426757
4811,1.850657844543457
4812,1.8250900268554688
4813,1.8523698806762696
4814,2.141116142272949
4815,1.9751031875610352
4816,1.8961259841918945
4817,2.0600229263305665
4818,1.7302213668823243
4819,1.8392816543579102
4820,1.5781213760375976
4821,1.8850709915161132
4822,1.940165901184082
4823,1.5400810241699219
4824,2.0126970291137694
4825,2.3469738006591796
4826,1.8202829360961914
4827,1.7334501266479492
4828,1.9461709976196289
4829,2.126566696166992
4830,1.6216938018798828
4831,1.5665202140808105
4832,1.8990873336791991
4833,1.8498077392578125
4834,2.112244415283203
4835,1.8595422744750976
4836,1.8400983810424805
4837,1.9681352615356444
4838,2.302629089355469
4839,2.1777904510498045
4840,1.917333984375
4841,2.0159784317016602
4842,1.7850086212158203
4843,2.3482280731201173
4844,1.6545064926147461
4845,2.3300662994384767
4846,2.1082372665405273
4847,1.8416091918945312
4848,2.148371124267578
4849,2.1744184494018555
4850,2.129339599609375
4851,2.0023256301879884
4852,2.0988771438598635
4853,2.1333925247192385
4854,2.2729095458984374
4855,2.310219955444336
4856,2.008131980895996
4857,1.804132080078125
4858,1.992045021057129
4859,2.1534215927124025
4860,1.7343441009521485
4861,2.101089859008789
4862,1.830023193359375
4863,1.9882383346557617
4864,1.7891494750976562
4865,1.8187850952148437
4866,2.010977935791016
4867,2.3021364212036133
4868,1.7298341751098634
4869,1.720816421508789
4870,1.5925559997558594
4871,2.021976089477539
4872,1.9814788818359375
4873,1.8157461166381836
4874,2.1817041397094727
4875,1.7159820556640626
4876,1.8881620407104491
4877,2.2298336029052734
4878,2.26586799621582
4879,2.2301055908203127
4880,1.4503372192382813
4881,1.9685142517089844
4882,1.658494758605957
4883,1.966552734375
4884,1.8247385025024414
4885,2.503459358215332
4886,1.9038352966308594
4887,2.023727226257324
4888,1.6801475524902343
4889,1.8045103073120117
4890,2.099374771118164
4891,2.0679981231689455
4892,2.2974620819091798
4893,2.038326454162598
4894,1.9731035232543945
4895,1.8962629318237305
4896,2.132575798034668
4897,2.1006263732910155
4898,2.0762231826782225
4899,2.1856195449829103
4900,2.255560874938965
4901,1.5740533828735352
4902,1.923886489868164
4903,1.9796775817871093
4904,2.140579414367676
4905,1.7519474029541016
4906,1.7983736038208007
4907,1.960623550415039
4908,1.8103979110717774
4909,1.7696216583251954
4910,2.0884700775146485
4911,1.976483154296875
4912,1.7462785720825196
4913,1.6217048645019532
4914,1.563356590270996
4915,2.5300270080566407
4916,1.9135499954223634
4917,2.3584537506103516
4918,1.874333953857422
4919,1.8334327697753907
4920,2.029166603088379
4921,1.7809917449951171
4922,1.8681306838989258
4923,1.8797178268432617
4924,1.987091636657715
4925,2.049968719482422
4926,1.845334815979004
4927,1.8881048202514648
4928,1.781949234008789
4929,2.0437278747558594
4930,2.102437973022461
4931,1.6578054428100586
4932,1.8504348754882813
4933,1.8347843170166016
4934,1.8866437911987304
4935,1.7822450637817382
4936,1.8230064392089844
4937,2.090431976318359
4938,1.9214797973632813
4939,2.1257505416870117
4940,1.8515253067016602
4941,1.7489065170288085
4942,1.852517318725586
4943,1.8983232498168945
4944,2.1377166748046874
4945,1.8589523315429688
4946,1.870020866394043
4947,1.8203330993652345
4948,1.829179573059082
4949,1.8455419540405273
4950,2.0369211196899415
4951,1.6628965377807616
4952,1.8303434371948242
4953,2.0599111557006835
4954,2.045505905151367
4955,1.9959840774536133
4956,1.6568744659423829
4957,1.6856321334838866
4958,1.9519697189331056
4959,1.990781593322754
4960,1.7281078338623046
4961,1.8427694320678711
4962,2.0422651290893556
4963,2.1579036712646484
4964,1.7612571716308594
4965,1.9005146026611328
4966,1.823819351196289
4967,1.9110494613647462
4968,3.1343338012695314
4969,2.055463409423828
4970,2.208299446105957
4971,1.7823062896728517
4972,1.8334321975708008
4973,1.9424932479858399
4974,2.042148971557617
4975,2.436740493774414
4976,1.871070671081543
4977,1.8625579833984376
4978,2.3101415634155273
4979,2.3059318542480467
4980,2.038737678527832
4981,2.1626562118530273
4982,1.8395221710205079
4983,2.16507568359375
4984,1.6009048461914062
4985,2.4290775299072265
4986,1.9813472747802734
4987,2.1050832748413084
4988,1.8832853317260743
4989,2.1467540740966795
4990,1.6600393295288085
4991,1.9848102569580077
4992,2.0804887771606446
4993,2.003615379333496
4994,1.9394426345825195
4995,2.1665163040161133
4996,2.1253742218017577
4997,2.302616310119629
4998,2.0462774276733398
4999,1.8772716522216797
5000,2.397664451599121
5001,1.9189144134521485
5002,1.9214656829833985
5003,2.195827865600586
5004,2.3166526794433593
5005,1.8253341674804688
5006,1.7997875213623047
5007,2.060547637939453
5008,2.1742364883422853
5009,1.9398080825805664
5010,1.6383150100708008
5011,1.906731414794922
5012,2.219574737548828
5013,2.248206901550293
5014,1.9264780044555665
5015,1.6077163696289063
5016,1.8170021057128907
5017,2.0761131286621093
5018,1.752105712890625
5019,2.4502899169921877
5020,1.7556529998779298
5021,2.0588035583496094
5022,1.7523372650146485
5023,2.0749616622924805
5024,2.307484245300293
5025,2.004790115356445
5026,1.9322698593139649
5027,1.8574522018432618
5028,1.7207138061523437
5029,1.6181642532348632
5030,1.9255577087402345
5031,1.8978469848632813
5032,2.1620325088500976
5033,1.9051200866699218
5034,2.359869384765625
5035,1.2698222160339356
5036,1.2925230979919433
5037,1.8663293838500976
5038,1.704109001159668
5039,2.1129648208618166
5040,1.7686779022216796
5041,2.0660284042358397
5042,2.0196626663208006
5043,1.9358675003051757
5044,1.897750473022461
5045,2.148980903625488
5046,2.183217430114746
5047,2.5133316040039064
5048,2.1859930038452147
5049,1.829273796081543
5050,1.6935070037841797
5051,2.048902702331543
5052,1.843227005004883
5053,1.6757150650024415
5054,1.6168399810791017
5055,1.9941984176635743
5056,2.210404396057129
5057,1.978024673461914
5058,1.9315048217773438
5059,2.0240407943725587
5060,2.2043363571166994
5061,2.063334083557129
5062,2.0544605255126953
5063,2.0279361724853517
5064,1.8886865615844726
5065,1.7233087539672851
5066,2.052596855163574
5067,2.100107192993164
5068,2.1409538269042967
5069,1.906890296936035
5070,1.7436307907104491
5071,2.0643085479736327
5072,1.902848243713379
5073,1.4859593391418457
5074,1.6216196060180663
5075,2.1123073577880858
5076,1.9073387145996095
5077,1.849029541015625
5078,2.346989059448242
5079,2.029689979553223
5080,2.095092010498047
5081,1.9603065490722655
5082,1.9520858764648437
5083,2.2754627227783204
5084,2.557495880126953
5085,1.7834625244140625
5086,1.7036672592163087
5087,2.120280647277832
5088,1.7691905975341797
5089,1.641859245300293
5090,2.0233993530273438
5091,1.4956336975097657
5092,2.0106346130371096
5093,2.093553352355957
5094,2.020433044433594
5095,1.781813621520996
5096,2.0738601684570312
5097,2.401920127868652
5098,2.018295097351074
5099,2.1055973052978514
5100,1.557106113433838
5101,1.982096290588379
5102,1.9359371185302734
5103,1.7532537460327149
5104,2.071855926513672
5105,2.2150455474853517
5106,1.8054925918579101
5107,1.8327898025512694
5108,1.807281494140625
5109,1.574851131439209
5110,1.9809423446655274
5111,2.1471368789672853
5112,1.5653700828552246
5113,2.1657072067260743
5114,1.89269962310791
5115,2.0405921936035156
5116,2.272792434692383
5117,1.9954618453979491
5118,2.573782539367676
5119,1.6290365219116212
5120,1.7285089492797852
5121,2.210308074951172
5122,2.0179983139038087
5123,1.6385889053344727
5124,1.8645475387573243
5125,1.985428810119629
5126,2.0445669174194334
5127,1.9220678329467773
5128,2.0997461318969726
5129,2.062264633178711
5130,1.949442481994629
5131,1.9156614303588868
5132,2.018259811401367
5133,1.9554237365722655
5134,1.8225667953491211
5135,2.182071304321289
5136,2.214115524291992
5137,1.8168479919433593
5138,2.2503190994262696
5139,1.7963050842285155
5140,1.8882755279541015
5141,2.2804861068725586
5142,1.6992944717407226
5143,1.6909311294555665
5144,2.320146942138672
5145,1.8829378128051757
5146,2.2457391738891603
5147,1.8234283447265625
5148,1.8797508239746095
5149,2.490555000305176
5150,2.2900466918945312
5151,2.1735538482666015
5152,1.7675189971923828
5153,1.974481964111328
5154,2.5381885528564454
5155,2.5078609466552733
5156,2.1895545959472655
5157,1.9368520736694337
5158,2.155858612060547
5159,1.8915998458862304
5160,2.303669548034668
5161,1.839939498901367
5162,2.133991241455078
5163,1.7665651321411133
5164,1.7732852935791015
5165,2.0406023025512696
5166,2.0160543441772463
5167,1.7917139053344726
5168,1.8710760116577148
5169,1.689132308959961
5170,2.077048492431641
5171,1.8041620254516602
5172,1.9994359970092774
5173,2.163117790222168
5174,1.854041862487793
5175,2.224582862854004
5176,2.2212522506713865
5177,2.07137451171875
5178,1.5661151885986329
5179,2.050156021118164
5180,1.8495603561401368
5181,1.760453224182129
5182,2.1112085342407227
5183,2.109301948547363
5184,1.9356014251708984
5185,1.653810691833496
5186,2.012569046020508
5187,1.7569978713989258
5188,1.911954116821289
5189,1.8689695358276368
5190,1.9085540771484375
5191,1.9893173217773437
5192,1.8855024337768556
5193,2.041486930847168
5194,2.298674392700195
5195,2.163705062866211
5196,1.2299680709838867
5197,1.9323163986206056
5198,2.2476476669311523
5199,2.0895803451538084
5200,1.9051986694335938
5201,2.151194953918457
5202,2.0175153732299806
5203,1.9667024612426758
5204,1.9335025787353515
5205,1.860787582397461
5206,1.7670049667358398
5207,2.0630365371704102
5208,2.0055097579956054
5209,1.9261156082153321
5210,1.831674575805664
5211,1.9286127090454102
5212,1.6012763977050781
5213,2.1613630294799804
5214,2.168472099304199
5215,1.7316455841064453
5216,1.9850255966186523
5217,2.194981002807617
5218,1.843861961364746
5219,1.6974489212036132
5220,1.8041259765625
5221,1.9651958465576171
5222,2.062118911743164
5223,1.9062685012817382
5224,1.6330905914306642
5225,2.313475799560547
5226,2.0140018463134766
5227,1.8111360549926758
5228,2.1161075592041017
5229,1.790390396118164
5230,1.872913932800293
5231,2.0506332397460936
5232,2.3064687728881834
5233,2.1994468688964846
5234,1.6952194213867187
5235,2.065649223327637
5236,1.873330307006836
5237,1.993879508972168
5238,2.058662223815918
5239,1.2684454917907715
5240,1.9618743896484374
5241,1.9921613693237306
5242,2.240928840637207
5243,1.8177751541137694
5244,2.1028116226196287
5245,2.339579963684082
5246,1.4436789512634278
5247,1.7953250885009766
5248,2.3011747360229493
5249,2.233953857421875
5250,2.1998390197753905
5251,2.4035863876342773
5252,1.9979425430297852
5253,2.320151519775391
5254,1.5596208572387695
5255,2.074350929260254
5256,1.8453882217407227
5257,1.9637731552124023
5258,2.1600982666015627
5259,1.891360092163086
5260,2.4532934188842774
5261,2.0376972198486327
5262,2.033332633972168
5263,2.156119728088379
5264,1.951249122619629
5265,2.0747186660766603
5266,2.0759279251098635
5267,1.9733579635620118
5268,1.9730310440063477
5269,2.0274526596069338
5270,1.7508466720581055
5271,1.889530563354492
5272,1.5509294509887694
5273,1.8683080673217773
5274,1.630333137512207
5275,2.036487007141113
5276,2.1300174713134767
5277,1.9596641540527344
5278,1.9405246734619142
5279,2.054911422729492
5280,2.1706995010375976
5281,1.9479496002197265
5282,2.3724992752075194
5283,1.4806257247924806
5284,2.3991575241088867
5285,1.8572406768798828
5286,2.1953298568725588
5287,1.5769055366516114
5288,1.9717121124267578
5289,1.628881072998047
5290,1.8187526702880858
5291,1.6941936492919922
5292,2.1316295623779298
5293,2.2714160919189452
5294,2.1607452392578126
5295,2.270256233215332
5296,1.8967222213745116
5297,1.6280693054199218
5298,2.2731439590454103
5299,1.9937902450561524
5300,1.6762874603271485
5301,2.090760612487793
5302,2.0657039642333985
5303,1.9192867279052734
5304,1.9597980499267578
5305,2.083039665222168
5306,2.1244598388671876
5307,1.912339210510254
5308,1.7614786148071289
5309,2.2346899032592775
5310,1.9686182022094727
5311,2.2817031860351564
5312,2.297946548461914
5313,1.9449363708496095
5314,1.7476772308349608
5315,2.4083675384521483
5316,2.44852352142334
5317,2.0262805938720705
5318,1.8218833923339843
5319,1.8094232559204102
5320,1.6401786804199219
5321,2.5096019744873046
5322,2.0808479309082033
5323,1.7128219604492188
5324,2.20869140625
5325,2.3159751892089844
5326,1.807417869567871
5327,1.8052789688110351
5328,2.0080934524536134
5329,1.9018747329711914
5330,2.1433706283569336
5331,1.9636608123779298
5332,1.9991069793701173
5333,2.5445022583007812
5334,1.6271251678466796
5335,1.951275634765625
5336,2.0409662246704103
5337,2.2059722900390626
5338,1.861171340942383
5339,2.1356334686279297
5340,1.8760990142822265
5341,2.0223630905151366
5342,2.529107856750488
5343,1.4067337036132812
5344,1.9593652725219726
5345,1.8823797225952148
5346,1.8670513153076171
5347,1.5314610481262207
5348,2.1630743026733397
5349,2.0213375091552734
5350,2.1312742233276367
5351,2.025897216796875
5352,1.421503734588623
5353,1.935622787475586
5354,2.08193416595459
5355,1.6958566665649415
5356,1.796925926208496
5357,2.094701957702637
5358,1.9958742141723633
5359,1.7438819885253907
5360,2.0355222702026365
5361,2.2288061141967774
5362,2.1289573669433595
5363,2.3737632751464846
5364,1.8710840225219727
5365,2.358122634887695
5366,1.999915885925293
5367,2.284035491943359
5368,1.5405786514282227
5369,1.8740882873535156
5370,1.9579748153686523
5371,1.9911266326904298
5372,1.6121158599853516
5373,1.8772006988525392
5374,1.9874349594116212
5375,1.8985153198242188
5376,1.7823486328125
5377,2.151931953430176
5378,2.3687580108642576
5379,2.0252191543579103
5380,1.988051414489746
5381,2.1174829483032225
5382,2.0520263671875
5383,2.1153543472290037
5384,2.0732233047485353
5385,2.1176700592041016
5386,1.6537824630737306
5387,1.7195352554321288
5388,1.7858816146850587
5389,1.7045764923095703
5390,2.3077842712402346
5391,1.9143289566040038
5392,1.9933250427246094
5393,1.6816612243652345
5394,1.8820173263549804
5395,2.0279016494750977
5396,1.962442398071289
5397,1.8737720489501952
5398,1.90152587890625
5399,2.1668201446533204
5400,1.8997211456298828
5401,2.087006759643555
5402,1.9096601486206055
5403,1.5979046821594238
5404,1.5750487327575684
5405,2.280059814453125
5406,2.224636459350586
5407,1.8901607513427734
5408,2.2143909454345705
5409,2.154177665710449
5410,1.6956287384033204
5411,1.8839311599731445
5412,2.339181900024414
5413,2.1331594467163084
5414,2.0325639724731444
5415,2.0809886932373045
5416,1.7116024017333984
5417,2.2727357864379885
5418,2.0409290313720705
5419,2.01562557220459
5420,2.006755065917969
5421,1.944155502319336
5422,1.9779972076416015
5423,2.356144332885742
5424,1.8900320053100585
5425,1.4544150352478027
5426,2.0717660903930666
5427,2.285040855407715
5428,2.1528377532958984
5429,2.061244010925293
5430,1.6070707321166993
5431,2.008632850646973
5432,2.5173599243164064
5433,1.6503833770751952
5434,1.74334716796875
5435,1.8987440109252929
5436,2.071046829223633
5437,1.8628992080688476
5438,1.7756797790527343
5439,2.204328155517578
5440,1.7261238098144531
5441,1.831590461730957
5442,2.2450092315673826
5443,2.038304901123047
5444,2.1785179138183595
5445,1.4762153625488281
5446,1.8992412567138672
5447,1.7477380752563476
5448,1.980170440673828
5449,2.120295524597168
5450,1.825810432434082
5451,2.136904716491699
5452,1.9412101745605468
5453,2.0095291137695312
5454,1.8068962097167969
5455,2.1965105056762697
5456,1.9152030944824219
5457,1.9621475219726563
5458,2.0973932266235353
5459,1.6538307189941406
5460,1.9920730590820312
5461,1.8610097885131835
5462,1.9039735794067383
5463,2.724387359619141
5464,1.5106165885925293
5465,2.2686872482299805
5466,1.7034719467163086
5467,1.822509765625
5468,1.8153230667114257
5469,1.9291374206542968
5470,1.5738131523132324
5471,2.047662353515625
5472,1.8375858306884765
5473,1.9959173202514648
5474,2.1996334075927733
5475,1.86279296875
5476,2.184561920166016
5477,1.9241046905517578
5478,1.981532096862793
5479,1.7387945175170898
5480,2.1752586364746094
5481,2.090594673156738
5482,2.0997262954711915
5483,1.9482933044433595
5484,2.3583045959472657
5485,2.0698263168334963
5486,1.7199281692504882
5487,2.095227813720703
5488,1.9671859741210938
5489,2.190553092956543
5490,1.806106948852539
5491,1.9304258346557617
5492,2.2548145294189452
5493,2.0021942138671873
5494,2.1230628967285154
5495,2.021537208557129
5496,1.9816787719726563
5497,2.155390739440918
5498,1.821436309814453
5499,1.6771068572998047
5500,1.5721349716186523
5501,2.1154010772705076
5502,1.8789609909057616
5503,2.0295291900634767
5504,1.9174934387207032
5505,2.3497587203979493
5506,2.0486257553100584
5507,1.723680305480957
5508,2.1215946197509767
5509,1.8012155532836913
5510,1.9454723358154298
5511,1.8345813751220703
5512,2.1245737075805664
5513,2.1184038162231444
5514,1.9444145202636718
5515,2.213479232788086
5516,1.965132713317871
5517,2.1584217071533205
5518,1.947377586364746
5519,2.370982551574707
5520,2.1837459564208985
5521,1.897819709777832
5522,2.115321922302246
5523,2.4660186767578125
5524,2.0430877685546873
5525,2.0358501434326173
5526,1.9284170150756836
5527,2.3199172973632813
5528,1.9560897827148438
5529,2.313261032104492
5530,2.159342956542969
5531,1.9009260177612304
5532,1.8610633850097655
5533,2.077213478088379
5534,2.0902778625488283
5535,1.8655317306518555
5536,2.0273248672485353
5537,2.0775981903076173
5538,1.9567100524902343
5539,2.015252685546875
5540,2.1341529846191407
5541,1.8270288467407227
5542,2.316614532470703
5543,1.7709564208984374
5544,2.3425260543823243
5545,1.5965165138244628
5546,1.8423568725585937
5547,1.5268814086914062
5548,2.459828758239746
5549,1.8462520599365235
5550,2.218209075927734
5551,1.6266376495361328
5552,1.748910903930664
5553,1.8933204650878905
5554,2.730885696411133
5555,1.7433856964111327
5556,1.7139081954956055
5557,2.0058610916137694
5558,1.9297311782836915
5559,1.864511489868164
5560,1.7776611328125
5561,2.0588884353637695
5562,1.8933210372924805
5563,2.277293014526367
5564,2.017405700683594
5565,2.2246191024780275
5566,1.83963623046875
5567,1.753072166442871
5568,2.344756317138672
5569,2.107260513305664
5570,1.951702880859375
5571,2.3895633697509764
5572,1.640099334716797
5573,2.522664260864258
5574,2.3801164627075195
5575,2.4197364807128907
5576,2.4413047790527345
5577,1.887648582458496
5578,1.9225841522216798
5579,2.163158988952637
5580,2.1348957061767577
5581,2.013986587524414
5582,1.8836708068847656
5583,3.0127790451049803
5584,2.1255964279174804
5585,2.1368751525878906
5586,2.156339645385742
5587,2.0788864135742187
5588,1.797760009765625
5589,1.7606056213378907
5590,1.868044090270996
5591,1.863607406616211
5592,1.8949234008789062
5593,1.6051416397094727
5594,1.6108438491821289
5595,2.5302492141723634
5596,1.8631755828857421
5597,2.008088302612305
5598,1.782086181640625
5599,1.8740795135498047
5600,2.4178798675537108
5601,1.6822782516479493
5602,2.3538845062255858
5603,2.183778762817383
5604,1.918004035949707
5605,2.184650993347168
5606,1.7917573928833008
5607,2.190852737426758
5608,1.5032036781311036
5609,2.2437570571899412
5610,2.0840267181396483
5611,1.669675064086914
5612,1.9177190780639648
5613,1.0386228561401367
5614,1.7184967041015624
5615,2.152819061279297
5616,1.9572214126586913
5617,2.2427797317504883
5618,2.1037731170654297
5619,1.9918066024780274
5620,2.1567523956298826
5621,1.9723318099975586
5622,1.8598787307739257
5623,1.9215717315673828
5624,2.1999496459960937
5625,2.168842887878418
5626,1.6670068740844726
5627,1.9118091583251953
5628,2.0139467239379885
5629,1.6170499801635743
5630,2.2821279525756837
5631,1.6655094146728515
5632,1.8556682586669921
5633,1.8818265914916992
5634,2.134355354309082
5635,1.9452154159545898
5636,2.0614395141601562
5637,2.3381086349487306
5638,1.8273374557495117
5639,1.7558048248291016
5640,1.8045642852783204
5641,2.0685888290405274
5642,2.157863807678223
5643,2.023171043395996
5644,1.9115791320800781
5645,2.3676475524902343
5646,1.898033905029297
5647,1.9098567962646484
5648,2.0009134292602537
5649,1.93135986328125
5650,2.020840072631836
5651,1.5483134269714356
5652,2.086206245422363
5653,1.8986753463745116
5654,1.992346954345703
5655,2.0527084350585936
5656,1.9365514755249023
5657,2.160115051269531
5658,1.8522674560546875
5659,1.987255859375
5660,1.732349967956543
5661,1.9730216979980468
5662,2.044601631164551
5663,1.998530387878418
5664,2.2766134262084963
5665,2.1982654571533202
5666,1.8164937973022461
5667,1.8835777282714843
5668,2.213664245605469
5669,2.427836227416992
5670,1.9706960678100587
5671,2.050833320617676
5672,1.8765016555786134
5673,1.7295112609863281
5674,1.6511491775512694
5675,2.197259712219238
5676,1.9411476135253907
5677,2.348829650878906
5678,1.8254796981811523
5679,1.6749853134155273
5680,2.1344894409179687
5681,2.2900999069213865
5682,2.27449893951416
5683,1.4392711639404296
5684,1.9128673553466797
5685,1.7858295440673828
5686,1.8917537689208985
5687,1.7035663604736329
5688,2.2031835556030273
5689,1.9912307739257813
5690,1.7967859268188477
5691,2.3754467010498046
5692,1.8615251541137696
5693,1.7066843032836914
5694,2.0194129943847656
5695,2.1536725997924804
5696,1.638010025024414
5697,2.239577293395996
5698,2.5099208831787108
5699,2.139356231689453
5700,1.9063968658447266
5701,2.040592384338379
5702,2.021988868713379
5703,2.0357120513916014
5704,2.032990837097168
5705,2.0892965316772463
5706,1.9302968978881836
5707,1.7958282470703124
5708,2.1273069381713867
5709,2.1106809616088866
5710,2.042019271850586
5711,1.5518731117248534
5712,1.702011489868164
5713,2.006357955932617
5714,1.65830078125
5715,1.869925308227539
5716,2.099897575378418
5717,1.6762453079223634
5718,2.2061248779296876
5719,1.8425521850585938
5720,2.3076654434204102
5721,2.0103506088256835
5722,1.8684394836425782
5723,2.612900733947754
5724,1.9193401336669922
5725,2.055583953857422
5726,1.7466035842895509
5727,2.0590278625488283
5728,1.8745405197143554
5729,1.6024555206298827
5730,1.951514434814453
5731,1.972015953063965
5732,1.9552051544189453
5733,2.106190490722656
5734,1.9148826599121094
5735,2.1241378784179688
5736,2.0162141799926756
5737,1.8798229217529296
5738,1.8616283416748047
5739,2.302573585510254
5740,1.9301946640014649
5741,2.2023527145385744
5742,2.0933631896972655
5743,1.952118492126465
5744,2.4947769165039064
5745,2.0421634674072267
5746,2.1456323623657227
5747,1.817947006225586
5748,1.8333187103271484
5749,1.8801271438598632
5750,1.9728525161743165
5751,1.884234619140625
5752,1.5875048637390137
5753,2.2468175888061523
5754,2.052610397338867
5755,1.5121879577636719
5756,2.3628753662109374
5757,1.9329105377197267
5758,1.8698856353759765
5759,2.5325801849365233
5760,1.416977882385254
5761,2.008352279663086
5762,1.790837860107422
5763,2.2643932342529296
5764,2.0048627853393555
5765,2.120024871826172
5766,1.7808622360229491
5767,2.044644355773926
5768,2.1540224075317385
5769,1.6486270904541016
5770,1.7031423568725585
5771,1.69615478515625
5772,2.2188413619995115
5773,2.191498374938965
5774,1.6920652389526367
5775,2.004481887817383
5776,1.4967450141906737
5777,2.105981636047363
5778,1.6837160110473632
5779,1.99871826171875
5780,1.895047378540039
5781,2.3407896041870115
5782,2.3406631469726564
5783,1.7897611618041993
5784,2.715313720703125
5785,1.9893110275268555
5786,1.860895538330078
5787,2.081064224243164
5788,2.20440559387207
5789,1.9859786987304688
5790,2.2887699127197267
5791,1.8204208374023438
5792,1.8442495346069336
5793,1.8152572631835937
5794,1.5352748870849608
5795,1.9664344787597656
5796,1.906399917602539
5797,2.291612243652344
5798,2.0035905838012695
5799,2.1031307220458983
5800,1.9081449508666992
5801,1.7740806579589843
5802,1.9465051651000977
5803,1.852040672302246
5804,2.0698312759399413
5805,2.1226844787597656
5806,2.1559349060058595
5807,1.998187255859375
5808,1.8861129760742188
5809,1.7182758331298829
5810,2.0197696685791016
5811,2.1076486587524412
5812,2.09232120513916
5813,1.7567726135253907
5814,1.9348871231079101
5815,1.874931526184082
5816,1.9520822525024415
5817,2.101202392578125
5818,2.10260124206543
5819,2.0693410873413085
5820,2.4379724502563476
5821,1.9387451171875
5822,1.8435949325561523
5823,1.7143217086791993
5824,2.083262634277344
5825,1.8401208877563477
5826,1.7872716903686523
5827,1.9745380401611328
5828,2.0019451141357423
5829,1.6065786361694336
5830,1.859006118774414
5831,1.9889474868774415
5832,2.08111629486084
5833,1.8922615051269531
5834,2.380620765686035
5835,2.7106924057006836
5836,1.942612075805664
5837,1.6747835159301758
5838,1.8759244918823241
5839,1.6544618606567383
5840,2.3676126480102537
5841,2.109359550476074
5842,1.6147041320800781
5843,2.2700145721435545
5844,1.4209787368774414
5845,1.9136207580566407
5846,1.9839981079101563
5847,2.3420246124267576
5848,1.4701945304870605
5849,2.1561660766601562
5850,1.917017364501953
5851,1.9300451278686523
5852,2.0920246124267576
5853,2.15716495513916
5854,2.0858388900756837
5855,1.752374267578125
5856,2.083286666870117
5857,1.7132837295532226
5858,2.0223941802978516
5859,1.7575365066528321
5860,1.5566347122192383
5861,1.563406753540039
5862,2.054036331176758
5863,1.8618022918701171
5864,2.060537910461426
5865,1.7301519393920899
5866,2.1541873931884767
5867,1.7322380065917968
5868,1.6526121139526366
5869,1.590870189666748
5870,1.9470218658447265
5871,2.010431480407715
5872,2.039718437194824
5873,1.9210296630859376
5874,1.909845733642578
5875,1.8601572036743164
5876,2.0074764251708985
5877,1.8952606201171875
5878,1.855307388305664
5879,2.1992963790893554
5880,1.8508123397827148
5881,1.7146818161010742
5882,1.8633941650390624
5883,2.0732563018798826
5884,2.0574954986572265
5885,2.045475196838379
5886,1.8986143112182616
5887,2.10574893951416
5888,1.8575778961181642
5889,2.159561347961426
5890,2.0109477996826173
5891,1.9005514144897462
5892,2.2316699981689454
5893,1.9732528686523438
5894,1.4261086463928223
5895,1.8984634399414062
5896,2.187520217895508
5897,2.225535774230957
5898,1.8275056838989259
5899,1.5363397598266602
5900,2.340673637390137
5901,2.019427490234375
5902,2.243648147583008
5903,2.2061676025390624
5904,2.1793437957763673
5905,1.8827991485595703
5906,2.0834156036376954
5907,1.9541364669799806
5908,1.8000923156738282
5909,1.4885978698730469
5910,2.005245399475098
5911,1.8951761245727539
5912,2.1127166748046875
5913,2.125969886779785
5914,1.8463464736938477
5915,2.287782096862793
5916,1.999104881286621
5917,2.034160614013672
5918,1.8775497436523438
5919,1.8752580642700196
5920,1.9912275314331054
5921,2.204506683349609
5922,2.0742454528808594
5923,1.8977588653564452
5924,1.7758281707763672
5925,1.929227638244629
5926,1.8880485534667968
5927,1.9342317581176758
5928,2.008580780029297
5929,1.751223373413086
5930,2.0283124923706053
5931,1.9893669128417968
5932,1.4837916374206543
5933,1.5075023651123047
5934,1.7786819458007812
5935,1.837371253967285
5936,1.6781322479248046
5937,1.8040599822998047
5938,2.0918563842773437
5939,2.0143030166625975
5940,1.6809743881225585
5941,2.083479118347168
5942,2.081924247741699
5943,1.9625642776489258
5944,1.997049331665039
5945,1.7386043548583985
5946,1.9231088638305665
5947,1.6930444717407227
5948,1.8298166275024415
5949,1.9920055389404296
5950,1.9061855316162108
5951,1.615290069580078
5952,1.7223567962646484
5953,2.119919204711914
5954,1.5888510704040528
5955,2.097323989868164
5956,1.687392807006836
5957,2.063831329345703
5958,1.6341238021850586
5959,1.9708478927612305
5960,1.8118139266967774
5961,2.009743309020996
5962,2.2208513259887694
5963,1.9762243270874023
5964,1.878171730041504
5965,2.1383424758911134
5966,1.7716094970703125
5967,2.0905208587646484
5968,1.8416973114013673
5969,2.555890655517578
5970,1.9277025222778321
5971,2.066623306274414
5972,2.2009279251098635
5973,2.130467987060547
5974,1.9555160522460937
5975,2.2230506896972657
5976,1.936914825439453
5977,1.9882732391357423
5978,2.5558502197265627
5979,1.6823593139648438
5980,1.7670167922973632
5981,2.1395925521850585
5982,1.8533607482910157
5983,2.224087142944336
5984,2.166252326965332
5985,1.8105487823486328
5986,1.8057832717895508
5987,2.071719169616699
5988,2.258039093017578
5989,1.8020612716674804
5990,1.9590518951416016
5991,1.9567188262939452
5992,1.7374914169311524
5993,2.078745651245117
5994,2.0302343368530273
5995,2.492730140686035
5996,1.6741573333740234
5997,1.982567596435547
5998,1.7477787017822266
5999,1.870367431640625
6000,2.020376777648926
6001,1.921122932434082
6002,2.115309715270996
6003,1.7090274810791015
6004,1.787368392944336
6005,2.118854522705078
6006,1.9911928176879883
6007,2.012408638000488
6008,1.888682746887207
6009,2.1905275344848634
6010,2.255727767944336
6011,2.4647125244140624
6012,1.8842409133911133
6013,1.984361457824707
6014,1.713525390625
6015,2.028444290161133
6016,2.134729194641113
6017,1.9654886245727539
6018,1.9509332656860352
6019,1.4755919456481934
6020,1.9021238327026366
6021,2.497199058532715
6022,1.9470300674438477
6023,1.9976280212402344
6024,2.175495910644531
6025,1.898012351989746
6026,2.0298799514770507
6027,2.0445993423461912
6028,1.6488019943237304
6029,2.090656852722168
6030,1.9753734588623046
6031,1.8864641189575195
6032,1.7706825256347656
6033,1.7233558654785157
6034,1.9452009201049805
6035,1.9156936645507812
6036,1.870340347290039
6037,2.1646236419677733
6038,2.0972673416137697
6039,1.782175636291504
6040,1.8851591110229493
6041,2.121604347229004
6042,1.992525291442871
6043,2.066059684753418
6044,2.1598392486572267
6045,2.032613754272461
6046,1.9075145721435547
6047,1.546046829223633
6048,1.657224464416504
6049,1.8580972671508789
6050,1.9405614852905273
6051,1.5433283805847169
6052,1.6858762741088866
6053,1.6441566467285156
6054,2.0106298446655275
6055,2.0989723205566406
6056,1.8101829528808593
6057,1.8861133575439453
6058,2.113388252258301
6059,2.2194921493530275
6060,1.701291847229004
6061,2.0288501739501954
6062,1.9556013107299806
6063,1.5449613571166991
6064,2.473133850097656
6065,1.9040565490722656
6066,1.819788360595703
6067,1.8650527954101563
6068,1.9390594482421875
6069,2.344562530517578
6070,2.3116785049438477
6071,1.7685018539428712
6072,2.1243988037109376
6073,1.963381576538086
6074,1.9179985046386718
6075,1.8010208129882812
6076,1.781644058227539
6077,2.4270416259765626
6078,1.8570594787597656
6079,1.9315763473510743
6080,1.7106058120727539
6081,2.0370731353759766
6082,2.125853729248047
6083,1.9003976821899413
6084,1.8353704452514648
6085,2.710771942138672
6086,1.8260484695434571
6087,1.8434825897216798
6088,1.705655860900879
6089,1.8423238754272462
6090,1.8453624725341797
6091,1.7395713806152344
6092,1.779672622680664
6093,2.395115852355957
6094,1.9805871963500976
6095,2.0640077590942383
6096,1.8458951950073241
6097,1.8566671371459962
6098,1.752370262145996
6099,2.3607927322387696
6100,1.8087779998779296
6101,1.7227127075195312
6102,1.856816291809082
6103,2.0874650955200194
6104,2.0592958450317385
6105,1.8128135681152344
6106,1.78118953704834
6107,1.766474151611328
6108,2.149898910522461
6109,2.037196159362793
6110,1.7034318923950196
6111,1.887996292114258
6112,2.4261341094970703
6113,1.9478115081787108
6114,1.7171493530273438
6115,1.775965118408203
6116,2.045298385620117
6117,2.3349588394165037
6118,1.515690231323242
6119,2.0538631439208985
6120,2.0961713790893555
6121,2.5674571990966797
6122,1.7485712051391602
6123,1.5817449569702149
6124,2.1575338363647463
6125,1.9316852569580079
6126,2.1156805038452147
6127,2.109720230102539
6128,2.1231998443603515
6129,2.4725778579711912
6130,1.812296485900879
6131,1.9804979324340821
6132,2.0227432250976562
6133,1.7792587280273438
6134,1.9942056655883789
6135,1.4973023414611817
6136,2.2606327056884767
6137,1.776810646057129
6138,1.8874095916748046
6139,1.9201427459716798
6140,2.1946224212646483
6141,1.8057096481323243
6142,2.0041339874267576
6143,1.9772562026977538
6144,1.8661062240600585
6145,2.1049226760864257
6146,1.8874706268310546
6147,2.0102672576904297
6148,1.4263075828552245
6149,2.0538230895996095
6150,1.637493896484375
6151,2.0967069625854493
6152,1.8517017364501953
6153,1.8599493026733398
6154,2.045339012145996
6155,2.0034696578979494
6156,2.0668428421020506
6157,2.0936052322387697
6158,1.9315757751464844
6159,1.9049121856689453
6160,2.2024776458740236
6161,1.9541707992553712
6162,2.0742950439453125
6163,2.5058523178100587
6164,2.247088623046875
6165,2.492391014099121
6166,1.89942626953125
6167,1.6181970596313477
6168,1.9582429885864259
6169,2.1099971771240233
6170,1.885568618774414
6171,2.1821062088012697
6172,2.2723527908325196
6173,2.071972465515137
6174,1.9958927154541015
6175,1.5451275825500488
6176,2.401815414428711
6177,1.851815414428711
6178,1.868269920349121
6179,2.365826416015625
6180,1.9872913360595703
6181,1.7526958465576172
6182,1.784425926208496
6183,1.7454771041870116
6184,2.182936096191406
6185,2.427168083190918
6186,2.2648229598999023
6187,2.152170944213867
6188,1.8884042739868163
6189,1.8245800018310547
6190,2.087757110595703
6191,1.9553445816040038
6192,2.0837936401367188
6193,1.4649867057800292
6194,2.1604072570800783
6195,1.7065519332885741
6196,2.0892288208007814
6197,2.016750717163086
6198,2.329160690307617
6199,1.9499382019042968
6200,1.9644586563110351
6201,2.0052562713623048
6202,2.0667938232421874
6203,2.055113983154297
6204,1.961998176574707
6205,2.241817283630371
6206,2.317687225341797
6207,2.18514461517334
6208,2.2311498641967775
6209,1.721205711364746
6210,2.1068559646606446
6211,1.9607099533081054
6212,2.2054931640625
6213,2.061332130432129
6214,1.7988847732543944
6215,2.0142148971557616
6216,2.1416799545288088
6217,2.2161285400390627
6218,2.2079647064208983
6219,1.6655866622924804
6220,1.9036720275878907
6221,1.5525579452514648
6222,1.998995018005371
6223,2.0527048110961914
6224,1.6214719772338868
6225,1.9735773086547852
6226,1.7261943817138672
6227,1.8951812744140626
6228,2.0282384872436525
6229,1.8850048065185547
6230,2.2395389556884764
6231,2.0383434295654297
6232,1.9528142929077148
6233,1.9554208755493163
6234,1.8888519287109375
6235,2.121710205078125
6236,1.9530847549438477
6237,1.6752431869506836
6238,1.7991867065429688
6239,1.8212856292724608
6240,1.6821521759033202
6241,2.301956367492676
6242,2.410990333557129
6243,1.9776147842407226
6244,1.6777389526367188
6245,1.930478858947754
6246,2.066973876953125
6247,1.9269954681396484
6248,2.072433853149414
6249,1.951018714904785
6250,1.9717416763305664
6251,2.143326187133789
6252,1.9296390533447265
6253,1.8046934127807617
6254,1.9138975143432617
6255,2.0577598571777345
6256,1.76403865814209
6257,1.801137924194336
6258,2.0090002059936523
6259,1.7367979049682618
6260,2.3048452377319335
6261,2.1140071868896486
6262,1.9305526733398437
6263,2.160779571533203
6264,1.892329216003418
6265,1.795606803894043
6266,1.6005332946777344
6267,1.9769058227539062
6268,1.6007633209228516
6269,1.364809799194336
6270,1.9264720916748046
6271,2.0636594772338865
6272,1.975092887878418
6273,1.8456701278686523
6274,1.811170768737793
6275,2.020901107788086
6276,1.785394287109375
6277,1.8627145767211915
6278,1.8290002822875977
6279,1.5682690620422364
6280,2.3385719299316405
6281,2.044020652770996
6282,1.7277189254760743
6283,1.986809539794922
6284,2.05384521484375
6285,1.8224857330322266
6286,2.0711503982543946
6287,2.3392391204833984
6288,2.0822277069091797
6289,1.8457328796386718
6290,2.0096466064453127
6291,1.623955535888672
6292,1.9323266983032226
6293,1.930264663696289
6294,1.698054313659668
6295,1.4176109313964844
6296,2.1423871994018553
6297,2.175033760070801
6298,1.7505727767944337
6299,1.8535406112670898
6300,1.980829620361328
6301,1.9394844055175782
6302,2.0429162979125977
6303,1.950925636291504
6304,1.7591108322143554
6305,2.0570106506347656
6306,1.4926406860351562
6307,2.158643341064453
6308,2.2064374923706054
6309,2.0143110275268556
6310,1.9204030990600587
6311,2.131256103515625
6312,1.9048173904418946
6313,2.105540466308594
6314,1.9173810958862305
6315,1.948819923400879
6316,2.0286378860473633
6317,2.335452079772949
6318,1.8796165466308594
6319,1.845280075073242
6320,2.2487346649169924
6321,1.9789745330810546
6322,2.2950979232788087
6323,2.342814636230469
6324,2.0376350402832033
6325,2.0138635635375977
6326,2.0350273132324217
6327,2.1578323364257814
6328,2.039931869506836
6329,1.9096025466918944
6330,2.141341781616211
6331,1.6616682052612304
6332,1.8264240264892577
6333,2.369664192199707
6334,2.489148712158203
6335,1.7830518722534179
6336,1.6610578536987304
6337,2.0779756546020507
6338,1.6401800155639648
6339,1.6118331909179688
6340,1.8768932342529296
6341,1.714730453491211
6342,2.1388025283813477
6343,1.9245147705078125
6344,1.9260984420776368
6345,1.9921457290649414
6346,2.178431510925293
6347,1.8685056686401367
6348,1.6472963333129882
6349,2.221462440490723
6350,2.3678232192993165
6351,1.8566070556640626
6352,2.1224130630493163
6353,2.305037498474121
6354,1.7907716751098632
6355,2.1510330200195313
6356,1.7754329681396483
6357,1.9180770874023438
6358,1.8268150329589843
6359,2.0734697341918946
6360,1.8613204956054688
6361,2.225335884094238
6362,2.0393566131591796
6363,1.909742546081543
6364,2.2122518539428713
6365,1.94552001953125
6366,1.9211713790893554
6367,2.3593521118164062
6368,2.052297592163086
6369,1.8178878784179688
6370,1.777302360534668
6371,2.048634910583496
6372,1.8480377197265625
6373,2.0105401992797853
6374,1.8161712646484376
6375,1.9716550827026367
6376,1.746566390991211
6377,1.816359519958496
6378,1.6734651565551757
6379,1.761728858947754
6380,1.8312915802001952
6381,2.1107051849365233
6382,1.9524354934692383
6383,1.9557748794555665
6384,2.3782400131225585
6385,1.9447500228881835
6386,2.186201477050781
6387,1.722566795349121
6388,2.108700752258301
6389,1.8939876556396484
6390,2.048619270324707
6391,2.2911300659179688
6392,2.047689437866211
6393,2.0817438125610352
6394,2.2144887924194334
6395,2.0695880889892577
6396,1.9527242660522461
6397,2.1018144607543947
6398,2.1687761306762696
6399,1.6772748947143554
6400,1.8151044845581055
6401,1.9647233963012696
6402,1.8750816345214845
6403,1.7979644775390624
6404,2.03158016204834
6405,1.9726715087890625
6406,1.959174919128418
6407,1.95123291015625
6408,2.2115234375
6409,2.3094573974609376
6410,1.9156940460205079
6411,1.6988206863403321
6412,2.0106678009033203
6413,1.8846796035766602
6414,1.6921228408813476
6415,1.9593231201171875
6416,2.1426572799682617
6417,1.9772859573364259
6418,2.118423652648926
6419,1.911766242980957
6420,2.46689395904541
6421,1.888880157470703
6422,1.8131847381591797
6423,1.9447595596313476
6424,1.7362537384033203
6425,2.370686340332031
6426,2.0031015396118166
6427,1.7167404174804688
6428,1.8145891189575196
6429,2.244424819946289
6430,1.903221893310547
6431,1.753535270690918
6432,1.8422565460205078
6433,1.7939502716064453
6434,2.2327857971191407
6435,1.8227130889892578
6436,1.7170339584350587
6437,2.4125900268554688
6438,2.0333038330078126
6439,1.9849733352661132
6440,2.162660026550293
6441,2.433426284790039
6442,1.9701589584350585
6443,1.8306764602661132
6444,1.8354526519775392
6445,2.036392593383789
6446,2.2965415954589843
6447,1.648200798034668
6448,2.1559385299682616
6449,2.0267507553100588
6450,1.9754959106445313
6451,1.7360296249389648
6452,1.9226102828979492
6453,1.679262924194336
6454,1.5252403259277343
6455,1.9128684997558594
6456,1.6779130935668944
6457,1.780130958557129
6458,1.6897722244262696
6459,1.9503721237182616
6460,1.8439542770385742
6461,2.0141725540161133
6462,1.7095623016357422
6463,1.8620891571044922
6464,2.26611213684082
6465,2.010834312438965
6466,1.7785961151123046
6467,1.98389892578125
6468,1.6370922088623048
6469,2.064275932312012
6470,2.3010467529296874
6471,1.7192684173583985
6472,1.9319398880004883
6473,2.206727409362793
6474,2.0741947174072264
6475,1.8552778244018555
6476,1.7577268600463867
6477,1.8917837142944336
6478,1.937769317626953
6479,1.9548490524291993
6480,1.6993175506591798
6481,1.9212770462036133
6482,1.550999927520752
6483,2.2260129928588865
6484,2.2381664276123048
6485,2.0028621673583986
6486,1.8437654495239257
6487,2.3003122329711916
6488,1.9524948120117187
6489,1.708461380004883
6490,2.247151184082031
6491,1.5944402694702149
6492,1.8053623199462892
6493,1.935862159729004
6494,2.659865951538086
6495,1.6641668319702148
6496,2.1296947479248045
6497,2.262114715576172
6498,2.0623395919799803
6499,2.135071563720703
6500,2.414794158935547
6501,1.8576929092407226
6502,1.7608829498291017
6503,1.700098991394043
6504,1.7387907028198242
6505,2.1800006866455077
6506,1.7804561614990235
6507,2.1779232025146484
6508,1.982294464111328
6509,1.2586654663085937
6510,1.9837528228759767
6511,2.1519222259521484
6512,1.9361085891723633
6513,1.9396644592285157
6514,1.7093952178955079
6515,1.6343719482421875
6516,2.0518163681030273
6517,2.116008186340332
6518,1.753110694885254
6519,2.0182416915893553
6520,1.9455020904541016
6521,1.928328514099121
6522,2.017093276977539
6523,2.1428449630737303
6524,1.7111665725708007
6525,2.183010482788086
6526,1.6670759201049805
6527,1.6307811737060547
6528,2.4412092208862304
6529,1.938153076171875
6530,1.9527326583862306
6531,2.104409027099609
6532,2.328797721862793
6533,2.0507762908935545
6534,1.8974491119384767
6535,1.8258712768554688
6536,2.0741811752319337
6537,2.3004409790039064
6538,2.0746320724487304
6539,1.82584228515625
6540,1.9383651733398437
6541,1.899207305908203
6542,1.742800521850586
6543,2.0372615814208985
6544,1.9332557678222657
6545,1.8272214889526368
6546,1.6467777252197267
6547,1.820944595336914
6548,2.215131378173828
6549,1.9141021728515626
6550,1.6615262985229493
6551,2.1107467651367187
6552,2.1518497467041016
6553,1.656961441040039
6554,1.8733631134033204
6555,2.1909805297851563
6556,2.0355491638183594
6557,2.1958744049072267
6558,1.742264175415039
6559,2.291775131225586
6560,1.8848947525024413
6561,1.804163932800293
6562,1.696934127807617
6563,2.2228103637695313
6564,2.1059005737304686
6565,1.742255401611328
6566,2.111878204345703
6567,1.8158239364624023
6568,2.14776611328125
6569,2.2584699630737304
6570,1.9864063262939453
6571,1.8354843139648438
6572,1.5695761680603026
6573,1.995504379272461
6574,1.979346466064453
6575,1.7448385238647461
6576,1.8397687911987304
6577,1.8224143981933594
6578,1.7456588745117188
6579,1.5983452796936035
6580,2.2654577255249024
6581,2.2773193359375
6582,2.338315963745117
6583,2.212471580505371
6584,2.0779062271118165
6585,1.8131717681884765
6586,2.0025997161865234
6587,2.0946496963500976
6588,2.4310892105102537
6589,1.7817466735839844
6590,2.2721015930175783
6591,1.987137222290039
6592,1.752779769897461
6593,1.7333694458007813
6594,2.011988639831543
6595,2.259390640258789
6596,1.7139471054077149
6597,1.7799200057983398
6598,2.175046920776367
6599,2.1924102783203123
6600,1.917504119873047
6601,2.0594329833984375
6602,2.011577033996582
6603,1.8241788864135742
6604,1.92781982421875
6605,1.6963855743408203
6606,2.309523010253906
6607,2.047627830505371
6608,2.139825630187988
6609,1.4547133445739746
6610,1.5125179290771484
6611,1.795740509033203
6612,1.968813705444336
6613,1.834370231628418
6614,1.8898534774780273
6615,1.8603435516357423
6616,2.293796348571777
6617,1.7618829727172851
6618,1.752877426147461
6619,1.9862495422363282
6620,2.355891799926758
6621,2.15488338470459
6622,1.8162220001220704
6623,1.779336166381836
6624,1.7246545791625976
6625,1.8400918960571289
6626,1.8246147155761718
6627,1.6087669372558593
6628,2.5534893035888673
6629,1.9625810623168944
6630,2.0028573989868166
6631,1.6469051361083984
6632,2.110795593261719
6633,2.394739532470703
6634,2.211412811279297
6635,1.698226547241211
6636,1.883778190612793
6637,2.0143957138061523
6638,1.633641242980957
6639,1.7294477462768554
6640,1.8288082122802733
6641,1.9519372940063477
6642,2.6071344375610352
6643,2.0658063888549805
6644,1.9822095870971679
6645,1.846236228942871
6646,2.1953317642211916
6647,1.8403318405151368
6648,1.9348812103271484
6649,1.7003828048706056
6650,1.5994128227233886
6651,1.8021995544433593
6652,2.458913040161133
6653,2.1228404998779298
6654,1.425887680053711
6655,2.035129737854004
6656,2.4512069702148436
6657,1.8685653686523438
6658,1.953317642211914
6659,2.118099594116211
6660,1.8301511764526368
6661,1.817054557800293
6662,1.9258024215698242
6663,1.9222814559936523
6664,2.3205997467041017
6665,1.774747085571289
6666,2.200784111022949
6667,2.1113182067871095
6668,1.784649658203125
6669,2.008548545837402
6670,2.1424312591552734
6671,1.8404951095581055
6672,1.8104358673095704
6673,2.1458816528320312
6674,1.6634544372558593
6675,2.2040946960449217
6676,1.5579171180725098
6677,1.9870491027832031
6678,1.7930648803710938
6679,1.7767484664916993
6680,2.1470674514770507
6681,2.1799057006835936
6682,1.5199363708496094
6683,1.6594385147094726
6684,2.0793785095214843
6685,2.130655860900879
6686,1.570429229736328
6687,1.8529293060302734
6688,1.9839632034301757
6689,1.8292118072509767
6690,2.1199010848999023
6691,2.1870399475097657
6692,1.7123912811279296
6693,2.1243589401245115
6694,1.978451919555664
6695,1.7603984832763673
6696,2.2254735946655275
6697,2.125750923156738
6698,1.8366012573242188
6699,2.0125106811523437
6700,1.7342157363891602
6701,1.5677085876464845
6702,1.92073974609375
6703,1.726584243774414
6704,1.8120437622070313
6705,2.1353517532348634
6706,1.923926544189453
6707,2.0657979965209963
6708,1.9882808685302735
6709,2.262832832336426
6710,1.7669700622558593
6711,2.1152957916259765
6712,1.660181427001953
6713,1.8881288528442384
6714,2.0095888137817384
6715,2.2459699630737306
6716,2.056787872314453
6717,2.0963436126708985
6718,1.7764177322387695
6719,1.7846237182617188
6720,2.2245960235595703
6721,1.8370542526245117
6722,1.6531742095947266
6723,1.767531967163086
6724,1.6830617904663085
6725,1.9254205703735352
6726,1.7039680480957031
6727,1.8755615234375
6728,1.91204891204834
6729,2.0314352035522463
6730,1.8503612518310546
6731,1.822749137878418
6732,2.208466911315918
6733,1.780908966064453
6734,1.8072690963745117
6735,1.8055501937866212
6736,2.071733283996582
6737,1.8167196273803712
6738,2.0484357833862306
6739,1.7953031539916993
6740,2.5289161682128904
6741,1.758019256591797
6742,1.970583724975586
6743,2.2535516738891603
6744,2.1029035568237306
6745,2.0406864166259764
6746,1.8724142074584962
6747,1.8415424346923828
6748,1.7773658752441406
6749,2.2913606643676756
6750,1.9972206115722657
6751,1.942929458618164
6752,1.600966453552246
6753,1.4408274650573731
6754,2.1007316589355467
6755,1.588356876373291
6756,1.7945171356201173
6757,2.014124870300293
6758,1.7389591217041016
6759,2.376376724243164
6760,2.1641664505004883
6761,1.7191131591796875
6762,1.8180679321289062
6763,2.0138404846191404
6764,2.3195636749267576
6765,2.0591211318969727
6766,2.0979904174804687
6767,1.8847879409790038
6768,2.4154121398925783
6769,1.873000144958496
6770,1.8206581115722655
6771,1.7998279571533202
6772,1.9672771453857423
6773,2.021577835083008
6774,2.2414482116699217
6775,1.4432524681091308
6776,2.220018768310547
6777,2.029911422729492
6778,1.941152572631836
6779,2.354745101928711
6780,2.1122098922729493
6781,1.9522703170776368
6782,2.0567541122436523
6783,2.122233772277832
6784,1.7511144638061524
6785,2.0913415908813477
6786,2.058049964904785
6787,1.7049013137817384
6788,2.171060562133789
6789,1.7530122756958009
6790,2.0827505111694338
6791,1.8220026016235351
6792,1.8480955123901368
6793,1.708481788635254
6794,1.6656427383422852
6795,2.1895870208740233
6796,2.0985517501831055
6797,1.833076286315918
6798,1.8268692016601562
6799,2.010252571105957
6800,1.9615465164184571
6801,2.0105857849121094
6802,2.062892723083496
6803,1.783689308166504
6804,2.2862213134765623
6805,1.7307929992675781
6806,1.8972984313964845
6807,2.2247922897338865
6808,1.3413897514343263
6809,1.8923431396484376
6810,2.0681278228759767
6811,1.9858770370483398
6812,2.1357547760009767
6813,1.9612371444702148
6814,1.9519767761230469
6815,1.8612554550170899
6816,2.1223543167114256
6817,2.0256649017333985
6818,1.4709985733032227
6819,2.2573299407958984
6820,1.6961013793945312
6821,1.9514541625976562
6822,2.0796722412109374
6823,1.7326221466064453
6824,1.819270706176758
6825,2.0309133529663086
6826,2.127720832824707
6827,2.248644256591797
6828,2.2683324813842773
6829,2.2802433013916015
6830,2.1943456649780275
6831,2.021352005004883
6832,1.7568487167358398
6833,1.9180574417114258
6834,1.7248197555541993
6835,2.006302261352539
6836,1.7297340393066407
6837,1.840803337097168
6838,2.032096290588379
6839,1.7982919692993165
6840,1.7952962875366212
6841,1.6432001113891601
6842,2.076283073425293
6843,2.35876522064209
6844,2.398981475830078
6845,1.7953990936279296
6846,1.9995304107666017
6847,2.1070947647094727
6848,1.5821567535400392
6849,2.003681182861328
6850,2.3015472412109377
6851,1.800999069213867
6852,2.0918561935424806
6853,2.4747371673583984
6854,2.0969545364379885
6855,2.3003063201904297
6856,1.9733427047729493
6857,2.5398582458496093
6858,2.040650177001953
6859,1.613962745666504
6860,2.3256881713867186
6861,1.7837837219238282
6862,1.744461441040039
6863,1.7991588592529297
6864,1.740964126586914
6865,1.9179067611694336
6866,2.5594161987304687
6867,1.9080345153808593
6868,1.817948341369629
6869,1.9250560760498048
6870,2.0588207244873047
6871,2.041854476928711
6872,2.4791521072387694
6873,1.9481168746948243
6874,1.5464970588684082
6875,1.7497186660766602
6876,1.8996301651000977
6877,1.793927001953125
6878,2.668842887878418
6879,1.9674196243286133
6880,1.9477815628051758
6881,1.640653419494629
6882,1.5885775566101075
6883,1.6627466201782226
6884,2.1788961410522463
6885,1.9569988250732422
6886,2.1048423767089846
6887,2.1213035583496094
6888,2.0743595123291017
6889,2.332553672790527
6890,1.9238224029541016
6891,1.871103286743164
6892,2.164410209655762
6893,1.6918985366821289
6894,2.269001770019531
6895,1.7103744506835938
6896,2.096769905090332
6897,1.8307199478149414
6898,1.8830858230590821
6899,1.887373924255371
6900,1.986689567565918
6901,1.6861129760742188
6902,2.3539506912231447
6903,2.380132865905762
6904,1.8574409484863281
6905,2.233990478515625
6906,1.8913808822631837
6907,1.9896181106567383
6908,1.8794628143310548
6909,1.7718639373779297
6910,1.7554367065429688
6911,1.8486568450927734
6912,2.3060934066772463
6913,1.8971433639526367
6914,1.9351604461669922
6915,2.2855018615722655
6916,2.024320602416992
6917,1.8536149978637695
6918,1.8162006378173827
6919,2.251241683959961
6920,1.9624931335449218
6921,1.8509397506713867
6922,2.3547134399414062
6923,1.9133827209472656
6924,2.0422271728515624
6925,1.7840423583984375
6926,1.5088801383972168
6927,2.204039192199707
6928,1.9618375778198243
6929,1.7956947326660155
6930,2.170783805847168
6931,1.261880111694336
6932,2.3625038146972654
6933,1.9699529647827148
6934,1.9461200714111329
6935,2.0650054931640627
6936,1.6831424713134766
6937,1.8894405364990234
6938,1.8469593048095703
6939,1.6964086532592773
6940,2.1253591537475587
6941,2.116986846923828
6942,2.1190507888793944
6943,1.9951543807983398
6944,2.2266483306884766
6945,2.1707180023193358
6946,1.8077796936035155
6947,1.6708984375
6948,1.8654397964477538
6949,1.9040727615356445
6950,1.9507787704467774
6951,2.0908966064453125
6952,1.8694860458374023
6953,2.231566619873047
6954,2.024105262756348
6955,1.972366714477539
6956,2.133083724975586
6957,2.0769685745239257
6958,1.8862035751342774
6959,2.070866012573242
6960,2.0071079254150392
6961,2.0454996109008787
6962,1.8554862976074218
6963,2.1515283584594727
6964,2.0104801177978517
6965,2.2263744354248045
6966,1.9593229293823242
6967,2.283632278442383
6968,1.6882869720458984
6969,1.7483333587646483
6970,1.8123872756958008
6971,2.1496166229248046
6972,1.651801872253418
6973,1.9282012939453126
6974,2.2357479095458985
6975,1.529615879058838
6976,1.8663843154907227
6977,2.0026723861694338
6978,1.7274829864501953
6979,1.9054435729980468
6980,2.3958324432373046
6981,1.6385395050048828
6982,2.0081064224243166
6983,1.8480131149291992
6984,2.0714712142944336
6985,1.7480714797973633
6986,1.7302728652954102
6987,2.4094894409179686
6988,2.461177635192871
6989,2.2886308670043944
6990,1.7360832214355468
6991,1.8314222335815429
6992,1.9761409759521484
6993,1.6646612167358399
6994,1.829627799987793
6995,1.5657554626464845
6996,1.6949079513549805
6997,1.7250484466552733
6998,1.8877485275268555
6999,1.6446578979492188
7000,2.1254945755004884
7001,1.8394622802734375
7002,1.6109338760375977
7003,2.3552284240722656
7004,2.1508724212646486
7005,1.7996200561523437
7006,1.891132926940918
7007,1.912348175048828
7008,2.0727565765380858
7009,2.1710086822509767
7010,2.1316396713256838
7011,1.7542074203491211
7012,2.0927473068237306
7013,2.0587133407592773
7014,1.8147174835205078
7015,2.0233068466186523
7016,1.7882631301879883
7017,1.9365392684936524
7018,1.9289632797241212
7019,1.719651222229004
7020,2.057069206237793
7021,1.6748672485351563
7022,1.3966933250427247
7023,2.139445114135742
7024,1.9898326873779297
7025,2.106138229370117
7026,2.132912826538086
7027,1.664138412475586
7028,1.6510887145996094
7029,1.9194774627685547
7030,1.8712434768676758
7031,1.8735212326049804
7032,1.7727479934692383
7033,1.587480068206787
7034,1.8669715881347657
7035,2.020387077331543
7036,2.3386676788330076
7037,1.963785743713379
7038,2.1763959884643556
7039,2.025417709350586
7040,1.5619837760925293
7041,1.7758773803710937
7042,2.3328226089477537
7043,2.5626182556152344
7044,2.0681879043579103
7045,1.48984956741333
7046,1.7579345703125
7047,1.6426027297973633
7048,1.9345937728881837
7049,2.5492341995239256
7050,1.5592742919921876
7051,1.7236989974975585
7052,1.9737457275390624
7053,2.2553518295288084
7054,1.749318504333496
7055,1.969198226928711
7056,1.9819992065429688
7057,1.8142126083374024
7058,2.1894672393798826
7059,2.021353530883789
7060,1.8351396560668944
7061,2.0182140350341795
7062,1.7405590057373046
7063,1.836723518371582
7064,2.274886703491211
7065,1.7274688720703124
7066,1.7572330474853515
7067,1.574984073638916
7068,1.9686254501342773
7069,2.0318065643310548
7070,1.7247011184692382
7071,2.1139881134033205
7072,1.9022579193115234
7073,1.6166967391967773
7074,1.904522705078125
7075,1.476449203491211
7076,2.0810144424438475
7077,1.9346399307250977
7078,1.8870004653930663
7079,2.205876922607422
7080,1.8125499725341796
7081,1.8953208923339844
7082,1.61071834564209
7083,2.3106786727905275
7084,1.5550204277038575
7085,1.922488021850586
7086,1.99529972076416
7087,2.118511199951172
7088,1.6275737762451172
7089,1.9255069732666015
7090,2.1745277404785157
7091,2.134981155395508
7092,1.6377752304077149
7093,1.8394067764282227
7094,2.081828308105469
7095,1.9862415313720703
7096,1.8011541366577148
7097,1.9294355392456055
7098,1.7581771850585937
7099,1.8936637878417968
7100,1.2724029541015625
7101,1.7309879302978515
7102,1.6099327087402344
7103,2.051322174072266
7104,1.378182601928711
7105,2.054823112487793
7106,2.154726028442383
7107,1.9061748504638671
7108,2.0292877197265624
7109,2.0036563873291016
7110,1.6347291946411133
7111,2.0502357482910156
7112,2.073871612548828
7113,1.825689697265625
7114,1.935435676574707
7115,1.9744178771972656
7116,1.5735082626342773
7117,2.3940637588500975
7118,2.0001333236694334
7119,1.9855949401855468
7120,1.9550294876098633
7121,2.501047706604004
7122,2.164512825012207
7123,1.9136608123779297
7124,2.1687015533447265
7125,1.963081169128418
7126,2.0018457412719726
7127,1.9937040328979492
7128,2.5149181365966795
7129,1.7229515075683595
7130,1.9086688995361327
7131,2.2063232421875
7132,1.7997049331665038
7133,2.190184211730957
7134,1.8366386413574218
7135,1.899045753479004
7136,2.193710517883301
7137,2.1053491592407227
7138,2.0650453567504883
7139,1.777994155883789
7140,2.0685039520263673
7141,1.9143339157104493
7142,2.0207550048828127
7143,1.9985113143920898
7144,1.7131050109863282
7145,1.6986814498901368
7146,1.6678335189819335
7147,1.5978353500366211
7148,1.6838207244873047
7149,2.082774543762207
7150,2.0871076583862305
7151,1.741518783569336
7152,2.1898418426513673
7153,1.7865413665771483
7154,2.0785531997680664
7155,2.1418739318847657
7156,1.7561784744262696
7157,1.8937877655029296
7158,1.6675176620483398
7159,1.950118637084961
7160,1.9283971786499023
7161,2.2492780685424805
7162,1.9732866287231445
7163,2.046746826171875
7164,1.7124460220336915
7165,1.7747381210327149
7166,1.6857473373413085
7167,1.9045196533203126
7168,1.3218131065368652
7169,2.013047790527344
7170,2.619021415710449
7171,1.7331787109375
7172,2.159750556945801
7173,2.229633903503418
7174,1.9092830657958983
7175,1.875943946838379
7176,2.230297088623047
7177,2.071061134338379
7178,1.854583740234375
7179,2.0636150360107424
7180,1.9430917739868163
7181,1.8004507064819335
7182,1.855997657775879
7183,2.0439247131347655
7184,2.104880523681641
7185,1.7437654495239259
7186,1.7879947662353515
7187,2.3949941635131835
7188,2.1981340408325196
7189,2.223963165283203
7190,2.033756065368652
7191,2.079152488708496
7192,2.209552001953125
7193,1.6048322677612306
7194,1.6340932846069336
7195,1.6684467315673828
7196,1.8626689910888672
7197,1.9896448135375977
7198,2.159073829650879
7199,2.0064041137695314
7200,2.1516595840454102
7201,1.697549819946289
7202,2.041539764404297
7203,1.703280258178711
7204,2.0635393142700194
7205,1.7823814392089843
7206,2.2623226165771486
7207,2.017094612121582
7208,1.9990604400634766
7209,1.9845806121826173
7210,1.99743595123291
7211,2.245517539978027
7212,2.0062192916870116
7213,2.0479299545288088
7214,2.0809160232543946
7215,1.9979768753051759
7216,1.7183992385864257
7217,1.8565103530883789
7218,1.9566741943359376
7219,1.9162405014038086
7220,1.5265867233276367
7221,2.093653106689453
7222,2.451760482788086
7223,2.126326560974121
7224,1.871859359741211
7225,2.133954620361328
7226,2.008085250854492
7227,2.5067699432373045
7228,1.804691696166992
7229,2.050071144104004
7230,1.8361034393310547
7231,1.6427545547485352
7232,1.9687206268310546
7233,1.8845077514648438
7234,2.1402212142944337
7235,1.872640609741211
7236,1.9604393005371095
7237,1.9260156631469727
7238,1.7404001235961915
7239,2.35736026763916
7240,1.8810270309448243
7241,1.7312458038330079
7242,1.4406587600708007
7243,1.8441717147827148
7244,1.8513591766357422
7245,1.9183769226074219
7246,2.659615707397461
7247,1.7341434478759765
7248,2.1503042221069335
7249,2.172188568115234
7250,1.943415641784668
7251,1.979743194580078
7252,1.9490135192871094
7253,1.9663103103637696
7254,2.3963748931884767
7255,1.4885013580322266
7256,1.6003421783447265
7257,2.4297054290771483
7258,2.0856218338012695
7259,2.130101203918457
7260,1.7297908782958984
7261,2.645907402038574
7262,1.6574836730957032
7263,2.0861764907836915
7264,1.9609209060668946
7265,1.957269287109375
7266,2.028570365905762
7267,1.743692398071289
7268,2.0322614669799806
7269,1.565427589416504
7270,2.1857038497924806
7271,2.3161190032958983
7272,2.3157392501831056
7273,1.6969820022583009
7274,1.9459531784057618
7275,1.8947261810302733
7276,1.942416000366211
7277,2.3073339462280273
7278,2.0473085403442384
7279,2.2950159072875977
7280,2.176679992675781
7281,2.086459922790527
7282,1.8284189224243164
7283,2.5089962005615236
7284,1.6182329177856445
7285,1.9647579193115234
7286,1.7253780364990234
7287,1.9673324584960938
7288,1.8401092529296874
7289,2.0307294845581056
7290,2.08040771484375
7291,2.0203189849853516
7292,1.9656431198120117
7293,1.7388345718383789
7294,2.1842683792114257
7295,2.1224327087402344
7296,1.8928438186645509
7297,2.1330921173095705
7298,1.9650300979614257
7299,2.6705606460571287
7300,1.9263986587524413
7301,1.8668024063110351
7302,2.08575496673584
7303,1.7639944076538085
7304,1.9191717147827148
7305,1.8512453079223632
7306,1.9068683624267577
7307,2.0868574142456056
7308,1.9617649078369142
7309,1.8091665267944337
7310,1.477344036102295
7311,1.6454456329345704
7312,1.7389503479003907
7313,1.9185291290283204
7314,1.9857597351074219
7315,2.1673452377319338
7316,1.8534734725952149
7317,2.0903364181518556
7318,2.058831787109375
7319,1.8232328414916992
7320,1.8561437606811524
7321,1.6756486892700195
7322,1.9830747604370118
7323,1.6850910186767578
7324,2.051112747192383
7325,1.9713951110839845
7326,2.2564348220825194
7327,2.2857038497924806
7328,2.5789358139038088
7329,2.9023164749145507
7330,1.5769489288330079
7331,2.0331148147583007
7332,1.6589668273925782
7333,2.297477912902832
7334,1.760430908203125
7335,1.810439682006836
7336,2.158612823486328
7337,2.0190353393554688
7338,1.8721033096313477
7339,2.0880199432373048
7340,2.2591922760009764
7341,1.8057228088378907
7342,2.2020606994628906
7343,2.2554115295410155
7344,2.508966636657715
7345,1.9836511611938477
7346,2.1783992767333986
7347,1.6831985473632813
7348,2.197015953063965
7349,1.9139394760131836
7350,1.8989076614379883
7351,1.9456771850585937
7352,1.8656370162963867
7353,1.7136674880981446
7354,2.01400203704834
7355,1.9428644180297852
7356,2.033247184753418
7357,1.7763763427734376
7358,1.7824722290039063
7359,2.0394027709960936
7360,1.723074722290039
7361,2.461595153808594
7362,2.413247489929199
7363,1.7067399978637696
7364,1.833286666870117
7365,2.165927696228027
7366,1.9772485733032226
7367,1.7162532806396484
7368,2.1002193450927735
7369,2.0097190856933596
7370,2.369892120361328
7371,2.185236167907715
7372,1.7552783966064454
7373,2.353964614868164
7374,1.7835470199584962
7375,2.000799560546875
7376,1.8582771301269532
7377,1.6133478164672852
7378,1.9454051971435546
7379,1.8825040817260743
7380,2.1025278091430666
7381,1.795583724975586
7382,2.1187891006469726
7383,2.120526123046875
7384,1.8120719909667968
7385,2.041472244262695
7386,1.7932327270507813
7387,1.9737468719482423
7388,1.930179977416992
7389,1.5988655090332031
7390,1.9966894149780274
7391,1.9836557388305665
7392,1.7984979629516602
7393,2.056623649597168
7394,2.068659782409668
7395,1.6664085388183594
7396,2.1251298904418947
7397,1.8265274047851563
7398,2.022208023071289
7399,2.279876708984375
7400,2.1736740112304687
7401,1.9425037384033204
7402,1.6835298538208008
7403,1.7181425094604492
7404,1.9004167556762694
7405,1.9471601486206054
7406,1.8403049468994142
7407,1.834696388244629
7408,2.0834066390991213
7409,2.1473344802856444
7410,1.911213493347168
7411,1.9821056365966796
7412,1.8960891723632813
7413,2.3087419509887694
7414,1.8217126846313476
7415,2.1251081466674804
7416,1.9513252258300782
7417,2.009408187866211
7418,2.059390830993652
7419,1.4873377799987793
7420,2.2374759674072267
7421,1.9270946502685546
7422,2.155795860290527
7423,2.045908546447754
7424,1.9308494567871093
7425,1.8081701278686524
7426,1.7917726516723633
7427,1.7957767486572265
7428,2.119997024536133
7429,1.9478866577148437
7430,2.045733642578125
7431,1.670111846923828
7432,2.098979377746582
7433,1.7294282913208008
7434,2.0220544815063475
7435,2.0547006607055662
7436,2.222425842285156
7437,2.189373779296875
7438,1.8589237213134766
7439,1.8204635620117187
7440,1.9584354400634765
7441,1.9972724914550781
7442,1.6984550476074218
7443,1.6738931655883789
7444,2.257634925842285
7445,2.343665885925293
7446,1.9000621795654298
7447,1.764420509338379
7448,1.767013931274414
7449,1.9810121536254883
7450,1.9982316970825196
7451,1.8240772247314454
7452,2.1207128524780274
7453,2.282476234436035
7454,1.94617919921875
7455,1.885603141784668
7456,1.9588912963867187
7457,1.846196746826172
7458,2.0020978927612303
7459,1.7122516632080078
7460,1.7164115905761719
7461,1.758706283569336
7462,1.9833097457885742
7463,2.006429672241211
7464,2.024706268310547
7465,1.9588005065917968
7466,1.7700220108032227
7467,1.6459976196289063
7468,1.561201286315918
7469,1.6892539978027343
7470,1.9723155975341797
7471,1.891318130493164
7472,1.923406219482422
7473,2.123629570007324
7474,1.6821481704711914
7475,2.0710901260375976
7476,2.245907211303711
7477,1.8486970901489257
7478,2.238540458679199
7479,1.9612348556518555
7480,2.1944780349731445
7481,2.2771350860595705
7482,2.1002180099487306
7483,1.9745912551879883
7484,2.1707345962524416
7485,2.2370824813842773
7486,2.036697006225586
7487,2.0223320007324217
7488,1.9464145660400392
7489,1.8961099624633788
7490,2.184909629821777
7491,2.045873832702637
7492,2.1599586486816404
7493,1.9486968994140625
7494,2.0311904907226563
7495,2.2254766464233398
7496,1.857269287109375
7497,2.1258266448974608
7498,1.614430809020996
7499,2.36873722076416
7500,2.2870162963867187
7501,1.7258277893066407
7502,2.0511526107788085
7503,2.061212348937988
7504,2.097271728515625
7505,1.8891334533691406
7506,1.8021825790405273
7507,1.9620779037475586
7508,1.9650793075561523
7509,1.5367783546447753
7510,2.036544418334961
7511,2.206036376953125
7512,2.370244789123535
7513,2.1102439880371096
7514,2.226564407348633
7515,1.3368484497070312
7516,1.8560373306274414
7517,1.6404422760009765
7518,2.031900405883789
7519,1.6552705764770508
7520,1.7966434478759765
7521,2.0278783798217774
7522,1.986200714111328
7523,1.8831642150878907
7524,2.082645797729492
7525,2.2853185653686525
7526,2.119066619873047
7527,1.5871206283569337
7528,1.9123807907104493
7529,1.9518013000488281
7530,2.5970876693725584
7531,2.032645034790039
7532,1.666326904296875
7533,1.8342336654663085
7534,1.6970174789428711
7535,1.7937965393066406
7536,1.9634225845336915
7537,2.324468421936035
7538,2.083460235595703
7539,1.8694442749023437
7540,1.6498773574829102
7541,2.25231990814209
7542,2.072658348083496
7543,2.0391992568969726
7544,2.004064750671387
7545,2.077773666381836
7546,1.5471328735351562
7547,2.297270584106445
7548,2.125651741027832
7549,2.270206642150879
7550,1.9077224731445312
7551,2.2715362548828124
7552,2.0559043884277344
7553,2.2230623245239256
7554,2.042056655883789
7555,2.2935728073120116
7556,2.0996719360351563
7557,2.2059377670288085
7558,2.0211023330688476
7559,1.8819683074951172
7560,1.9229907989501953
7561,1.9674104690551757
7562,1.7713947296142578
7563,1.9482646942138673
7564,2.0044235229492187
7565,2.192941093444824
7566,2.016876792907715
7567,1.9125425338745117
7568,1.921051597595215
7569,1.7047384262084961
7570,2.309708595275879
7571,1.922888946533203
7572,1.9272706985473633
7573,2.2849193572998048
7574,1.9718042373657227
7575,1.4584453582763672
7576,1.7275087356567382
7577,1.8402549743652343
7578,2.4607494354248045
7579,2.088896942138672
7580,1.9816375732421876
7581,1.7670854568481444
7582,2.123264503479004
7583,1.8459701538085938
7584,2.013173484802246
7585,1.736480140686035
7586,2.1375864028930662
7587,1.6723834991455078
7588,2.0312568664550783
7589,1.846298599243164
7590,1.8904396057128907
7591,2.012206268310547
7592,2.127327537536621
7593,1.9544017791748047
7594,1.459403133392334
7595,2.1802951812744142
7596,2.1096656799316404
7597,2.069053840637207
7598,1.9905227661132812
7599,2.1731288909912108
7600,2.051386260986328
7601,1.8394742965698243
7602,1.3982709884643554
7603,2.0527460098266603
7604,2.085748481750488
7605,2.0711191177368162
7606,2.1101057052612306
7607,2.0864376068115233
7608,1.7491262435913086
7609,2.268124580383301
7610,1.8445775985717774
7611,1.7026611328125
7612,1.86621150970459
7613,1.7216323852539062
7614,1.4014907836914063
7615,1.9133939743041992
7616,1.8445430755615235
7617,2.15616455078125
7618,1.8206830978393556
7619,1.9261907577514648
7620,1.729733657836914
7621,1.9646947860717774
7622,2.3214723587036135
7623,1.8719209671020507
7624,2.141117286682129
7625,2.0703372955322266
7626,2.2556859970092775
7627,2.0536405563354494
7628,2.039055824279785
7629,1.9310295104980468
7630,2.0453107833862303
7631,1.796828269958496
7632,2.104207229614258
7633,2.18310604095459
7634,1.9047523498535157
7635,1.7713783264160157
7636,2.0829763412475586
7637,2.0232351303100584
7638,1.9778112411499023
7639,1.822350311279297
7640,1.623175811767578
7641,2.0284809112548827
7642,2.218011474609375
7643,1.7247331619262696
7644,1.959847640991211
7645,1.9718090057373048
7646,1.7835351943969726
7647,1.988519287109375
7648,1.7393106460571288
7649,1.9390596389770507
7650,2.1092262268066406
7651,1.9435531616210937
7652,1.7284074783325196
7653,1.9837366104125977
7654,2.0827701568603514
7655,1.8410640716552735
7656,2.0056833267211913
7657,2.189413070678711
7658,1.8380685806274415
7659,1.8959638595581054
7660,2.180533790588379
7661,2.250462532043457
7662,1.8490581512451172
7663,2.1673873901367187
7664,1.9280805587768555
7665,2.008118438720703
7666,1.59037504196167
7667,1.8349012374877929
7668,2.6637428283691404
7669,2.061865043640137
7670,2.3760923385620116
7671,2.052947235107422
7672,1.79107666015625
7673,2.1748983383178713
7674,1.9381523132324219
7675,2.2784114837646485
7676,1.8701442718505858
7677,1.6762371063232422
7678,1.9286432266235352
7679,1.9895076751708984
7680,2.3803586959838867
7681,1.8694992065429688
7682,2.119571495056152
7683,1.8752321243286132
7684,2.188206672668457
7685,2.1568294525146485
7686,1.9449991226196288
7687,1.8059566497802735
7688,1.5426189422607421
7689,1.965401840209961
7690,1.7372848510742187
7691,1.955257034301758
7692,1.943130111694336
7693,1.7847173690795899
7694,1.8186689376831056
7695,1.8935293197631835
7696,1.9534774780273438
7697,1.8511262893676759
7698,1.9662935256958007
7699,2.2583196640014647
7700,1.7174386978149414
7701,1.7136571884155274
7702,2.2038543701171873
7703,1.7140817642211914
7704,2.139124298095703
7705,2.1612321853637697
7706,1.9824138641357423
7707,1.9720678329467773
7708,2.4006954193115235
7709,1.839151382446289
7710,1.9510108947753906
7711,2.288134956359863
7712,1.9542930603027344
7713,1.816364860534668
7714,2.185652732849121
7715,1.9069332122802733
7716,1.8836158752441405
7717,2.114862632751465
7718,1.9889898300170898
7719,1.88476619720459
7720,1.9590576171875
7721,1.492520236968994
7722,2.491677665710449
7723,2.3959304809570314
7724,2.1960424423217773
7725,1.9964359283447266
7726,2.2284164428710938
7727,1.9834569931030273
7728,1.934039306640625
7729,2.231521797180176
7730,2.207215690612793
7731,2.138743019104004
7732,1.948273277282715
7733,1.8957399368286132
7734,1.9806324005126954
7735,1.9273578643798828
7736,1.1357504844665527
7737,1.804742431640625
7738,1.5446338653564453
7739,1.873738670349121
7740,1.953139877319336
7741,1.7207015991210937
7742,1.7399906158447265
7743,1.9287469863891602
7744,2.033077049255371
7745,1.9672866821289063
7746,1.8605266571044923
7747,1.7047576904296875
7748,2.08530330657959
7749,1.7099292755126954
7750,1.8697778701782226
7751,2.0707639694213866
7752,2.0669769287109374
7753,1.8701692581176759
7754,1.9517839431762696
7755,2.0360252380371096
7756,1.5281073570251464
7757,2.162535285949707
7758,1.899871253967285
7759,1.8732675552368163
7760,2.248219108581543
7761,1.89935302734375
7762,2.1096750259399415
7763,2.3645984649658205
7764,2.2856843948364256
7765,1.800546646118164
7766,2.0260509490966796
7767,1.6394264221191406
7768,2.058724021911621
7769,1.9628376007080077
7770,1.9973869323730469
7771,2.3863195419311523
7772,2.396952819824219
7773,2.0151519775390625
7774,1.7857379913330078
7775,1.7792463302612305
7776,1.7331293106079102
7777,2.463210105895996
7778,1.9680442810058594
7779,1.5985511779785155
7780,1.859145736694336
7781,1.8747856140136718
7782,2.088520050048828
7783,2.0755504608154296
7784,2.2598987579345704
7785,1.6672805786132812
7786,2.260579490661621
7787,2.2266252517700194
7788,1.7700912475585937
7789,1.8393064498901368
7790,2.055278778076172
7791,1.6469633102416992
7792,2.078495979309082
7793,1.8331960678100585
7794,1.98095645904541
7795,1.7638504028320312
7796,2.0602243423461912
7797,1.746450424194336
7798,1.9416637420654297
7799,2.146107864379883
7800,1.9635900497436523
7801,1.876547622680664
7802,1.8246526718139648
7803,1.5214176177978516
7804,1.9740522384643555
7805,2.0235431671142576
7806,2.3882349014282225
7807,1.6912687301635743
7808,1.8754566192626954
7809,2.0300615310668944
7810,1.8748889923095704
7811,1.5878265380859375
7812,1.7773214340209962
7813,1.195991325378418
7814,1.956179428100586
7815,1.8675256729125977
7816,2.3258975982666015
7817,1.7840553283691407
7818,1.8194892883300782
7819,2.0634389877319337
7820,1.7596433639526368
7821,1.542632484436035
7822,2.03330078125
7823,1.998581886291504
7824,1.5984100341796874
7825,2.191689872741699
7826,1.7262250900268554
7827,1.9267438888549804
7828,1.891744613647461
7829,2.0298093795776366
7830,1.921353530883789
7831,1.7397590637207032
7832,2.287047004699707
7833,2.028497505187988
7834,2.1420400619506834
7835,2.0015790939331053
7836,2.563305473327637
7837,1.7726325988769531
7838,1.8292083740234375
7839,1.5497294425964356
7840,2.162314224243164
7841,2.3831130981445314
7842,1.9419729232788085
7843,1.9411855697631837
7844,1.9298147201538085
7845,2.092298126220703
7846,2.2596784591674806
7847,1.629403305053711
7848,1.915045166015625
7849,1.7527898788452148
7850,1.8766759872436523
7851,1.7326345443725586
7852,2.0039094924926757
7853,1.7311925888061523
7854,2.0773239135742188
7855,1.9828336715698243
7856,2.333030128479004
7857,1.8521440505981446
7858,2.034528923034668
7859,1.948381233215332
7860,1.7927616119384766
7861,1.7031064987182618
7862,1.7614213943481445
7863,1.892392921447754
7864,1.7638805389404297
7865,2.0427824020385743
7866,1.6049253463745117
7867,1.9592935562133789
7868,1.854646873474121
7869,2.0391208648681642
7870,1.9757299423217773
7871,2.2517906188964845
7872,1.732750129699707
7873,1.9460954666137695
7874,1.4630986213684083
7875,2.0986270904541016
7876,2.227351188659668
7877,1.89569091796875
7878,2.2686824798583984
7879,1.8899648666381836
7880,1.839344596862793
7881,1.878786277770996
7882,2.408461570739746
7883,2.1326303482055664
7884,1.9601734161376954
7885,2.1332778930664062
7886,2.2212169647216795
7887,2.0771247863769533
7888,1.916548728942871
7889,1.9729454040527343
7890,1.7483200073242187
7891,1.901591682434082
7892,1.6255916595458983
7893,2.24500732421875
7894,1.6097583770751953
7895,2.0588134765625
7896,2.063818168640137
7897,2.1830400466918944
7898,1.9148649215698241
7899,1.694350814819336
7900,1.8801469802856445
7901,1.756525421142578
7902,2.0213481903076174
7903,2.2891979217529297
7904,1.9428596496582031
7905,2.0426704406738283
7906,2.0099782943725586
7907,2.160781478881836
7908,1.7566654205322265
7909,1.8855861663818358
7910,2.1687589645385743
7911,2.4515356063842773
7912,3.0407718658447265
7913,2.0350164413452148
7914,2.021554183959961
7915,1.9388662338256837
7916,2.1121925354003905
7917,1.9818490982055663
7918,2.2184112548828123
7919,1.918807029724121
7920,1.9141410827636718
7921,1.7068305969238282
7922,2.126263427734375
7923,2.2049018859863283
7924,2.0227113723754884
7925,1.7099922180175782
7926,1.9435985565185547
7927,2.0062665939331055
7928,1.8648374557495118
7929,1.9801443099975586
7930,2.085702896118164
7931,1.7767391204833984
7932,2.125644302368164
7933,1.7759336471557616
7934,1.7765314102172851
7935,1.9594038009643555
7936,1.9494400024414062
7937,1.679936408996582
7938,1.7388782501220703
7939,1.861330223083496
7940,1.808736228942871
7941,2.063539505004883
7942,2.055618476867676
7943,1.9462865829467773
7944,1.9761795043945312
7945,1.8222929000854493
7946,2.132423210144043
7947,2.057701301574707
7948,1.5661295890808105
7949,2.008705902099609
7950,2.008243751525879
7951,1.9660823822021485
7952,1.769315528869629
7953,1.7765047073364257
7954,2.0036373138427734
7955,1.2011240005493165
7956,2.1477483749389648
7957,2.0373132705688475
7958,1.692275047302246
7959,1.8264753341674804
7960,2.6712581634521486
7961,2.041914939880371
7962,1.771148681640625
7963,1.9645530700683593
7964,2.0608652114868162
7965,1.6175102233886718
7966,1.7306121826171874
7967,2.0395456314086915
7968,2.022470474243164
7969,1.6345857620239257
7970,1.8326076507568358
7971,2.1710437774658202
7972,1.979618453979492
7973,1.7154752731323242
7974,2.0186365127563475
7975,1.4144955635070802
7976,2.071549415588379
7977,1.820456314086914
7978,2.161897659301758
7979,2.370444488525391
7980,1.996432113647461
7981,1.607155990600586
7982,1.9571624755859376
7983,2.0935043334960937
7984,2.01210994720459
7985,2.0721719741821287
7986,1.869253158569336
7987,1.9423023223876954
7988,2.211090660095215
7989,1.7737964630126952
7990,2.0823553085327147
7991,2.0829038619995117
7992,1.9827789306640624
7993,2.1906824111938477
7994,2.599842071533203
7995,2.1959613800048827
7996,2.104018974304199
7997,2.044851875305176
7998,2.11558837890625
7999,1.6620885848999023
8000,1.7899957656860352
