epoch,loss
1,4.630764770507812
2,4.386961364746094
3,4.010548782348633
4,3.591750717163086
5,3.599452590942383
6,3.203755187988281
7,3.5100357055664064
8,3.9636604309082033
9,3.5613277435302733
10,3.4057540893554688
11,3.1698511123657225
12,3.1923107147216796
13,3.333177947998047
14,3.1357412338256836
15,3.023204040527344
16,3.2367130279541017
17,3.1332088470458985
18,2.8606237411499023
19,3.0845428466796876
20,3.0993524551391602
21,2.8994543075561525
22,3.2464645385742186
23,3.063187026977539
24,3.428883361816406
25,3.0374776840209963
26,2.766308403015137
27,3.094990921020508
28,2.9461904525756837
29,2.9638465881347655
30,2.8635671615600584
31,2.99292049407959
32,2.8728199005126953
33,3.3200260162353517
34,2.7943803787231447
35,2.8669052124023438
36,2.766242790222168
37,2.7903678894042967
38,2.982442283630371
39,2.8800048828125
40,2.9355823516845705
41,2.8689327239990234
42,3.0838512420654296
43,2.4845590591430664
44,2.838896942138672
45,2.860727882385254
46,2.8002599716186523
47,2.9545877456665037
48,2.581869697570801
49,2.596710205078125
50,2.605755424499512
51,2.3173471450805665
52,2.7237401962280274
53,2.9890092849731444
54,2.6935901641845703
55,2.6244401931762695
56,2.6667808532714843
57,2.5826663970947266
58,2.4469970703125
59,2.809407615661621
60,2.6532520294189452
61,2.3847375869750977
62,2.7430152893066406
63,2.752054214477539
64,2.5443161010742186
65,2.3807729721069335
66,2.788599395751953
67,2.208431053161621
68,2.7946847915649413
69,2.4570751190185547
70,2.4583778381347656
71,2.372238349914551
72,2.6467731475830076
73,2.556176948547363
74,2.7155643463134767
75,2.3515398025512697
76,2.4266061782836914
77,2.5309122085571287
78,2.817062759399414
79,2.430699348449707
80,2.67419548034668
81,2.584026908874512
82,2.6099754333496095
83,2.6596982955932615
84,2.3629745483398437
85,2.224486541748047
86,2.288034439086914
87,2.7503536224365233
88,2.3506214141845705
89,2.6639204025268555
90,2.560641288757324
91,2.3266599655151365
92,2.2404644012451174
93,2.4903581619262694
94,2.5327272415161133
95,2.41485710144043
96,2.618984413146973
97,2.455390739440918
98,2.483043098449707
99,2.684259605407715
100,2.493950843811035
101,2.3405282974243162
102,2.5740789413452148
103,2.3947097778320314
104,2.461236572265625
105,2.39984130859375
106,2.421767234802246
107,2.483485221862793
108,2.4409841537475585
109,2.6019824981689452
110,2.517227363586426
111,2.327036666870117
112,2.635955238342285
113,2.121002769470215
114,2.151140594482422
115,2.5040653228759764
116,2.854401969909668
117,2.4770782470703123
118,2.708601951599121
119,2.6626775741577147
120,2.325048828125
121,2.210210990905762
122,2.5573410034179687
123,2.622100830078125
124,2.284037208557129
125,2.54565372467041
126,2.511621284484863
127,2.242181968688965
128,2.573141670227051
129,2.280984878540039
130,2.4177118301391602
131,2.2841529846191406
132,2.4106927871704102
133,2.5681007385253904
134,2.564529800415039
135,2.3250125885009765
136,2.340126800537109
137,2.150571823120117
138,2.4762317657470705
139,2.2753627777099608
140,2.359527015686035
141,2.5422433853149413
142,2.3338165283203125
143,2.346485900878906
144,2.380168914794922
145,2.515201950073242
146,1.9793521881103515
147,2.464873695373535
148,2.229134368896484
149,2.483561706542969
150,2.486785125732422
151,2.3230659484863283
152,2.471291351318359
153,2.319430923461914
154,2.4884706497192384
155,2.5779338836669923
156,2.7829362869262697
157,2.4686222076416016
158,2.2765289306640626
159,2.5520627975463865
160,2.2292812347412108
161,2.613642692565918
162,2.3493925094604493
163,2.507177543640137
164,2.1616756439208986
165,2.321675682067871
166,2.3444120407104494
167,2.2445674896240235
168,2.4165382385253906
169,2.2721357345581055
170,2.3422691345214846
171,2.682578277587891
172,2.2620641708374025
173,2.003805732727051
174,2.152042198181152
175,2.34786434173584
176,2.2627046585083006
177,2.6013906478881834
178,2.384086036682129
179,2.504154586791992
180,2.1060794830322265
181,2.091852378845215
182,2.461627960205078
183,2.510508155822754
184,2.337127685546875
185,2.6125972747802733
186,2.523894500732422
187,2.252516174316406
188,2.2098480224609376
189,2.569371795654297
190,1.8533294677734375
191,2.326548194885254
192,2.684696388244629
193,2.678125762939453
194,2.323533058166504
195,2.562005615234375
196,2.312093162536621
197,2.4697742462158203
198,2.4497194290161133
199,2.213758087158203
200,2.1210609436035157
201,2.302113342285156
202,2.3440189361572266
203,2.3179868698120116
204,2.2548053741455076
205,2.2883525848388673
206,2.255367088317871
207,1.8858766555786133
208,2.5667177200317384
209,2.505731964111328
210,2.512307548522949
211,2.3786706924438477
212,2.4104568481445314
213,2.390449333190918
214,2.159645652770996
215,2.6542104721069335
216,2.5560300827026365
217,2.293972206115723
218,2.553455924987793
219,2.275863456726074
220,2.2287612915039063
221,2.2283855438232423
222,2.6165605545043946
223,1.976728630065918
224,2.56451358795166
225,2.1732839584350585
226,2.5713001251220704
227,2.764790725708008
228,2.1825031280517577
229,2.2954057693481444
230,2.2173458099365235
231,2.382766914367676
232,2.2300107955932615
233,2.312062644958496
234,2.1672903060913087
235,2.7354190826416014
236,2.0184051513671877
237,2.3275615692138674
238,2.0983734130859375
239,2.7159343719482423
240,2.644623565673828
241,2.566555976867676
242,2.2392730712890625
243,2.472764015197754
244,2.092279243469238
245,2.450729179382324
246,1.957267951965332
247,2.3196434020996093
248,2.3669593811035154
249,2.2335025787353517
250,2.49440860748291
251,2.137733268737793
252,2.294969367980957
253,2.346305274963379
254,2.1802568435668945
255,2.4224016189575197
256,2.2853649139404295
257,2.2152719497680664
258,2.2304622650146486
259,2.180367088317871
260,2.0997383117675783
261,2.609182357788086
262,2.329954719543457
263,2.5131813049316407
264,2.3290014266967773
265,2.2617424011230467
266,2.342985153198242
267,2.640049362182617
268,2.1889776229858398
269,2.1614664077758787
270,2.182177734375
271,2.2284530639648437
272,2.264456558227539
273,2.5490869522094726
274,2.707034111022949
275,2.3482059478759765
276,2.4848344802856444
277,2.285653305053711
278,2.357395362854004
279,2.715169906616211
280,2.280826187133789
281,2.5585187911987304
282,2.328787612915039
283,2.228483200073242
284,1.939834213256836
285,2.2788131713867186
286,2.536938285827637
287,2.399037170410156
288,2.3493762969970704
289,2.4225717544555665
290,2.373420524597168
291,2.4290674209594725
292,2.4244716644287108
293,2.364651679992676
294,2.7277912139892577
295,2.143732452392578
296,2.0825456619262694
297,2.3038312911987306
298,2.3429441452026367
299,1.894085693359375
300,2.118572807312012
301,2.1588973999023438
302,2.1237813949584963
303,2.3022388458251952
304,2.1266618728637696
305,2.3542959213256838
306,2.3191429138183595
307,2.534716033935547
308,2.4844451904296876
309,2.1893314361572265
310,2.328705596923828
311,2.3978818893432616
312,2.25400333404541
313,2.5677021026611326
314,2.5178218841552735
315,2.2778419494628905
316,2.266478157043457
317,1.912278175354004
318,2.279570198059082
319,2.3209228515625
320,2.244072914123535
321,2.396111488342285
322,2.1506370544433593
323,1.9751558303833008
324,2.118935203552246
325,2.0784719467163084
326,2.1546329498291015
327,2.4810178756713865
328,2.0232269287109377
329,2.0486255645751954
330,2.3673894882202147
331,2.4808454513549805
332,2.5185771942138673
333,2.3296577453613283
334,2.4178056716918945
335,2.544339179992676
336,2.289687156677246
337,2.3861793518066405
338,2.634103012084961
339,2.479112434387207
340,2.4846826553344727
341,2.4747135162353517
342,2.0409950256347655
343,2.5774667739868162
344,2.2962770462036133
345,2.3746665954589843
346,2.142070007324219
347,2.081141471862793
348,2.469496154785156
349,2.085504150390625
350,2.018588066101074
351,2.0079910278320314
352,2.0889806747436523
353,2.2575544357299804
354,2.2349035263061525
355,2.2294519424438475
356,2.2098514556884767
357,1.8989748001098632
358,2.1839664459228514
359,2.1787853240966797
360,2.5090911865234373
361,2.3784324645996096
362,2.6327594757080077
363,2.1135778427124023
364,2.3060075759887697
365,2.2828433990478514
366,2.2449790954589846
367,2.1178102493286133
368,2.06934814453125
369,2.2476356506347654
370,2.2506628036499023
371,2.230864906311035
372,2.2971811294555664
373,2.5387908935546877
374,2.162684440612793
375,2.4069467544555665
376,2.464100456237793
377,2.4737594604492186
378,2.5899978637695313
379,2.175688552856445
380,2.0052312850952148
381,2.24838809967041
382,2.307193374633789
383,2.5667226791381834
384,2.178649139404297
385,2.368423271179199
386,2.1112674713134765
387,2.5365907669067385
388,2.562915802001953
389,2.335613250732422
390,2.096675491333008
391,2.384754943847656
392,2.447175216674805
393,2.5704078674316406
394,2.391147232055664
395,2.171255111694336
396,2.233958435058594
397,2.4478302001953125
398,2.314955139160156
399,2.0500011444091797
400,2.4226354598999023
401,2.2629653930664064
402,2.0771862030029298
403,2.440582275390625
404,2.3260507583618164
405,2.4573604583740236
406,2.6164241790771485
407,2.5752351760864256
408,2.02030029296875
409,2.02587833404541
410,2.529056358337402
411,2.0490097045898437
412,2.341457748413086
413,2.302935791015625
414,2.5408349990844727
415,2.442019462585449
416,2.301130485534668
417,2.049029731750488
418,2.2367891311645507
419,1.969895362854004
420,2.1440853118896483
421,2.3851728439331055
422,2.070115661621094
423,2.114385223388672
424,2.561697769165039
425,2.0716716766357424
426,2.2118759155273438
427,2.202569770812988
428,2.3642112731933596
429,2.409194755554199
430,2.4239625930786133
431,2.4747528076171874
432,2.0405073165893555
433,2.4691646575927733
434,2.109567642211914
435,2.3175573348999023
436,2.596272087097168
437,2.4633577346801756
438,2.339276885986328
439,2.1491268157958983
440,2.02343864440918
441,2.0767644882202148
442,2.196839141845703
443,2.3294654846191407
444,2.371843147277832
445,2.5364309310913087
446,2.645280647277832
447,2.5020755767822265
448,2.469551658630371
449,2.2859689712524416
450,1.9163526535034179
451,2.6479814529418944
452,2.8182920455932616
453,2.1886363983154298
454,2.521315574645996
455,2.2873903274536134
456,2.3834266662597656
457,2.03326473236084
458,2.180293846130371
459,2.529575729370117
460,2.333138084411621
461,2.2132415771484375
462,2.0410003662109375
463,2.46759147644043
464,1.9786502838134765
465,1.9861589431762696
466,2.170657157897949
467,2.3625299453735353
468,2.4668249130249023
469,2.3493906021118165
470,2.59280948638916
471,2.2685932159423827
472,2.479400634765625
473,2.220488929748535
474,2.373777961730957
475,2.495593452453613
476,2.0976898193359377
477,2.4761240005493166
478,2.4293670654296875
479,2.323906135559082
480,2.3128660202026365
481,2.2855304718017577
482,2.337273597717285
483,2.484421157836914
484,2.1095476150512695
485,2.091985321044922
486,2.2692539215087892
487,2.249642181396484
488,2.3629833221435548
489,2.208173942565918
490,2.401891899108887
491,2.3112430572509766
492,2.3352048873901365
493,2.043015480041504
494,2.1103242874145507
495,2.037156105041504
496,2.484568405151367
497,2.247830390930176
498,2.765442657470703
499,2.0821722030639647
500,2.4513469696044923
501,2.0982980728149414
502,2.538842964172363
503,2.475377082824707
504,2.3358245849609376
505,2.300989532470703
506,2.282725524902344
507,2.1620920181274412
508,2.3064197540283202
509,2.3695178985595704
510,2.1714515686035156
511,2.3729185104370116
512,2.2558780670166017
513,2.1702402114868162
514,2.263571357727051
515,2.241565132141113
516,2.240143585205078
517,1.9675636291503906
518,2.0805856704711916
519,2.1389591217041017
520,2.291131591796875
521,2.346851348876953
522,2.2475606918334963
523,2.058026123046875
524,2.4538930892944335
525,2.4506277084350585
526,2.1756193161010744
527,2.3976581573486326
528,2.4085109710693358
529,2.329768753051758
530,2.4107017517089844
531,2.267145347595215
532,1.9509048461914062
533,2.499546432495117
534,2.2057003021240233
535,2.214436912536621
536,2.4926204681396484
537,2.337254524230957
538,2.097157859802246
539,2.1910577774047852
540,2.169862747192383
541,2.5442478179931642
542,2.547195625305176
543,2.327352523803711
544,2.3988719940185548
545,2.2421064376831055
546,1.9236663818359374
547,2.0746355056762695
548,2.537552261352539
549,2.2258424758911133
550,2.4095436096191407
551,2.0891792297363283
552,2.0664838790893554
553,2.4261587142944334
554,2.231142044067383
555,2.3772478103637695
556,2.475537109375
557,2.421463966369629
558,2.25722713470459
559,2.0786649703979494
560,2.677031898498535
561,2.0874750137329103
562,2.3400367736816405
563,2.0452835083007814
564,2.150233840942383
565,2.1055252075195314
566,2.315801429748535
567,2.5576738357543944
568,2.110727310180664
569,2.1843875885009765
570,2.4892322540283205
571,2.1980606079101563
572,2.17880916595459
573,2.159755897521973
574,2.2318164825439455
575,1.7725912094116212
576,2.174200439453125
577,2.2290225982666017
578,2.5633495330810545
579,2.370827865600586
580,2.268330192565918
581,2.0244956970214845
582,1.8421617507934571
583,2.3155120849609374
584,1.9765640258789063
585,2.1556169509887697
586,2.1907325744628907
587,2.4823383331298827
588,2.1938827514648436
589,2.124839973449707
590,2.251804733276367
591,2.374764251708984
592,2.3882192611694335
593,2.0979000091552735
594,2.1125869750976562
595,1.8886314392089845
596,2.014409637451172
597,2.4624887466430665
598,2.2108396530151366
599,2.3866546630859373
600,2.347731590270996
601,1.8288887023925782
602,2.0133150100708006
603,2.2469760894775392
604,2.4642505645751953
605,2.4976802825927735
606,1.9922420501708984
607,2.3724798202514648
608,1.9655418395996094
609,2.1660104751586915
610,2.245242691040039
611,2.3877296447753906
612,2.1371110916137694
613,2.061275291442871
614,2.04549503326416
615,1.8974876403808594
616,2.299699401855469
617,1.9143707275390625
618,2.2872316360473635
619,2.451837158203125
620,2.518574523925781
621,2.40490837097168
622,2.488113784790039
623,2.2831411361694336
624,2.2131475448608398
625,2.3273696899414062
626,2.566706657409668
627,2.2299514770507813
628,2.088409423828125
629,2.3007524490356444
630,2.603650665283203
631,2.122318077087402
632,2.0698436737060546
633,2.0782705307006837
634,2.448293113708496
635,2.0347002029418944
636,2.3927841186523438
637,2.038591194152832
638,2.4211589813232424
639,2.128290367126465
640,2.445137786865234
641,1.9377843856811523
642,2.365719795227051
643,2.184156608581543
644,2.128220558166504
645,2.1682151794433593
646,2.460567283630371
647,2.1477563858032225
648,2.1934236526489257
649,2.0516145706176756
650,2.2258750915527346
651,2.180691719055176
652,2.40997428894043
653,2.3528816223144533
654,2.359403610229492
655,2.327875518798828
656,2.34547119140625
657,2.1636667251586914
658,2.209615707397461
659,2.3101491928100586
660,2.254648780822754
661,2.543929672241211
662,2.021523857116699
663,1.9216955184936524
664,2.0301631927490233
665,2.3516008377075197
666,2.573394012451172
667,2.4696781158447267
668,2.313551330566406
669,2.2185964584350586
670,1.9838127136230468
671,2.2962648391723635
672,2.226633834838867
673,2.1811904907226562
674,2.0066904067993163
675,2.150740623474121
676,2.065687561035156
677,2.258680534362793
678,2.4007242202758787
679,2.2901634216308593
680,2.1135652542114256
681,2.1526750564575194
682,2.215907669067383
683,2.191976547241211
684,2.2636478424072264
685,2.1097929000854494
686,1.7778226852416992
687,2.580387306213379
688,2.1447242736816405
689,1.9398506164550782
690,2.416460418701172
691,2.19095458984375
692,2.0823343276977537
693,2.0844472885131835
694,2.2686746597290037
695,2.3181386947631837
696,2.0580686569213866
697,2.018036460876465
698,1.9582468032836915
699,2.718613052368164
700,2.2598382949829103
701,2.135973358154297
702,1.9283531188964844
703,2.1457822799682615
704,2.379923629760742
705,2.429042434692383
706,2.4535987854003904
707,2.2065265655517576
708,2.2117958068847656
709,2.0578901290893556
710,2.4262985229492187
711,2.3477804183959963
712,2.0981618881225588
713,2.4663530349731446
714,1.943613624572754
715,2.109465980529785
716,2.4460521697998048
717,1.7920536041259765
718,2.2070070266723634
719,2.3861934661865236
720,2.399671173095703
721,2.083572006225586
722,2.177511787414551
723,2.055681037902832
724,2.111125183105469
725,2.3247480392456055
726,2.202259826660156
727,2.201547622680664
728,2.3169189453125
729,2.4179588317871095
730,2.2288076400756838
731,2.188726615905762
732,2.1074899673461913
733,2.4891061782836914
734,2.4373058319091796
735,2.247119903564453
736,2.315504264831543
737,2.45518798828125
738,1.8946561813354492
739,2.287234878540039
740,2.1356067657470703
741,2.0935684204101563
742,2.0218814849853515
743,2.4051437377929688
744,2.324325370788574
745,1.9941343307495116
746,2.253352737426758
747,2.3650964736938476
748,2.214462661743164
749,2.385699462890625
750,2.1118837356567384
751,2.1417863845825194
752,2.271973991394043
753,2.2431365966796877
754,2.333135795593262
755,2.1086700439453123
756,1.961440658569336
757,2.277758979797363
758,2.5036289215087892
759,1.9652006149291992
760,1.8932151794433594
761,2.166545104980469
762,2.3954700469970702
763,1.963859748840332
764,2.3083208084106444
765,2.3664308547973634
766,2.4994318008422853
767,2.3732248306274415
768,2.063325119018555
769,2.2870466232299806
770,1.9689451217651368
771,2.2226943969726562
772,2.254750061035156
773,2.0349380493164064
774,2.1766754150390626
775,2.9205236434936523
776,1.9860933303833008
777,2.3066823959350584
778,2.1635433197021485
779,2.1249114990234377
780,2.438521385192871
781,2.378850746154785
782,2.2062732696533205
783,2.2886863708496095
784,2.2089666366577148
785,2.0496965408325196
786,2.3165908813476563
787,2.211290168762207
788,2.202627944946289
789,2.0890989303588867
790,2.497975730895996
791,2.295500946044922
792,2.2487741470336915
793,2.4345172882080077
794,2.2148719787597657
795,2.0263399124145507
796,1.7567028045654296
797,2.1402732849121096
798,2.0587879180908204
799,2.2334531784057616
800,2.2922536849975588
801,2.0003854751586916
802,2.256005859375
803,2.1928438186645507
804,2.0164812088012694
805,1.9288312911987304
806,2.043568801879883
807,2.2724966049194335
808,2.2436758041381837
809,2.2952531814575194
810,2.3546594619750976
811,2.1246850967407225
812,2.1156482696533203
813,2.1771677017211912
814,2.474925422668457
815,2.3869087219238283
816,2.852136993408203
817,1.8437124252319337
818,2.2071088790893554
819,2.3495628356933596
820,2.3137121200561523
821,2.5155895233154295
822,2.267217826843262
823,2.3944114685058593
824,2.309164619445801
825,2.183841514587402
826,2.4462860107421873
827,2.39459342956543
828,2.090494918823242
829,2.4182968139648438
830,2.0447851181030274
831,2.670084571838379
832,2.1863874435424804
833,2.438663101196289
834,2.5789289474487305
835,2.329066276550293
836,2.306321144104004
837,2.2882604598999023
838,2.011649513244629
839,1.8792009353637695
840,2.0401315689086914
841,2.096083068847656
842,2.0660829544067383
843,2.1039648056030273
844,2.7002389907836912
845,2.2073139190673827
846,1.9964061737060548
847,2.1312652587890626
848,2.0168136596679687
849,2.3400959014892577
850,1.9184326171875
851,2.77032413482666
852,2.438465881347656
853,2.0822589874267576
854,2.316085624694824
855,2.029188346862793
856,1.9020551681518554
857,2.1053857803344727
858,2.0906888961791994
859,2.189519500732422
860,2.2551156997680666
861,2.457004928588867
862,2.1773590087890624
863,1.9031709671020507
864,2.264204216003418
865,2.261694145202637
866,2.282303237915039
867,2.0317590713500975
868,2.2165075302124024
869,1.9790836334228517
870,2.6853084564208984
871,2.1994075775146484
872,2.2622095108032227
873,2.0048240661621093
874,1.6789510726928711
875,2.254808235168457
876,2.0754602432250975
877,2.2571365356445314
878,2.2125528335571287
879,2.4608127593994142
880,2.051120567321777
881,1.9648841857910155
882,2.20001163482666
883,2.0877376556396485
884,2.3409181594848634
885,2.0105659484863283
886,2.4449298858642576
887,2.318262481689453
888,2.348322105407715
889,1.825226402282715
890,2.463761329650879
891,2.2039649963378904
892,1.7223928451538086
893,2.499996376037598
894,2.7424636840820313
895,2.2741912841796874
896,2.1836246490478515
897,2.1636829376220703
898,2.3590747833251955
899,2.090373992919922
900,2.3592819213867187
901,1.9780208587646484
902,1.9539512634277343
903,2.2208019256591798
904,1.907675552368164
905,1.8773998260498046
906,2.4539300918579103
907,2.572907829284668
908,2.0409217834472657
909,1.96512451171875
910,2.125720405578613
911,2.27579345703125
912,2.161665153503418
913,2.180808448791504
914,2.2486598968505858
915,1.7594589233398437
916,2.012571334838867
917,2.1299627304077147
918,2.4679920196533205
919,2.169809913635254
920,2.0727458953857423
921,1.961629867553711
922,2.0971857070922852
923,2.475387382507324
924,2.1278751373291014
925,2.157249641418457
926,2.182413673400879
927,2.264801597595215
928,2.2471994400024413
929,2.5867809295654296
930,2.1031822204589843
931,2.2249406814575194
932,2.2508983612060547
933,2.0597721099853517
934,2.3315685272216795
935,2.2120250701904296
936,2.349333381652832
937,2.6592750549316406
938,2.3591436386108398
939,2.294190788269043
940,2.1071468353271485
941,1.8192394256591797
942,2.3278274536132812
943,1.814128303527832
944,1.9960851669311523
945,2.1349853515625
946,2.0556818008422852
947,2.636882781982422
948,2.1852596282958983
949,2.047746467590332
950,2.597727584838867
951,1.9448026657104491
952,1.9974193572998047
953,2.5110794067382813
954,2.5618595123291015
955,2.2904230117797852
956,2.5178489685058594
957,1.9237632751464844
958,2.092278480529785
959,2.435088539123535
960,2.027811622619629
961,2.2980329513549806
962,1.8157323837280273
963,2.181680107116699
964,2.4812990188598634
965,2.0904218673706056
966,2.1951045989990234
967,2.257120895385742
968,2.3168697357177734
969,2.0507928848266603
970,1.9006521224975585
971,2.216716003417969
972,2.216904067993164
973,2.4814384460449217
974,2.3330034255981444
975,2.4478302001953125
976,2.275968551635742
977,2.4469385147094727
978,2.513226127624512
979,2.219089126586914
980,2.18410701751709
981,2.3837812423706053
982,2.2139732360839846
983,2.3129114151000976
984,1.9957155227661132
985,2.0611621856689455
986,2.350559043884277
987,2.4617990493774413
988,2.0495256423950194
989,2.194802474975586
990,1.8587881088256837
991,2.2171459197998047
992,2.196284294128418
993,2.040074348449707
994,2.265255355834961
995,2.1553276062011717
996,2.277699089050293
997,2.0338260650634767
998,2.1845184326171876
999,2.463907814025879
1000,2.7316621780395507
1001,2.0035640716552736
1002,2.6600027084350586
1003,2.5378156661987306
1004,2.1286443710327148
1005,2.0672088623046876
1006,2.0324817657470704
1007,2.2414709091186524
1008,2.3284955978393556
1009,2.3714101791381834
1010,2.361648178100586
1011,2.609610939025879
1012,1.9523443222045898
1013,2.2963899612426757
1014,1.9025444030761718
1015,2.0103153228759765
1016,2.1967418670654295
1017,2.1135461807250975
1018,1.9726839065551758
1019,2.0395906448364256
1020,2.2698347091674806
1021,2.2313116073608397
1022,2.373823356628418
1023,2.1839529037475587
1024,2.254563331604004
1025,2.250181198120117
1026,2.1134647369384765
1027,2.1621850967407226
1028,2.444548416137695
1029,2.045598602294922
1030,2.3417583465576173
1031,2.388816261291504
1032,2.5116130828857424
1033,1.8762628555297851
1034,2.407010078430176
1035,2.0412220001220702
1036,2.0537843704223633
1037,2.324544906616211
1038,2.543125343322754
1039,2.3940048217773438
1040,2.202540397644043
1041,2.020676040649414
1042,2.0377187728881836
1043,2.1772008895874024
1044,2.560135078430176
1045,1.9400205612182617
1046,2.1636476516723633
1047,2.129961395263672
1048,1.636575698852539
1049,2.5136411666870115
1050,2.465953254699707
1051,2.408868980407715
1052,2.173402214050293
1053,2.3436851501464844
1054,1.9979799270629883
1055,2.0720808029174806
1056,2.338699531555176
1057,2.3692853927612303
1058,2.1595640182495117
1059,2.3956636428833007
1060,1.8900009155273438
1061,2.2164716720581055
1062,1.9013690948486328
1063,2.0452434539794924
1064,2.2343332290649416
1065,2.334792900085449
1066,1.6091211318969727
1067,2.4236471176147463
1068,2.4376049041748047
1069,2.0024045944213866
1070,2.1431243896484373
1071,2.100453186035156
1072,1.8721012115478515
1073,2.522770118713379
1074,2.0589794158935546
1075,2.346014213562012
1076,2.0657243728637695
1077,2.2558359146118163
1078,2.1235881805419923
1079,1.908793830871582
1080,2.4355356216430666
1081,2.1491716384887694
1082,2.2144426345825194
1083,2.366428756713867
1084,1.8830516815185547
1085,2.4419490814208986
1086,2.392908477783203
1087,2.0460338592529297
1088,2.4690732955932617
1089,1.8145244598388672
1090,2.9212116241455077
1091,2.212164115905762
1092,2.363296699523926
1093,1.9031999588012696
1094,2.5786064147949217
1095,2.0141618728637694
1096,2.2538501739501955
1097,2.3876373291015627
1098,2.372514343261719
1099,2.2394487380981447
1100,2.369378852844238
1101,1.921043586730957
1102,2.289542579650879
1103,2.600956153869629
1104,2.2491540908813477
1105,2.480744743347168
1106,1.9964473724365235
1107,1.663901138305664
1108,2.294225311279297
1109,2.146194839477539
1110,2.4173351287841798
1111,2.006402015686035
1112,1.9462055206298827
1113,2.7168025970458984
1114,2.5047935485839843
1115,2.4933551788330077
1116,2.172650909423828
1117,2.4318607330322264
1118,2.159956169128418
1119,2.4258262634277346
1120,2.0373668670654297
1121,2.3565465927124025
1122,1.920389175415039
1123,2.1269304275512697
1124,2.1895851135253905
1125,2.055131530761719
1126,2.3006128311157226
1127,2.4761356353759765
1128,2.0952919006347654
1129,2.321457862854004
1130,2.172319221496582
1131,1.9919998168945312
1132,2.3900379180908202
1133,2.154009246826172
1134,2.192038345336914
1135,2.2990371704101564
1136,1.8020069122314453
1137,2.388658905029297
1138,2.1624467849731444
1139,2.220552444458008
1140,2.5324901580810546
1141,2.11580753326416
1142,2.232599639892578
1143,1.9470876693725585
1144,2.0507373809814453
1145,2.5082712173461914
1146,2.1417606353759764
1147,1.9123403549194335
1148,2.0952096939086915
1149,2.4728729248046877
1150,2.375293731689453
1151,2.3953147888183595
1152,2.332736015319824
1153,2.186346244812012
1154,2.3275997161865236
1155,2.6089399337768553
1156,2.38692684173584
1157,2.2086118698120116
1158,2.164033317565918
1159,2.380816650390625
1160,2.319835090637207
1161,2.281173896789551
1162,2.3600942611694338
1163,2.0087684631347655
1164,2.313681221008301
1165,2.1718982696533202
1166,2.5752758026123046
1167,2.303898811340332
1168,2.15240364074707
1169,2.426291084289551
1170,2.0028200149536133
1171,2.1781713485717775
1172,2.112790107727051
1173,2.2485137939453126
1174,2.594484329223633
1175,2.247500991821289
1176,2.2503767013549805
1177,2.0028167724609376
1178,2.1481258392333986
1179,2.2249006271362304
1180,2.4028467178344726
1181,2.1605146408081053
1182,1.993215560913086
1183,1.9867166519165038
1184,2.238730621337891
1185,1.9134550094604492
1186,2.2172679901123047
1187,2.340097999572754
1188,1.8067794799804688
1189,2.174338531494141
1190,1.8523303985595703
1191,2.274668884277344
1192,2.3579030990600587
1193,2.0212493896484376
1194,1.9079416275024415
1195,2.1140939712524416
1196,2.091608238220215
1197,1.8828508377075195
1198,2.0968671798706056
1199,1.8972202301025392
1200,2.1504100799560546
1201,2.360514831542969
1202,2.2943435668945313
1203,2.270038604736328
1204,2.056812286376953
1205,2.2676889419555666
1206,2.2808155059814452
1207,2.7907974243164064
1208,2.035039710998535
1209,2.194809913635254
1210,1.9398731231689452
1211,1.9328620910644532
1212,2.3222131729125977
1213,2.45528621673584
1214,1.8214340209960938
1215,2.3041091918945313
1216,2.239443778991699
1217,2.006171989440918
1218,2.122689056396484
1219,2.5062833786010743
1220,2.1900182723999024
1221,1.8077144622802734
1222,1.9432500839233398
1223,2.193470001220703
1224,2.4639537811279295
1225,2.2180057525634767
1226,2.411746788024902
1227,2.030435562133789
1228,2.335094451904297
1229,2.505722999572754
1230,2.4561304092407226
1231,1.9047725677490235
1232,1.996516227722168
1233,2.603816032409668
1234,2.3925472259521485
1235,1.9828910827636719
1236,2.41213436126709
1237,2.4022504806518556
1238,2.2132547378540037
1239,2.3009313583374023
1240,2.1697528839111326
1241,1.9245187759399414
1242,2.179548454284668
1243,2.1435064315795898
1244,2.0933094024658203
1245,2.138519287109375
1246,2.3121599197387694
1247,2.0976577758789063
1248,1.8535005569458007
1249,2.077701377868652
1250,2.35546932220459
1251,2.1864835739135744
1252,2.291251564025879
1253,2.2610393524169923
1254,2.5361677169799806
1255,2.284603309631348
1256,2.2867063522338866
1257,2.3246335983276367
1258,2.2388076782226562
1259,1.807101058959961
1260,2.3810686111450194
1261,2.145301628112793
1262,2.3474374771118165
1263,2.28747501373291
1264,2.39302978515625
1265,1.9815784454345704
1266,2.291132354736328
1267,2.21829833984375
1268,1.9854230880737305
1269,2.3436737060546875
1270,2.30206356048584
1271,1.7284511566162108
1272,2.246755027770996
1273,2.3854223251342774
1274,2.0749292373657227
1275,2.417171859741211
1276,2.4344839096069335
1277,2.3281749725341796
1278,2.2550573348999023
1279,2.1810791015625
1280,2.2477977752685545
1281,2.086229705810547
1282,2.1704578399658203
1283,1.8860357284545899
1284,2.5058874130249023
1285,2.1829734802246095
1286,2.183125877380371
1287,2.0335363388061523
1288,2.3797018051147463
1289,2.0523984909057615
1290,1.9820905685424806
1291,2.0902809143066405
1292,2.2616603851318358
1293,2.368695831298828
1294,2.013993835449219
1295,2.169341468811035
1296,2.0442649841308596
1297,2.3031845092773438
1298,1.695258331298828
1299,2.496422004699707
1300,2.155845832824707
1301,2.1751230239868162
1302,1.9981239318847657
1303,2.261116600036621
1304,1.9438127517700194
1305,2.2476980209350588
1306,1.9971330642700196
1307,1.8582067489624023
1308,2.27865047454834
1309,2.310590934753418
1310,1.8792314529418945
1311,2.111075210571289
1312,2.0924236297607424
1313,2.267898750305176
1314,1.8900890350341797
1315,2.039956474304199
1316,1.937339973449707
1317,2.1965450286865233
1318,2.5093103408813477
1319,2.4268014907836912
1320,2.36709041595459
1321,2.5791187286376953
1322,2.578736686706543
1323,1.7486526489257812
1324,2.201837348937988
1325,2.25344181060791
1326,1.762925148010254
1327,2.0905595779418946
1328,1.989542579650879
1329,2.04656925201416
1330,2.0475179672241213
1331,2.1060083389282225
1332,2.07863826751709
1333,2.030381202697754
1334,2.355368423461914
1335,2.266646385192871
1336,2.0594247817993163
1337,1.9452241897583007
1338,2.154769706726074
1339,2.3422950744628905
1340,1.788287353515625
1341,2.196207618713379
1342,1.832465362548828
1343,2.1386955261230467
1344,2.3008729934692385
1345,2.002456283569336
1346,2.2044395446777343
1347,2.0911773681640624
1348,1.879353904724121
1349,1.7200632095336914
1350,2.249436950683594
1351,2.075731658935547
1352,2.044645309448242
1353,2.2275405883789063
1354,2.771753692626953
1355,2.3464834213256838
1356,2.2163007736206053
1357,2.335940361022949
1358,1.979252243041992
1359,2.5489356994628904
1360,2.0165430068969727
1361,2.1368925094604494
1362,2.1482378005981446
1363,1.9828300476074219
1364,1.9290355682373046
1365,2.267201042175293
1366,2.194051170349121
1367,2.0118499755859376
1368,2.0435182571411135
1369,2.5321516036987304
1370,2.3503114700317385
1371,2.370823287963867
1372,2.32012996673584
1373,2.1102014541625977
1374,2.07623405456543
1375,1.8048974990844726
1376,2.1887083053588867
1377,2.41190128326416
1378,2.2398265838623046
1379,1.8665174484252929
1380,2.2594841003417967
1381,2.244001007080078
1382,2.066980171203613
1383,1.9673925399780274
1384,1.9175888061523438
1385,2.5345396041870116
1386,2.2263652801513674
1387,2.1036989212036135
1388,1.953005599975586
1389,2.0777923583984377
1390,2.011123466491699
1391,2.269875907897949
1392,2.004344177246094
1393,2.06192569732666
1394,1.9872318267822267
1395,2.2183387756347654
1396,2.3728837966918945
1397,2.280157279968262
1398,2.128017807006836
1399,2.100108528137207
1400,2.599075508117676
1401,2.133066749572754
1402,2.5597986221313476
1403,2.214929389953613
1404,2.414003372192383
1405,1.9620189666748047
1406,1.9564905166625977
1407,2.959927558898926
1408,2.3167848587036133
1409,2.369930076599121
1410,2.2453622817993164
1411,1.9174962997436524
1412,2.357303428649902
1413,2.4723976135253904
1414,2.3373817443847655
1415,2.3543670654296873
1416,2.169485092163086
1417,2.4312280654907226
1418,2.4193567276000976
1419,1.9882030487060547
1420,2.0665237426757814
1421,2.038300323486328
1422,2.217716026306152
1423,2.01612548828125
1424,2.1545137405395507
1425,2.2007619857788088
1426,1.991952133178711
1427,2.1165212631225585
1428,2.08767032623291
1429,2.317931365966797
1430,2.3618282318115233
1431,2.270882797241211
1432,2.1057260513305662
1433,2.0564037322998048
1434,2.277052879333496
1435,2.229131317138672
1436,2.058136558532715
1437,2.0674068450927736
1438,2.24765682220459
1439,2.4168722152709963
1440,2.319479560852051
1441,2.2324382781982424
1442,2.4849784851074217
1443,1.7299770355224608
1444,1.9366653442382813
1445,2.2
1446,2.015279197692871
1447,2.1986465454101562
1448,1.9215988159179687
1449,2.422505569458008
1450,2.0905519485473634
1451,2.98177490234375
1452,1.898301887512207
1453,2.1248592376708983
1454,2.090911102294922
1455,1.9530162811279297
1456,2.662525177001953
1457,2.3731496810913084
1458,2.054958534240723
1459,2.082723617553711
1460,2.3562137603759767
1461,2.0690866470336915
1462,2.242843437194824
1463,2.3153850555419924
1464,1.6619230270385743
1465,2.3318382263183595
1466,2.4425811767578125
1467,2.390546417236328
1468,2.1457422256469725
1469,2.0352451324462892
1470,2.437378692626953
1471,2.4216232299804688
1472,2.034815216064453
1473,2.346949005126953
1474,2.088079833984375
1475,2.0613693237304687
1476,1.9301097869873047
1477,2.252779960632324
1478,2.3419515609741213
1479,2.00892333984375
1480,2.253289222717285
1481,2.0964208602905274
1482,2.346544075012207
1483,2.4032005310058593
1484,2.0130361557006835
1485,1.9797344207763672
1486,1.8860614776611329
1487,2.005879783630371
1488,1.6500041961669922
1489,2.6220855712890625
1490,2.166732978820801
1491,2.5485605239868163
1492,2.1163183212280274
1493,1.9989147186279297
1494,2.1326358795166014
1495,1.9425138473510741
1496,2.269064712524414
1497,2.2179677963256834
1498,2.350803565979004
1499,1.8267982482910157
1500,2.35548095703125
1501,2.7311094284057615
1502,1.9648672103881837
1503,2.208749008178711
1504,1.9729627609252929
1505,2.3492164611816406
1506,2.2008533477783203
1507,2.1993076324462892
1508,1.9199777603149415
1509,2.1063714981079102
1510,1.9395193099975585
1511,2.2799816131591797
1512,2.094695281982422
1513,2.2089733123779296
1514,1.9126842498779297
1515,2.237315368652344
1516,1.888242530822754
1517,2.4130748748779296
1518,1.9786643981933594
1519,1.9499851226806642
1520,2.1552963256835938
1521,2.107014465332031
1522,2.40628719329834
1523,2.147582244873047
1524,2.1836652755737305
1525,2.0723243713378907
1526,2.2596162796020507
1527,2.2644527435302733
1528,2.1540334701538084
1529,2.3942901611328127
1530,2.000942039489746
1531,2.4805952072143556
1532,2.0374221801757812
1533,2.1974082946777345
1534,1.9311841964721679
1535,2.173182487487793
1536,2.1021780014038085
1537,2.065876579284668
1538,2.245797538757324
1539,2.4214805603027343
1540,2.567738342285156
1541,1.991349983215332
1542,2.3779726028442383
1543,2.1090606689453124
1544,2.382780647277832
1545,2.0680156707763673
1546,2.3017341613769533
1547,2.20996150970459
1548,2.4537403106689455
1549,2.204336738586426
1550,2.115439224243164
1551,2.190589714050293
1552,2.1262468338012694
1553,1.8747894287109375
1554,2.3600786209106444
1555,2.3326650619506837
1556,1.9258689880371094
1557,2.176850128173828
1558,1.965388870239258
1559,2.122553062438965
1560,1.6862136840820312
1561,2.17403621673584
1562,2.292080307006836
1563,2.128810501098633
1564,2.5823192596435547
1565,2.606633949279785
1566,2.0101955413818358
1567,2.4425470352172853
1568,2.3785863876342774
1569,2.3221643447875975
1570,2.258544921875
1571,1.712606430053711
1572,2.1239524841308595
1573,2.470499610900879
1574,2.1591583251953126
1575,2.1971914291381838
1576,2.0530935287475587
1577,2.0496007919311525
1578,2.335851287841797
1579,2.1411577224731446
1580,2.1004749298095704
1581,1.9356231689453125
1582,2.412546730041504
1583,2.118038368225098
1584,2.5506914138793944
1585,2.3073911666870117
1586,2.174627494812012
1587,2.2418439865112303
1588,2.414321517944336
1589,2.286098670959473
1590,2.235508918762207
1591,2.4438905715942383
1592,1.9513513565063476
1593,2.11011962890625
1594,1.909853172302246
1595,2.0155912399291993
1596,2.337512397766113
1597,2.590898323059082
1598,2.0821300506591798
1599,2.343960762023926
1600,2.127604103088379
1601,2.541312599182129
1602,2.1885995864868164
1603,2.155039405822754
1604,2.0425603866577147
1605,2.154107093811035
1606,2.1284404754638673
1607,2.23617000579834
1608,2.4419551849365235
1609,2.4327077865600586
1610,2.1785856246948243
1611,2.6166349411010743
1612,2.3181121826171873
1613,2.339407539367676
1614,2.261708450317383
1615,2.3483015060424806
1616,2.0157936096191404
1617,2.012995719909668
1618,2.2699913024902343
1619,1.9757478713989258
1620,2.4287893295288088
1621,2.2199451446533205
1622,2.311747360229492
1623,2.5914901733398437
1624,2.31588077545166
1625,2.8471450805664062
1626,2.16434268951416
1627,2.226230812072754
1628,2.2997858047485353
1629,2.3116615295410154
1630,2.327241325378418
1631,2.237153244018555
1632,2.06280403137207
1633,1.872904396057129
1634,1.8042379379272462
1635,1.950495719909668
1636,2.1255441665649415
1637,2.3578256607055663
1638,1.93565673828125
1639,2.0392736434936523
1640,1.8193853378295899
1641,1.8373479843139648
1642,2.205292510986328
1643,2.3612085342407227
1644,2.472692108154297
1645,2.4376602172851562
1646,2.2311113357543944
1647,2.298507499694824
1648,2.102184295654297
1649,2.14456844329834
1650,2.3391546249389648
1651,2.0671472549438477
1652,2.334192657470703
1653,1.7840682983398437
1654,2.5269748687744142
1655,1.8215034484863282
1656,2.1597551345825194
1657,2.150395393371582
1658,2.3342111587524412
1659,2.183623695373535
1660,2.1360958099365233
1661,2.208989906311035
1662,2.0463178634643553
1663,2.3522760391235353
1664,1.937384796142578
1665,2.2806562423706054
1666,2.0303579330444337
1667,2.2534557342529298
1668,2.4935623168945313
1669,2.3757144927978517
1670,2.3410511016845703
1671,2.2080615997314452
1672,2.0198251724243166
1673,2.011487579345703
1674,2.360494041442871
1675,2.1621253967285154
1676,2.2131996154785156
1677,2.228437614440918
1678,2.1228893280029295
1679,2.1240776062011717
1680,2.297498893737793
1681,1.7205671310424804
1682,2.1100961685180666
1683,2.334293556213379
1684,2.086213493347168
1685,1.9899906158447265
1686,2.0872621536254883
1687,2.212413215637207
1688,2.0901458740234373
1689,1.95833740234375
1690,2.3535297393798826
1691,1.9424203872680663
1692,2.258587646484375
1693,2.023079490661621
1694,2.1545688629150392
1695,2.145804023742676
1696,2.2934099197387696
1697,2.1043985366821287
1698,2.22247314453125
1699,2.3262706756591798
1700,2.066936492919922
1701,2.0833976745605467
1702,2.0360551834106446
1703,2.3750802993774416
1704,2.3929603576660154
1705,2.2025190353393556
1706,2.3650760650634766
1707,2.8208602905273437
1708,2.412686347961426
1709,3.1231298446655273
1710,2.2405433654785156
1711,2.5259140014648436
1712,1.9556058883666991
1713,2.0743370056152344
1714,1.9866472244262696
1715,2.0116958618164062
1716,1.9757659912109375
1717,2.3995126724243163
1718,2.307596969604492
1719,2.0253427505493162
1720,2.2784629821777345
1721,2.151358413696289
1722,2.246632766723633
1723,2.2361883163452148
1724,2.596547508239746
1725,1.98614444732666
1726,2.322534942626953
1727,1.920638656616211
1728,1.7929704666137696
1729,2.1155757904052734
1730,2.1560537338256838
1731,2.6849609375
1732,1.8354598999023437
1733,2.2192523956298826
1734,2.306039810180664
1735,2.180719566345215
1736,2.1035398483276366
1737,2.2886369705200194
1738,2.0020940780639647
1739,2.09720516204834
1740,2.010976219177246
1741,2.296444892883301
1742,3.007023048400879
1743,2.024020957946777
1744,2.2632991790771486
1745,2.219491195678711
1746,2.225983810424805
1747,2.348861312866211
1748,2.441082572937012
1749,2.3320484161376953
1750,2.015778350830078
1751,2.3300220489501955
1752,2.0820213317871095
1753,2.514532279968262
1754,2.1617048263549803
1755,2.2652517318725587
1756,2.3816560745239257
1757,2.0788482666015624
1758,2.073490333557129
1759,2.2612213134765624
1760,2.2807809829711916
1761,2.2015975952148437
1762,2.3696048736572264
1763,1.9358438491821288
1764,2.2405982971191407
1765,2.1411422729492187
1766,2.1503257751464844
1767,1.834934616088867
1768,2.542350959777832
1769,2.5560388565063477
1770,2.075974464416504
1771,2.2614978790283202
1772,2.064242935180664
1773,2.275096893310547
1774,2.3672887802124025
1775,2.0781534194946287
1776,2.0289627075195313
1777,2.0847957611083983
1778,2.140698051452637
1779,1.961766815185547
1780,2.2286048889160157
1781,2.214785575866699
1782,1.9693685531616212
1783,2.235994338989258
1784,2.6606712341308594
1785,2.1800743103027345
1786,2.151767921447754
1787,2.1613983154296874
1788,2.2065305709838867
1789,2.3327520370483397
1790,2.0199230194091795
1791,2.096239471435547
1792,2.446302795410156
1793,2.0803659439086912
1794,2.15759391784668
1795,2.1249414443969727
1796,2.3080373764038087
1797,2.012940216064453
1798,2.2972652435302736
1799,2.316218948364258
1800,2.3328506469726564
1801,2.389257049560547
1802,2.1493356704711912
1803,2.2712369918823243
1804,2.3291297912597657
1805,1.9343076705932618
1806,2.317120361328125
1807,2.167454719543457
1808,2.015206718444824
1809,2.1647653579711914
1810,2.0745121002197267
1811,2.3059455871582033
1812,2.1042158126831056
1813,2.027803421020508
1814,2.269972801208496
1815,2.051467514038086
1816,2.4320884704589845
1817,2.0107654571533202
1818,1.9711097717285155
1819,1.9446020126342773
1820,1.9354400634765625
1821,2.345213508605957
1822,1.9949769973754883
1823,2.0655096054077147
1824,2.2659135818481446
1825,2.12753963470459
1826,2.3248390197753905
1827,2.1081485748291016
1828,2.127958869934082
1829,2.217331123352051
1830,2.2866756439208986
1831,2.6151782989501955
1832,2.0323745727539064
1833,2.0653833389282226
1834,1.7468399047851562
1835,2.2128713607788084
1836,2.809223937988281
1837,2.1598596572875977
1838,2.3573253631591795
1839,2.1510036468505858
1840,2.528313636779785
1841,2.2613594055175783
1842,2.286931610107422
1843,2.1643611907958986
1844,2.155130386352539
1845,2.4169853210449217
1846,2.284292793273926
1847,2.240057373046875
1848,2.0182432174682616
1849,2.0920436859130858
1850,2.590058135986328
1851,2.3048080444335937
1852,2.2086423873901366
1853,1.9992786407470704
1854,2.2848161697387694
1855,2.11245059967041
1856,2.1686260223388674
1857,2.164791297912598
1858,1.9039207458496095
1859,2.452785301208496
1860,1.6924699783325194
1861,2.145125961303711
1862,2.288227653503418
1863,2.336313819885254
1864,2.338192367553711
1865,2.3125076293945312
1866,2.245053291320801
1867,2.2582788467407227
1868,2.492770195007324
1869,2.221571350097656
1870,2.1041681289672853
1871,2.3934778213500976
1872,2.102194976806641
1873,2.4708953857421876
1874,2.047418403625488
1875,2.282894515991211
1876,2.139546203613281
1877,2.3114831924438475
1878,2.1507841110229493
1879,2.0803255081176757
1880,2.2430782318115234
1881,2.4500635147094725
1882,2.4596553802490235
1883,1.964481735229492
1884,2.3076610565185547
1885,2.1735389709472654
1886,2.1120792388916017
1887,2.0210954666137697
1888,2.521792984008789
1889,2.291556739807129
1890,2.369110679626465
1891,2.1554502487182616
1892,2.3399391174316406
1893,2.4507299423217774
1894,2.6652816772460937
1895,2.0654323577880858
1896,2.261730766296387
1897,2.1981582641601562
1898,2.399423599243164
1899,2.3211536407470703
1900,2.203130340576172
1901,2.2020307540893556
1902,1.8598243713378906
1903,2.201375961303711
1904,2.4389245986938475
1905,2.07806282043457
1906,1.8908973693847657
1907,2.2671499252319336
1908,2.3580888748168944
1909,1.8714340209960938
1910,2.1543691635131834
1911,2.0768640518188475
1912,2.131475067138672
1913,1.9409255981445312
1914,2.2152273178100588
1915,2.227371597290039
1916,2.4849552154541015
1917,2.3473901748657227
1918,2.157667350769043
1919,2.0431707382202147
1920,2.022717094421387
1921,2.399241828918457
1922,2.485430908203125
1923,1.8924053192138672
1924,2.211936187744141
1925,2.1279645919799806
1926,2.3214887619018554
1927,2.170864486694336
1928,2.2583288192749023
1929,2.436933708190918
1930,2.129457473754883
1931,2.0662622451782227
1932,2.061084175109863
1933,2.0735780715942385
1934,1.999705696105957
1935,2.192391204833984
1936,2.101185607910156
1937,2.446700096130371
1938,1.9552303314208985
1939,2.2824129104614257
1940,2.5039031982421873
1941,2.0986040115356444
1942,2.1982448577880858
1943,1.9754823684692382
1944,2.124501609802246
1945,2.611265182495117
1946,2.321790885925293
1947,2.2425928115844727
1948,2.345273971557617
1949,2.2838071823120116
1950,2.4120670318603517
1951,2.2396554946899414
1952,2.1846591949462892
1953,1.986111831665039
1954,2.2639677047729494
1955,2.2381452560424804
1956,2.3881601333618163
1957,1.9648481369018556
1958,2.266555404663086
1959,2.5098503112792967
1960,2.22072811126709
1961,2.16530704498291
1962,2.236575698852539
1963,1.8598873138427734
1964,2.5240020751953125
1965,1.7214090347290039
1966,2.2927839279174806
1967,2.0806528091430665
1968,1.8306350708007812
1969,1.8832775115966798
1970,2.1834455490112306
1971,2.1284950256347654
1972,1.7129655838012696
1973,2.461969757080078
1974,2.0602155685424806
1975,2.54086856842041
1976,1.976081657409668
1977,2.5411924362182616
1978,2.436832618713379
1979,2.210117530822754
1980,2.206142616271973
1981,1.923823356628418
1982,2.0248334884643553
1983,2.2578996658325194
1984,2.192881393432617
1985,2.1747467041015627
1986,1.9564796447753907
1987,2.2527957916259767
1988,2.10436897277832
1989,2.1619081497192383
1990,2.0255914688110352
1991,2.195169448852539
1992,2.3657833099365235
1993,2.1222566604614257
1994,2.278828239440918
1995,2.127503204345703
1996,2.2474056243896485
1997,2.1373836517333986
1998,1.939851951599121
1999,2.0277084350585937
2000,2.1881433486938477
2001,2.509080505371094
2002,2.2747297286987305
2003,2.186537742614746
2004,2.2613252639770507
2005,2.453745460510254
2006,2.0133432388305663
2007,1.9300785064697266
2008,2.438340950012207
2009,2.1133905410766602
2010,2.0715471267700196
2011,2.053219795227051
2012,2.070560073852539
2013,2.1348388671875
2014,2.382856559753418
2015,2.286326789855957
2016,2.3601449966430663
2017,2.2152904510498046
2018,1.7929658889770508
2019,1.8854660034179687
2020,2.2034580230712892
2021,2.2023473739624024
2022,1.9297969818115235
2023,2.1897167205810546
2024,1.882652473449707
2025,2.0911323547363283
2026,1.8877756118774414
2027,2.0588918685913087
2028,2.282785987854004
2029,2.296234893798828
2030,2.108755683898926
2031,2.229160499572754
2032,2.2705169677734376
2033,2.410436820983887
2034,1.762552261352539
2035,2.1496297836303713
2036,2.3955188751220704
2037,2.0965429306030274
2038,2.0396453857421877
2039,2.1425668716430666
2040,2.517816162109375
2041,2.133619689941406
2042,2.0404186248779297
2043,1.9224138259887695
2044,2.1129541397094727
2045,2.520156478881836
2046,2.280983543395996
2047,2.2970705032348633
2048,2.3800256729125975
2049,2.2371700286865233
2050,2.1458749771118164
2051,2.203657531738281
2052,1.8926952362060547
2053,2.034234619140625
2054,2.205025863647461
2055,2.5604610443115234
2056,2.238346481323242
2057,2.1313808441162108
2058,2.199532127380371
2059,2.1380435943603517
2060,1.9474822998046875
2061,1.939216423034668
2062,2.5750999450683594
2063,2.2226535797119142
2064,1.5974736213684082
2065,2.0865409851074217
2066,2.097637939453125
2067,2.583979606628418
2068,2.235437774658203
2069,2.098108673095703
2070,2.135160446166992
2071,2.5232744216918945
2072,2.4859645843505858
2073,2.1395008087158205
2074,2.2899538040161134
2075,2.2505632400512696
2076,2.282110595703125
2077,2.2326028823852537
2078,2.0622058868408204
2079,2.198679542541504
2080,2.41658878326416
2081,2.304030990600586
2082,2.2460500717163088
2083,2.368303680419922
2084,2.316594886779785
2085,2.2361949920654296
2086,2.2566909790039062
2087,1.8849788665771485
2088,2.1179590225219727
2089,1.8102035522460938
2090,2.2371259689331056
2091,2.0536735534667967
2092,2.5073524475097657
2093,2.635737419128418
2094,2.4371238708496095
2095,2.269534111022949
2096,2.207767868041992
2097,2.3310850143432615
2098,2.5804685592651366
2099,2.321066665649414
2100,1.952845573425293
2101,2.3094085693359374
2102,2.298662567138672
2103,2.335241508483887
2104,2.384962272644043
2105,1.798539924621582
2106,2.344232177734375
2107,2.1915416717529297
2108,2.4551734924316406
2109,2.452052879333496
2110,1.8396867752075194
2111,2.1744657516479493
2112,1.8548151016235352
2113,2.39940185546875
2114,2.166628837585449
2115,2.5862171173095705
2116,2.250827598571777
2117,1.8927709579467773
2118,2.250620460510254
2119,1.939094352722168
2120,2.2856813430786134
2121,2.2594818115234374
2122,2.053890609741211
2123,2.1161920547485353
2124,2.122413444519043
2125,1.9262630462646484
2126,2.1525503158569337
2127,1.8271921157836915
2128,2.2240148544311524
2129,1.7922401428222656
2130,2.3823476791381837
2131,2.305144500732422
2132,2.0119956970214843
2133,2.0700550079345703
2134,2.056881904602051
2135,2.341343116760254
2136,2.3694053649902345
2137,2.222847747802734
2138,2.056718444824219
2139,2.361829376220703
2140,2.131814956665039
2141,2.391191864013672
2142,2.1197235107421877
2143,2.2759355545043944
2144,1.9510604858398437
2145,2.4767219543457033
2146,1.9022813796997071
2147,2.3524648666381838
2148,2.121132659912109
2149,1.9960006713867187
2150,1.7948900222778321
2151,2.001684379577637
2152,2.1966878890991213
2153,2.1253576278686523
2154,2.038768768310547
2155,2.0139541625976562
2156,2.3935430526733397
2157,2.4418266296386717
2158,2.1377681732177733
2159,2.1967092514038087
2160,2.267792320251465
2161,2.277044677734375
2162,2.4805355072021484
2163,2.3819704055786133
2164,1.6464857101440429
2165,2.402907371520996
2166,2.3410491943359375
2167,2.2025466918945313
2168,2.7694658279418944
2169,2.1836076736450196
2170,2.3299598693847656
2171,2.048855018615723
2172,2.2186958312988283
2173,2.224014091491699
2174,2.1218647003173827
2175,2.2772857666015627
2176,2.447982978820801
2177,2.1550045013427734
2178,2.2941286087036135
2179,2.105453681945801
2180,2.238744354248047
2181,2.134266662597656
2182,2.2305707931518555
2183,2.339128303527832
2184,2.1222661972045898
2185,2.341988945007324
2186,1.9844137191772462
2187,2.3130830764770507
2188,2.2712499618530275
2189,2.0063880920410155
2190,2.25400333404541
2191,2.3956504821777345
2192,2.398545837402344
2193,2.2221940994262694
2194,2.1317821502685548
2195,2.2720766067504883
2196,2.315677452087402
2197,2.1530580520629883
2198,1.8416807174682617
2199,2.4854104995727537
2200,2.0808258056640625
2201,2.304783821105957
2202,2.1905187606811523
2203,2.2058341979980467
2204,2.202119827270508
2205,2.040115165710449
2206,2.228802490234375
2207,2.100108337402344
2208,2.2667409896850588
2209,2.2326093673706056
2210,2.1013347625732424
2211,2.4204383850097657
2212,2.2357389450073244
2213,2.0867282867431642
2214,2.3917472839355467
2215,2.248553657531738
2216,2.249772644042969
2217,1.8869531631469727
2218,2.0524198532104494
2219,2.219187927246094
2220,2.2358137130737306
2221,2.254228973388672
2222,1.9791378021240233
2223,1.7179513931274415
2224,1.9275169372558594
2225,2.2274286270141603
2226,2.2320762634277345
2227,1.9101314544677734
2228,1.9474040985107421
2229,1.9199853897094727
2230,2.073829460144043
2231,2.257516288757324
2232,2.02758731842041
2233,2.0753721237182616
2234,2.194290542602539
2235,1.9677488327026367
2236,2.1137998580932615
2237,2.725834846496582
2238,2.1433082580566407
2239,1.9496692657470702
2240,1.9335487365722657
2241,2.0834095001220705
2242,2.0371835708618162
2243,2.3772489547729494
2244,1.926374626159668
2245,1.902145004272461
2246,2.0078044891357423
2247,1.8313169479370117
2248,2.3998138427734377
2249,2.255625343322754
2250,2.160593605041504
2251,2.4370031356811523
2252,1.8569345474243164
2253,2.308230972290039
2254,2.1097490310668947
2255,2.0138055801391603
2256,2.021729278564453
2257,2.365431213378906
2258,2.1600751876831055
2259,2.3494070053100584
2260,2.0596950531005858
2261,1.8649492263793945
2262,1.986639404296875
2263,1.7919509887695313
2264,2.384257698059082
2265,2.2036579132080076
2266,2.138120651245117
2267,2.1249721527099608
2268,2.5031759262084963
2269,2.0497032165527345
2270,2.0481395721435547
2271,2.136346626281738
2272,2.191587448120117
2273,2.1233499526977537
2274,2.5321884155273438
2275,2.8125423431396483
2276,2.2009967803955077
2277,2.6979257583618166
2278,2.1644922256469727
2279,2.215411567687988
2280,2.3433109283447267
2281,2.446333312988281
2282,2.2597419738769533
2283,2.4015663146972654
2284,2.1061273574829102
2285,2.230573272705078
2286,2.3244932174682615
2287,2.301289939880371
2288,1.911691665649414
2289,2.0477087020874025
2290,2.135402297973633
2291,1.9298080444335937
2292,2.0303274154663087
2293,2.3755977630615233
2294,2.022320556640625
2295,2.033013916015625
2296,2.13027400970459
2297,2.3962284088134767
2298,2.0648614883422853
2299,1.9417684555053711
2300,1.9620424270629884
2301,2.1761646270751953
2302,2.194759559631348
2303,2.365964889526367
2304,1.987640380859375
2305,2.2341745376586912
2306,1.9821516036987306
2307,2.0019092559814453
2308,2.4201997756958007
2309,2.081091117858887
2310,1.9965049743652343
2311,2.222962760925293
2312,2.0930654525756838
2313,2.3331647872924806
2314,1.8349517822265624
2315,2.5489103317260744
2316,2.1958478927612304
2317,2.1736848831176756
2318,2.312294769287109
2319,2.54063720703125
2320,2.027132034301758
2321,2.209822082519531
2322,2.4060031890869142
2323,1.9789066314697266
2324,2.0040761947631838
2325,2.0123641967773436
2326,2.0412559509277344
2327,1.9175102233886718
2328,1.9957902908325196
2329,2.0690568923950194
2330,2.16739501953125
2331,2.2250770568847655
2332,2.3686492919921873
2333,2.19071044921875
2334,1.87642822265625
2335,1.8882247924804687
2336,2.029119873046875
2337,2.196849822998047
2338,1.9419511795043944
2339,2.2682916641235353
2340,2.408833122253418
2341,2.0652896881103517
2342,2.3693355560302733
2343,2.0540390014648438
2344,1.9837400436401367
2345,2.2946683883666994
2346,2.226065826416016
2347,2.108841323852539
2348,2.3636190414428713
2349,2.2720430374145506
2350,2.248447036743164
2351,2.0059392929077147
2352,2.4176300048828123
2353,2.4245607376098635
2354,2.135881042480469
2355,2.2886173248291017
2356,1.8483709335327148
2357,2.168901824951172
2358,2.1381887435913085
2359,2.1858848571777343
2360,2.1982444763183593
2361,1.9060401916503906
2362,2.434650421142578
2363,2.03170108795166
2364,1.9495040893554687
2365,2.4738689422607423
2366,2.133367156982422
2367,2.04439697265625
2368,2.5847259521484376
2369,2.313944435119629
2370,2.5167518615722657
2371,2.1232202529907225
2372,2.115976905822754
2373,1.9541290283203125
2374,2.0894540786743163
2375,1.9687700271606445
2376,2.591116523742676
2377,1.6072404861450196
2378,2.228376007080078
2379,2.1680850982666016
2380,2.551572799682617
2381,2.0989850997924804
2382,2.126154136657715
2383,2.447221565246582
2384,1.9404571533203125
2385,2.1827018737792967
2386,2.0404870986938475
2387,2.058657646179199
2388,2.4076663970947267
2389,2.3638805389404296
2390,1.8711706161499024
2391,2.331191635131836
2392,2.35172119140625
2393,2.063358116149902
2394,1.9275684356689453
2395,2.0895675659179687
2396,2.0578330993652343
2397,2.2995172500610352
2398,1.8105018615722657
2399,2.297916603088379
2400,2.263606834411621
2401,2.243196487426758
2402,2.232406806945801
2403,2.324140167236328
2404,1.9103706359863282
2405,2.296866607666016
2406,2.2099786758422852
2407,2.171835517883301
2408,2.1053518295288085
2409,2.385138511657715
2410,2.2035499572753907
2411,1.9564159393310547
2412,2.050785446166992
2413,2.270134925842285
2414,1.9260919570922852
2415,2.3630386352539063
2416,2.202825355529785
2417,2.1416904449462892
2418,2.0713953018188476
2419,2.1518049240112305
2420,1.6030710220336915
2421,2.2044878005981445
2422,2.071353721618652
2423,2.2378219604492187
2424,1.643294334411621
2425,2.073957824707031
2426,2.292257308959961
2427,2.3725780487060546
2428,2.0352100372314452
2429,2.1034923553466798
2430,2.2029109954833985
2431,2.532708168029785
2432,2.2080596923828124
2433,2.2946235656738283
2434,2.017449951171875
2435,1.8234138488769531
2436,1.8341169357299805
2437,2.115419387817383
2438,2.0596675872802734
2439,2.740475082397461
2440,2.102117156982422
2441,2.7926984786987306
2442,1.8353849411010743
2443,2.4231685638427733
2444,1.7569389343261719
2445,2.166402244567871
2446,2.212385368347168
2447,2.707608222961426
2448,1.6956178665161132
2449,2.1396617889404297
2450,2.1648956298828126
2451,2.2540456771850588
2452,1.9675216674804688
2453,1.7558284759521485
2454,2.217843246459961
2455,2.1248144149780273
2456,1.8722183227539062
2457,2.385894775390625
2458,1.9907238006591796
2459,2.3274696350097654
2460,2.0714351654052736
2461,2.236445426940918
2462,1.8728431701660155
2463,1.9196321487426757
2464,2.453893852233887
2465,2.297499656677246
2466,2.3266569137573243
2467,1.9568416595458984
2468,1.8798715591430664
2469,1.959457015991211
2470,2.113646125793457
2471,2.1826120376586915
2472,2.3245840072631836
2473,2.441217803955078
2474,2.1903030395507814
2475,2.048323631286621
2476,2.0665279388427735
2477,1.8039098739624024
2478,2.497527503967285
2479,2.366263771057129
2480,2.2176034927368162
2481,2.076048469543457
2482,2.292947769165039
2483,1.9210063934326171
2484,2.1105091094970705
2485,2.3297189712524413
2486,2.2357662200927733
2487,2.3006574630737306
2488,1.877789306640625
2489,2.154509925842285
2490,2.6163135528564454
2491,2.3873855590820314
2492,1.8720666885375976
2493,2.4732837677001953
2494,2.2368839263916014
2495,2.084312629699707
2496,1.9137081146240233
2497,2.166189765930176
2498,2.185993957519531
2499,2.19022159576416
2500,2.214975357055664
2501,1.963347816467285
2502,2.0638521194458006
2503,2.4303760528564453
2504,2.110943603515625
2505,2.3991098403930664
2506,1.9998605728149415
2507,2.1886219024658202
2508,2.3474405288696287
2509,1.781285858154297
2510,2.1022756576538084
2511,1.6971624374389649
2512,2.3493690490722656
2513,2.072015380859375
2514,2.0210689544677733
2515,2.218061637878418
2516,2.019645118713379
2517,1.9490537643432617
2518,2.054801177978516
2519,1.951749610900879
2520,2.26784725189209
2521,2.079915428161621
2522,2.0949209213256834
2523,2.0143375396728516
2524,2.031523323059082
2525,1.9314109802246093
2526,2.0250295639038085
2527,2.229647636413574
2528,2.158884048461914
2529,2.507342529296875
2530,2.220223617553711
2531,2.0148204803466796
2532,1.9596393585205079
2533,2.177602767944336
2534,2.0220571517944337
2535,2.212474822998047
2536,2.5020320892333983
2537,2.3820133209228516
2538,1.901784896850586
2539,1.9467527389526367
2540,2.4722692489624025
2541,2.199753761291504
2542,2.2825122833251954
2543,2.1146865844726563
2544,1.8081939697265625
2545,2.0747407913208007
2546,2.5248130798339843
2547,1.822905921936035
2548,1.8918996810913087
2549,2.1883487701416016
2550,2.2920854568481444
2551,2.9765323638916015
2552,2.0268276214599608
2553,1.837275505065918
2554,2.0476125717163085
2555,1.9388818740844727
2556,2.138421630859375
2557,1.9902618408203125
2558,2.0611156463623046
2559,2.0384817123413086
2560,2.097549629211426
2561,2.1747230529785155
2562,2.423971748352051
2563,2.380597686767578
2564,2.1659566879272463
2565,1.9602497100830079
2566,1.9772735595703126
2567,1.9927181243896483
2568,1.9558475494384766
2569,2.085422134399414
2570,2.057587432861328
2571,2.129822540283203
2572,2.2706104278564454
2573,2.457400894165039
2574,3.0572942733764648
2575,1.988550567626953
2576,2.2131662368774414
2577,2.1090473175048827
2578,2.4548372268676757
2579,2.2095699310302734
2580,2.141327476501465
2581,2.4766656875610353
2582,2.353036880493164
2583,2.0637910842895506
2584,1.5674474716186524
2585,2.140771675109863
2586,1.7670883178710937
2587,2.336908721923828
2588,1.9097208023071288
2589,2.229380989074707
2590,2.2071834564208985
2591,2.0333154678344725
2592,1.8798006057739258
2593,2.167323684692383
2594,2.248266410827637
2595,2.317338562011719
2596,2.097927284240723
2597,2.4962560653686525
2598,2.2138845443725588
2599,2.4975936889648436
2600,2.1662878036499023
2601,2.048552131652832
2602,2.573138427734375
2603,2.6657634735107423
2604,2.261973571777344
2605,2.3850969314575194
2606,2.0034305572509767
2607,2.1050533294677733
2608,2.150425910949707
2609,2.049355888366699
2610,2.208215522766113
2611,2.2240360260009764
2612,2.2536088943481447
2613,1.8885120391845702
2614,2.0498678207397463
2615,2.547171211242676
2616,2.2693580627441405
2617,2.188892364501953
2618,1.749273681640625
2619,2.3931678771972655
2620,2.401357078552246
2621,2.3046955108642577
2622,2.4581518173217773
2623,1.8138017654418945
2624,2.237532043457031
2625,2.123984718322754
2626,2.076626205444336
2627,2.1021663665771486
2628,2.259734344482422
2629,2.2630231857299803
2630,2.3274288177490234
2631,2.056812286376953
2632,2.264798164367676
2633,2.1617572784423826
2634,2.3981966018676757
2635,2.4995927810668945
2636,2.1385515213012694
2637,2.2850343704223635
2638,2.0176401138305664
2639,2.213080406188965
2640,2.077276420593262
2641,2.129873275756836
2642,2.4695215225219727
2643,2.220370864868164
2644,2.278712844848633
2645,2.148882293701172
2646,2.2824316024780273
2647,2.1065414428710936
2648,1.9550065994262695
2649,1.8650634765625
2650,2.320048141479492
2651,2.222227096557617
2652,2.0927717208862306
2653,2.4857757568359373
2654,2.3079046249389648
2655,1.762416458129883
2656,1.9171636581420899
2657,1.9678560256958009
2658,1.830633544921875
2659,2.404465675354004
2660,2.1875511169433595
2661,2.3717214584350588
2662,1.9471603393554688
2663,2.1398143768310547
2664,2.258245849609375
2665,2.1728227615356444
2666,2.0654699325561525
2667,1.8984920501708984
2668,2.2960607528686525
2669,2.3032600402832033
2670,1.6879917144775392
2671,2.203224945068359
2672,2.261821174621582
2673,2.2600154876708984
2674,2.2929636001586915
2675,2.006977844238281
2676,1.9452558517456056
2677,2.4267826080322266
2678,2.367797088623047
2679,2.0680124282836916
2680,2.3727659225463866
2681,2.079091262817383
2682,2.0929208755493165
2683,1.8549331665039062
2684,2.576297950744629
2685,2.339439582824707
2686,1.8683038711547852
2687,2.188392448425293
2688,2.5783353805541993
2689,2.1914249420166017
2690,2.6066699981689454
2691,2.1853878021240236
2692,1.9785701751708984
2693,2.5592918395996094
2694,2.6137954711914064
2695,2.3495510101318358
2696,2.416412353515625
2697,2.4148685455322267
2698,2.3085357666015627
2699,2.3206974029541017
2700,2.6929492950439453
2701,2.1575363159179686
2702,2.197534370422363
2703,2.1621875762939453
2704,2.2635066986083983
2705,2.4632518768310545
2706,1.941200065612793
2707,2.507454681396484
2708,2.4257839202880858
2709,1.8999309539794922
2710,2.221550178527832
2711,1.722377395629883
2712,2.176122283935547
2713,2.155697059631348
2714,2.2389543533325194
2715,2.432201957702637
2716,1.7510623931884766
2717,1.9059766769409179
2718,1.940950584411621
2719,2.090811538696289
2720,2.5827138900756834
2721,2.26804141998291
2722,2.1593870162963866
2723,1.9194780349731446
2724,2.449666404724121
2725,2.0916105270385743
2726,2.2615240097045897
2727,2.1896371841430664
2728,2.0809349060058593
2729,2.154442024230957
2730,2.7655466079711912
2731,2.1194574356079103
2732,2.029988670349121
2733,2.34000244140625
2734,2.053506851196289
2735,2.1730255126953124
2736,2.0694345474243163
2737,2.447088050842285
2738,2.23535099029541
2739,2.1770193099975588
2740,2.3242916107177733
2741,2.3351520538330077
2742,2.1111095428466795
2743,2.3516307830810548
2744,1.9886693954467773
2745,2.0904516220092773
2746,1.9407007217407226
2747,2.5191251754760744
2748,2.3723886489868162
2749,2.144015884399414
2750,1.7092470169067382
2751,1.8675874710083007
2752,1.9727190017700196
2753,2.227014350891113
2754,2.3411813735961915
2755,2.2337482452392576
2756,2.423694610595703
2757,1.912428092956543
2758,2.5323675155639647
2759,2.4061000823974608
2760,2.105086898803711
2761,2.041803550720215
2762,2.2945714950561524
2763,2.28297119140625
2764,2.109808349609375
2765,2.02896671295166
2766,2.159371185302734
2767,2.228546905517578
2768,2.1065460205078126
2769,2.103739356994629
2770,2.125134086608887
2771,2.1340635299682615
2772,2.2228315353393553
2773,2.0295339584350587
2774,2.358062744140625
2775,2.255965232849121
2776,2.1988475799560545
2777,2.3039411544799804
2778,2.0746286392211912
2779,2.034271240234375
2780,2.0160709381103517
2781,2.1668584823608397
2782,2.525601387023926
2783,2.2462640762329102
2784,2.016166877746582
2785,2.1598777770996094
2786,1.8360017776489257
2787,2.0440582275390624
2788,1.9249387741088868
2789,2.3527956008911133
2790,2.3011972427368166
2791,2.5810293197631835
2792,2.1964138031005858
2793,2.1056562423706056
2794,1.8885286331176758
2795,2.1493207931518556
2796,2.080525779724121
2797,2.0969415664672852
2798,1.8814998626708985
2799,2.11611385345459
2800,2.2905094146728517
2801,2.6228750228881834
2802,2.6259231567382812
2803,2.1690073013305664
2804,2.22912540435791
2805,1.9896369934082032
2806,2.189386177062988
2807,1.653285598754883
2808,2.1518150329589845
2809,2.5756738662719725
2810,2.2846031188964844
2811,1.9070318222045899
2812,1.8585887908935548
2813,1.7639141082763672
2814,1.767654800415039
2815,1.960503387451172
2816,2.4949045181274414
2817,2.5113126754760744
2818,2.1311576843261717
2819,1.9935821533203124
2820,1.8024120330810547
2821,2.1193666458129883
2822,2.1248136520385743
2823,2.3070802688598633
2824,2.238690948486328
2825,2.1599660873413087
2826,2.4140100479125977
2827,2.2531078338623045
2828,2.3044376373291016
2829,2.003890800476074
2830,2.4706066131591795
2831,2.0457441329956056
2832,2.3949954986572264
2833,2.4274295806884765
2834,2.1987701416015626
2835,2.4047782897949217
2836,2.4517311096191405
2837,2.151529312133789
2838,2.248493194580078
2839,2.0689510345458983
2840,1.8080455780029296
2841,2.1841053009033202
2842,2.237178421020508
2843,2.5104907989501952
2844,2.2898174285888673
2845,2.322588348388672
2846,2.2206546783447267
2847,2.0286281585693358
2848,2.034652519226074
2849,2.205933380126953
2850,2.1307647705078123
2851,2.564390754699707
2852,2.1801115036010743
2853,2.4789121627807615
2854,1.9962991714477538
2855,2.106168746948242
2856,2.4721731185913085
2857,2.4322946548461912
2858,2.351251792907715
2859,2.3299182891845702
2860,2.0026033401489256
2861,2.443207931518555
2862,1.9822500228881836
2863,2.0491506576538088
2864,2.314487648010254
2865,1.7419210433959962
2866,2.112888717651367
2867,1.8936849594116212
2868,2.293925666809082
2869,2.179442596435547
2870,2.880540466308594
2871,2.0467700958251953
2872,2.3358245849609376
2873,1.9542354583740233
2874,2.244889259338379
2875,2.378926086425781
2876,1.9633630752563476
2877,2.0769908905029295
2878,2.1872604370117186
2879,1.988746452331543
2880,2.4458972930908205
2881,1.899696159362793
2882,1.9730728149414063
2883,2.2262546539306642
2884,2.3131872177124024
2885,2.1275697708129884
2886,2.3271469116210937
2887,2.2712270736694338
2888,2.0225921630859376
2889,2.3850339889526366
2890,1.9930765151977539
2891,2.231100082397461
2892,2.088730049133301
2893,2.5324052810668944
2894,2.43347053527832
2895,2.303299140930176
2896,2.340471076965332
2897,2.1268577575683594
2898,2.218110466003418
2899,2.2748031616210938
2900,2.2096282958984377
2901,1.8291498184204102
2902,2.2080087661743164
2903,2.059029197692871
2904,2.0714515686035155
2905,2.0630870819091798
2906,1.8773517608642578
2907,2.4855213165283203
2908,2.529952049255371
2909,2.233803939819336
2910,1.9022666931152343
2911,2.286996841430664
2912,1.8852264404296875
2913,1.9669052124023438
2914,2.108964729309082
2915,2.34893913269043
2916,2.1787166595458984
2917,2.2339216232299806
2918,1.9568519592285156
2919,2.2249124526977537
2920,2.1491039276123045
2921,2.6842761993408204
2922,2.140153503417969
2923,2.2850255966186523
2924,1.8079750061035156
2925,1.9860139846801759
2926,2.141529655456543
2927,1.9819576263427734
2928,2.2147489547729493
2929,2.865798759460449
2930,2.500929832458496
2931,2.2782445907592774
2932,2.3704549789428713
2933,2.3638214111328124
2934,2.2067588806152343
2935,2.2602991104125976
2936,2.3795263290405275
2937,2.109727668762207
2938,2.5014039993286135
2939,1.8739097595214844
2940,2.1115251541137696
2941,2.1989431381225586
2942,2.365019989013672
2943,2.182352066040039
2944,2.1424514770507814
2945,2.5318580627441407
2946,2.4151105880737305
2947,2.017551231384277
2948,1.9040321350097655
2949,2.297671318054199
2950,2.2869712829589846
2951,2.179796028137207
2952,1.7181205749511719
2953,2.8568649291992188
2954,2.048970603942871
2955,2.5339805603027346
2956,2.207022857666016
2957,2.115382194519043
2958,2.4287195205688477
2959,2.1055212020874023
2960,1.9867851257324218
2961,1.949550247192383
2962,2.2227413177490236
2963,2.3291208267211916
2964,1.9121589660644531
2965,1.7761178970336915
2966,1.9164535522460937
2967,1.9945758819580077
2968,2.3142833709716797
2969,2.118326950073242
2970,1.9491666793823241
2971,2.130453109741211
2972,1.9838346481323241
2973,2.2432893753051757
2974,2.2319211959838867
2975,2.17950496673584
2976,2.342334747314453
2977,2.260567283630371
2978,2.2836179733276367
2979,2.0381011962890625
2980,1.862693977355957
2981,2.5570552825927733
2982,2.618779754638672
2983,2.2341426849365233
2984,2.1268701553344727
2985,2.1471155166625975
2986,2.1443986892700195
2987,2.3531139373779295
2988,1.9511310577392578
2989,1.7693239212036134
2990,1.9176807403564453
2991,2.0162967681884765
2992,2.3683576583862305
2993,2.045303726196289
2994,2.4804254531860352
2995,2.0785104751586916
2996,2.5749933242797853
2997,2.134141540527344
2998,2.1756237030029295
2999,2.059550476074219
3000,2.0371429443359377
3001,1.9523324966430664
3002,2.138515281677246
3003,2.092943572998047
3004,2.0754322052001952
3005,2.3538293838500977
3006,1.9310935974121093
3007,1.9457168579101562
3008,2.1608633041381835
3009,1.826828956604004
3010,2.377956008911133
3011,1.8333185195922852
3012,2.264348793029785
3013,2.654413032531738
3014,2.127705192565918
3015,2.3470413208007814
3016,2.0852474212646483
3017,2.1679725646972656
3018,2.088825225830078
3019,2.1143587112426756
3020,2.394413948059082
3021,2.623430061340332
3022,2.539511489868164
3023,2.515477180480957
3024,2.6101892471313475
3025,1.8059795379638672
3026,2.2380075454711914
3027,1.8812856674194336
3028,2.2886470794677733
3029,2.0801984786987306
3030,2.189785194396973
3031,2.084232139587402
3032,1.4947992324829102
3033,2.2828550338745117
3034,2.3633968353271486
3035,2.2641376495361327
3036,2.1477699279785156
3037,2.4123714447021483
3038,2.3256862640380858
3039,2.191908264160156
3040,1.845818328857422
3041,2.1864280700683594
3042,2.4151018142700194
3043,2.087518501281738
3044,1.6418611526489257
3045,2.2296144485473635
3046,2.315699577331543
3047,2.257577323913574
3048,2.276713180541992
3049,1.998516845703125
3050,2.050749588012695
3051,2.2290409088134764
3052,2.4890024185180666
3053,2.1840797424316407
3054,1.9179718017578125
3055,2.3045881271362303
3056,2.1320045471191404
3057,1.9546276092529298
3058,2.2228935241699217
3059,2.203632926940918
3060,1.9543792724609375
3061,2.3102840423583983
3062,2.0881290435791016
3063,2.1037736892700196
3064,2.233173942565918
3065,2.1425729751586915
3066,2.0216068267822265
3067,2.4824052810668946
3068,1.8654977798461914
3069,2.231745719909668
3070,1.914646530151367
3071,2.1332538604736326
3072,1.9467592239379883
3073,2.185486602783203
3074,2.0480785369873047
3075,2.3226016998291015
3076,2.235321807861328
3077,2.3934648513793944
3078,2.2094940185546874
3079,2.4859580993652344
3080,2.1371421813964844
3081,2.1494077682495116
3082,1.8831659317016602
3083,1.6778549194335937
3084,1.605672264099121
3085,2.1743518829345705
3086,2.1681657791137696
3087,2.5854854583740234
3088,2.1091018676757813
3089,2.621444511413574
3090,2.0719871520996094
3091,2.235580635070801
3092,2.1190670013427733
3093,1.9041282653808593
3094,2.4708080291748047
3095,2.0791208267211916
3096,2.116985321044922
3097,2.1353416442871094
3098,2.041082191467285
3099,2.128453826904297
3100,2.135407257080078
3101,2.211886978149414
3102,2.6477149963378905
3103,2.184404182434082
3104,2.084616470336914
3105,2.0695465087890623
3106,2.396024703979492
3107,1.9593320846557618
3108,2.344742202758789
3109,2.6437843322753904
3110,2.2221580505371095
3111,2.5202585220336915
3112,2.286727523803711
3113,2.1744476318359376
3114,2.44959716796875
3115,1.9321401596069336
3116,2.4260019302368163
3117,2.1593420028686525
3118,2.2942184448242187
3119,1.9137601852416992
3120,2.2764507293701173
3121,1.9409673690795899
3122,2.232888412475586
3123,2.2360408782958983
3124,2.6001522064208986
3125,2.1103519439697265
3126,2.1961708068847656
3127,2.0774553298950194
3128,2.626661682128906
3129,2.354969596862793
3130,2.0981266021728517
3131,2.0029102325439454
3132,2.0600440979003904
3133,2.4998889923095704
3134,2.019247627258301
3135,2.165224075317383
3136,1.8670249938964845
3137,2.175446891784668
3138,2.304721450805664
3139,2.1470357894897463
3140,2.2827875137329103
3141,2.586071586608887
3142,2.10504150390625
3143,2.0612539291381835
3144,2.0448991775512697
3145,2.3252517700195314
3146,2.0136037826538087
3147,2.369522476196289
3148,2.2757492065429688
3149,2.052226257324219
3150,1.7581018447875976
3151,2.5098430633544924
3152,1.999382209777832
3153,2.0017889022827147
3154,2.6814144134521483
3155,2.502768135070801
3156,1.7968534469604491
3157,1.7350967407226563
3158,2.2889328002929688
3159,2.3183452606201174
3160,2.1986516952514648
3161,2.310607147216797
3162,2.496805763244629
3163,2.131460952758789
3164,2.190363121032715
3165,2.2646995544433595
3166,2.2036039352416994
3167,2.0693872451782225
3168,2.346362495422363
3169,2.1232168197631838
3170,2.3469314575195312
3171,2.144832229614258
3172,1.9119009017944335
3173,2.1305007934570312
3174,2.225356101989746
3175,2.38284854888916
3176,1.9158601760864258
3177,1.8858787536621093
3178,2.124151611328125
3179,1.9307981491088868
3180,1.8785478591918945
3181,2.456234359741211
3182,2.5183526992797853
3183,2.3891223907470702
3184,1.909037971496582
3185,2.3061107635498046
3186,2.2258981704711913
3187,2.3036901473999025
3188,1.9437273025512696
3189,2.0331058502197266
3190,2.2234283447265626
3191,2.5350255966186523
3192,1.98010196685791
3193,2.337206268310547
3194,2.2847095489501954
3195,1.811985397338867
3196,2.171172523498535
3197,2.2756582260131837
3198,2.0546613693237306
3199,2.189892387390137
3200,1.9676664352416993
3201,2.3638338088989257
3202,2.290671539306641
3203,2.022065544128418
3204,2.3167709350585937
3205,2.4034271240234375
3206,2.028899383544922
3207,2.087967300415039
3208,2.3486536026000975
3209,2.045882225036621
3210,1.8895967483520508
3211,2.3981916427612306
3212,1.9761945724487304
3213,1.9216617584228515
3214,2.2225271224975587
3215,1.99083251953125
3216,2.319897270202637
3217,2.0889286041259765
3218,2.6501497268676757
3219,2.684686851501465
3220,1.9660913467407226
3221,2.34393424987793
3222,2.437721061706543
3223,1.9335052490234375
3224,2.1769615173339845
3225,2.25075740814209
3226,1.8793855667114259
3227,2.2904090881347656
3228,1.992891502380371
3229,2.2260814666748048
3230,1.9866342544555664
3231,2.0834171295166017
3232,2.0701311111450194
3233,1.783087921142578
3234,2.1762943267822266
3235,2.23598690032959
3236,2.115274429321289
3237,2.297842788696289
3238,1.9874164581298828
3239,2.461773490905762
3240,2.136668586730957
3241,1.973190689086914
3242,2.4057373046875
3243,2.104862403869629
3244,2.2927270889282227
3245,2.2929574966430666
3246,2.151346206665039
3247,1.9184770584106445
3248,1.7332160949707032
3249,2.1466701507568358
3250,2.194014549255371
3251,2.223405647277832
3252,2.545555305480957
3253,2.3447507858276366
3254,2.025517463684082
3255,2.231186294555664
3256,2.169624137878418
3257,2.138823699951172
3258,2.2400238037109377
3259,2.242118072509766
3260,2.3635686874389648
3261,2.036544609069824
3262,2.1318490982055662
3263,2.1994649887084963
3264,2.127392387390137
3265,2.571641540527344
3266,2.154018020629883
3267,2.032790946960449
3268,2.3925970077514647
3269,2.1021068572998045
3270,1.8678495407104492
3271,1.7421674728393555
3272,2.391348457336426
3273,2.27774715423584
3274,2.0326852798461914
3275,2.114986228942871
3276,2.219124984741211
3277,2.1901182174682616
3278,2.236031150817871
3279,2.026412582397461
3280,2.3430639266967774
3281,2.3122291564941406
3282,1.9818967819213866
3283,2.0665964126586913
3284,1.9867835998535157
3285,1.941993522644043
3286,2.089641571044922
3287,2.1891313552856446
3288,1.9410404205322265
3289,2.191501235961914
3290,1.9814672470092773
3291,1.9544404983520507
3292,2.1571447372436525
3293,2.173644256591797
3294,2.33348388671875
3295,1.681150245666504
3296,2.366476631164551
3297,1.8980886459350585
3298,2.142072296142578
3299,2.1016281127929686
3300,2.2929685592651365
3301,2.450627326965332
3302,2.4492523193359377
3303,1.8255119323730469
3304,2.0707469940185548
3305,1.9876625061035156
3306,2.051015090942383
3307,1.8287384033203125
3308,2.3187522888183594
3309,2.2927324295043947
3310,2.296701431274414
3311,2.040258026123047
3312,2.353425407409668
3313,2.100708770751953
3314,2.413864326477051
3315,2.532488250732422
3316,2.172200584411621
3317,2.411454772949219
3318,2.1677572250366213
3319,2.3605268478393553
3320,2.2708457946777343
3321,2.35254020690918
3322,2.093349647521973
3323,2.0790306091308595
3324,1.9624887466430665
3325,2.248263931274414
3326,2.1550552368164064
3327,2.4877519607543945
3328,2.3273691177368163
3329,2.379829978942871
3330,2.0848201751708983
3331,2.3229578018188475
3332,2.292599678039551
3333,2.4001516342163085
3334,2.416125679016113
3335,2.2842889785766602
3336,2.4282230377197265
3337,2.1150110244750975
3338,2.321702575683594
3339,2.1589664459228515
3340,2.437303924560547
3341,2.2625492095947264
3342,1.908024215698242
3343,1.9470882415771484
3344,2.1829660415649412
3345,2.076214599609375
3346,1.9061113357543946
3347,2.095916175842285
3348,1.8366247177124024
3349,2.2831817626953126
3350,2.474312591552734
3351,1.856882095336914
3352,2.1009296417236327
3353,2.097725486755371
3354,2.136476516723633
3355,2.3168272018432616
3356,2.0062875747680664
3357,2.1278154373168947
3358,2.118986129760742
3359,2.0817520141601564
3360,2.2435985565185548
3361,1.8823097229003907
3362,2.0642385482788086
3363,2.205436897277832
3364,2.2279287338256837
3365,2.230838966369629
3366,2.4425579071044923
3367,1.9033613204956055
3368,2.3271955490112304
3369,2.2927244186401365
3370,2.2964235305786134
3371,2.2018047332763673
3372,2.2672296524047852
3373,1.8714080810546876
3374,2.261507987976074
3375,2.255991744995117
3376,2.3545183181762694
3377,2.0900917053222656
3378,2.5072484970092774
3379,1.9125978469848632
3380,2.286264419555664
3381,2.4033607482910155
3382,2.2545785903930664
3383,2.025410270690918
3384,2.407965660095215
3385,1.9925008773803712
3386,2.037549591064453
3387,2.2422662734985352
3388,1.869185447692871
3389,2.193246269226074
3390,2.684238243103027
3391,2.351445960998535
3392,2.0772756576538085
3393,2.062535285949707
3394,2.4735279083251953
3395,2.157190132141113
3396,2.0897232055664063
3397,2.237791061401367
3398,2.429882049560547
3399,2.4205190658569338
3400,2.1599876403808596
3401,1.9744949340820312
3402,2.4189376831054688
3403,2.3829273223876952
3404,1.857870101928711
3405,2.1998043060302734
3406,2.3383506774902343
3407,2.1446096420288088
3408,1.9165075302124024
3409,2.2010734558105467
3410,2.585643768310547
3411,2.150615119934082
3412,2.316628074645996
3413,2.0647891998291015
3414,1.7258291244506836
3415,1.6947431564331055
3416,2.213651657104492
3417,1.6962398529052733
3418,1.8866945266723634
3419,2.231362533569336
3420,2.1371618270874024
3421,2.630818748474121
3422,2.215645408630371
3423,2.078302574157715
3424,2.073609161376953
3425,2.2122625350952148
3426,2.1391788482666017
3427,1.9796831130981445
3428,1.6876636505126954
3429,2.2018878936767576
3430,2.129834747314453
3431,2.038009262084961
3432,1.9590410232543944
3433,2.2192203521728517
3434,2.2296926498413088
3435,2.17706241607666
3436,2.044582176208496
3437,2.1944610595703127
3438,2.6381649017333983
3439,2.1577163696289063
3440,1.9541467666625976
3441,2.433719253540039
3442,1.9886161804199218
3443,2.09692440032959
3444,2.1562532424926757
3445,2.484401512145996
3446,2.2016250610351564
3447,2.179911231994629
3448,2.108734703063965
3449,2.0621898651123045
3450,1.8921073913574218
3451,2.0633333206176756
3452,2.168798637390137
3453,1.695528221130371
3454,2.2314857482910155
3455,1.8975339889526368
3456,2.2838754653930664
3457,2.1459449768066405
3458,2.284041976928711
3459,2.5996170043945312
3460,1.6938089370727538
3461,2.1712062835693358
3462,2.47076416015625
3463,2.238726806640625
3464,2.275540351867676
3465,2.2170904159545897
3466,2.562558174133301
3467,2.0504390716552736
3468,2.625344085693359
3469,2.056317901611328
3470,1.8823617935180663
3471,2.1290050506591798
3472,2.314921188354492
3473,2.147805404663086
3474,2.2892337799072267
3475,2.152662658691406
3476,1.9577882766723633
3477,2.0711246490478517
3478,1.816135787963867
3479,2.3170772552490235
3480,1.8842103958129883
3481,2.101028251647949
3482,2.7573129653930666
3483,2.3055351257324217
3484,2.1192113876342775
3485,2.1009147644042967
3486,1.9620956420898437
3487,2.254385566711426
3488,1.989475631713867
3489,2.021870231628418
3490,1.9189487457275392
3491,2.2280132293701174
3492,2.0773031234741213
3493,2.039296531677246
3494,2.0489532470703127
3495,2.3547269821166994
3496,2.006636047363281
3497,2.172157096862793
3498,1.9718080520629884
3499,2.186964988708496
3500,1.8862895965576172
3501,2.054483413696289
3502,2.1437971115112306
3503,2.4042547225952147
3504,2.2024629592895506
3505,2.3048667907714844
3506,2.0961116790771483
3507,2.2229366302490234
3508,2.092686080932617
3509,2.1450218200683593
3510,1.906961441040039
3511,2.188698577880859
3512,2.28475284576416
3513,2.154689407348633
3514,1.962479591369629
3515,2.181755256652832
3516,2.4438724517822266
3517,2.2715578079223633
3518,2.3838706970214845
3519,2.143882942199707
3520,2.2584495544433594
3521,2.1615617752075194
3522,1.8275753021240235
3523,2.049538803100586
3524,2.1469459533691406
3525,2.2525636672973635
3526,1.8977258682250977
3527,2.6177251815795897
3528,2.1790231704711913
3529,2.153636360168457
3530,2.120473098754883
3531,1.7909610748291016
3532,2.5426876068115236
3533,2.0578025817871093
3534,1.7828681945800782
3535,2.5907983779907227
3536,1.9478843688964844
3537,2.0198726654052734
3538,2.49484806060791
3539,2.218357467651367
3540,1.9715225219726562
3541,2.396603584289551
3542,2.322661781311035
3543,1.9797281265258788
3544,2.0999114990234373
3545,1.9864660263061524
3546,1.9614791870117188
3547,2.120719146728516
3548,2.283368682861328
3549,2.2307315826416017
3550,2.501997375488281
3551,2.1980205535888673
3552,2.1512828826904298
3553,2.2615808486938476
3554,2.346248245239258
3555,2.0076824188232423
3556,2.3567914962768555
3557,2.1860795974731446
3558,2.262612152099609
3559,2.0420015335083006
3560,2.291523742675781
3561,2.480966567993164
3562,2.292043113708496
3563,2.045208740234375
3564,2.586597442626953
3565,2.532168388366699
3566,2.1885263442993166
3567,2.2343280792236326
3568,2.0665681838989256
3569,2.0826391220092773
3570,2.2015575408935546
3571,2.309510040283203
3572,2.0642147064208984
3573,2.2752758026123048
3574,2.223890495300293
3575,1.9184391021728515
3576,2.090070343017578
3577,2.0705575942993164
3578,2.0317243576049804
3579,2.4882497787475586
3580,2.2977956771850585
3581,1.8750072479248048
3582,2.2702198028564453
3583,2.4599235534667967
3584,2.3211259841918945
3585,2.2882453918457033
3586,2.221063232421875
3587,2.45831184387207
3588,1.6523872375488282
3589,2.2545040130615233
3590,2.0716873168945313
3591,2.4803918838500976
3592,2.094504165649414
3593,2.1192707061767577
3594,2.2782609939575194
3595,2.5594179153442385
3596,2.4282379150390625
3597,2.0425687789916993
3598,2.132063865661621
3599,1.82989559173584
3600,2.344775581359863
3601,2.352617645263672
3602,1.7197395324707032
3603,2.0996467590332033
3604,2.2164615631103515
3605,2.275436019897461
3606,2.0753021240234375
3607,2.09912109375
3608,2.0174299240112306
3609,2.0350112915039062
3610,2.911859321594238
3611,2.220092010498047
3612,2.1450641632080076
3613,2.4454782485961912
3614,2.108883094787598
3615,2.4529003143310546
3616,1.7484397888183594
3617,1.8004653930664063
3618,2.7159820556640626
3619,2.84731388092041
3620,2.221649169921875
3621,2.521726608276367
3622,2.22143440246582
3623,2.0788211822509766
3624,2.0406187057495115
3625,1.9025169372558595
3626,1.8807371139526368
3627,2.0802053451538085
3628,2.0444948196411135
3629,2.1149972915649413
3630,2.0461200714111327
3631,2.2320158004760744
3632,1.7121841430664062
3633,2.4595769882202148
3634,2.085207939147949
3635,2.1678804397583007
3636,2.238099479675293
3637,2.1841014862060546
3638,2.221729850769043
3639,2.3131954193115236
3640,2.1568174362182617
3641,1.797020149230957
3642,1.9852109909057618
3643,2.1244251251220705
3644,2.274698829650879
3645,2.2526708602905274
3646,2.3224155426025392
3647,1.8882217407226562
3648,2.087541961669922
3649,2.109120750427246
3650,2.0490732192993164
3651,2.299208641052246
3652,2.249998092651367
3653,2.052503967285156
3654,2.0287551879882812
3655,2.109934616088867
3656,2.030993843078613
3657,1.7856573104858398
3658,2.173542594909668
3659,2.0824026107788085
3660,1.9333280563354491
3661,2.0304079055786133
3662,2.073297691345215
3663,2.2455522537231447
3664,1.8932641983032226
3665,2.182174301147461
3666,2.238249397277832
3667,2.1558774948120116
3668,2.0317140579223634
3669,2.2905399322509767
3670,2.113449287414551
3671,2.302780532836914
3672,2.1282257080078124
3673,2.1608865737915037
3674,2.4827842712402344
3675,2.2876651763916014
3676,2.5188018798828127
3677,1.8207855224609375
3678,1.941752052307129
3679,2.1055271148681642
3680,1.6701820373535157
3681,1.6582511901855468
3682,2.152002716064453
3683,2.178940773010254
3684,2.3092674255371093
3685,2.225288963317871
3686,2.516576957702637
3687,2.2188777923583984
3688,1.6994447708129883
3689,2.2471992492675783
3690,2.5762248992919923
3691,1.9446756362915039
3692,2.071059226989746
3693,2.1096715927124023
3694,1.9117582321166993
3695,2.191783142089844
3696,2.496454620361328
3697,2.2039779663085937
3698,2.0902381896972657
3699,2.053780174255371
3700,2.5833127975463865
3701,2.3121768951416017
3702,2.049264907836914
3703,2.3094366073608397
3704,2.1026405334472655
3705,2.028075408935547
3706,1.9125457763671876
3707,2.3487205505371094
3708,2.0413934707641603
3709,2.2175710678100584
3710,2.1807193756103516
3711,2.776483345031738
3712,2.0321985244750977
3713,2.015614318847656
3714,1.8573528289794923
3715,2.6589227676391602
3716,2.3024763107299804
3717,2.1413206100463866
3718,2.1646486282348634
3719,2.205380439758301
3720,2.3512908935546877
3721,2.1317489624023436
3722,2.1261722564697267
3723,2.357815742492676
3724,2.4094505310058594
3725,2.156190872192383
3726,2.0946088790893556
3727,2.2131750106811525
3728,2.029604911804199
3729,2.3086585998535156
3730,2.2062070846557615
3731,1.9814413070678711
3732,2.3850378036499023
3733,2.4536949157714845
3734,1.8612897872924805
3735,2.2642948150634767
3736,2.360017013549805
3737,2.232919692993164
3738,2.407023811340332
3739,2.126689910888672
3740,2.4070676803588866
3741,2.1498937606811523
3742,2.207353210449219
3743,1.9818552017211915
3744,2.1230260848999025
3745,2.2660890579223634
3746,2.2527660369873046
3747,1.736550521850586
3748,1.914570426940918
3749,2.2457206726074217
3750,2.177467918395996
3751,1.807182502746582
3752,2.4035362243652343
3753,2.2210851669311524
3754,2.27412109375
3755,2.059673309326172
3756,1.8036462783813476
3757,2.3019838333129883
3758,1.7761735916137695
3759,2.296467399597168
3760,2.304981994628906
3761,2.514602279663086
3762,1.9190744400024413
3763,2.1060596466064454
3764,2.1067785263061523
3765,2.171481132507324
3766,2.501873779296875
3767,2.265449333190918
3768,2.1767629623413085
3769,2.263966751098633
3770,2.3951820373535155
3771,2.2000202178955077
3772,2.2302839279174806
3773,2.040065574645996
3774,1.7856107711791993
3775,2.1147789001464843
3776,2.166951370239258
3777,2.4084144592285157
3778,1.8959293365478516
3779,2.021371269226074
3780,2.322941017150879
3781,1.811701202392578
3782,1.9194381713867188
3783,2.011090850830078
3784,2.1186710357666017
3785,2.4414878845214845
3786,2.256026840209961
3787,2.0170541763305665
3788,1.6967037200927735
3789,2.6077747344970703
3790,2.1665069580078127
3791,2.318703842163086
3792,2.679293632507324
3793,2.1702104568481446
3794,1.7309785842895509
3795,1.7781410217285156
3796,1.9098102569580078
3797,2.001534843444824
3798,2.118686866760254
3799,2.3360275268554687
3800,1.6833482742309571
3801,2.3272972106933594
3802,1.8863317489624023
3803,2.403101348876953
3804,2.0791131973266603
3805,2.547226333618164
3806,2.2788774490356447
3807,2.2171794891357424
3808,2.305294227600098
3809,2.434890937805176
3810,1.973068618774414
3811,2.504144477844238
3812,2.1996795654296877
3813,2.36690731048584
3814,2.32916259765625
3815,2.3996255874633787
3816,2.3983327865600588
3817,2.1167139053344726
3818,2.1074716567993166
3819,2.4917137145996096
3820,2.164069175720215
3821,2.232286262512207
3822,2.4588937759399414
3823,2.262384605407715
3824,2.299323081970215
3825,1.9794672012329102
3826,2.0600461959838867
3827,2.065968322753906
3828,1.9443880081176759
3829,2.40122013092041
3830,2.346982002258301
3831,2.055519676208496
3832,2.3251876831054688
3833,2.3647321701049804
3834,2.314768409729004
3835,2.416855812072754
3836,2.1553319931030273
3837,2.358414077758789
3838,1.9089170455932618
3839,2.2796628952026365
3840,2.2253055572509766
3841,2.0508413314819336
3842,1.907737922668457
3843,2.1391639709472656
3844,1.7592609405517579
3845,2.883651351928711
3846,2.3027154922485353
3847,2.0568140029907225
3848,2.175472640991211
3849,2.201249694824219
3850,2.1122453689575194
3851,2.2393306732177733
3852,1.951021957397461
3853,2.140180206298828
3854,1.8899394989013671
3855,2.0221220016479493
3856,2.238658332824707
3857,2.1368547439575196
3858,2.152452278137207
3859,1.9805194854736328
3860,1.8282573699951172
3861,2.4652841567993162
3862,2.5377197265625
3863,2.1269182205200194
3864,2.400585174560547
3865,2.343266487121582
3866,2.0280378341674803
3867,2.0837154388427734
3868,2.1323017120361327
3869,1.549998950958252
3870,2.0987682342529297
3871,1.9700492858886718
3872,2.2708461761474608
3873,2.3157005310058594
3874,2.264710235595703
3875,2.201026725769043
3876,1.8812980651855469
3877,2.404939651489258
3878,2.305161476135254
3879,2.024577331542969
3880,2.3015071868896486
3881,2.0798479080200196
3882,2.1757366180419924
3883,1.9205909729003907
3884,1.9831085205078125
3885,2.2042095184326174
3886,2.4094869613647463
3887,2.1929121017456055
3888,2.245209312438965
3889,2.4612552642822267
3890,2.1352117538452147
3891,2.053569793701172
3892,2.1392986297607424
3893,2.0692636489868166
3894,2.1135183334350587
3895,2.1203304290771485
3896,1.733788299560547
3897,2.0941593170166017
3898,1.9589113235473632
3899,2.0693092346191406
3900,2.170703125
3901,2.220947265625
3902,2.503832244873047
3903,2.061319351196289
3904,1.852305793762207
3905,2.2870763778686523
3906,1.6628259658813476
3907,1.777162742614746
3908,1.8612409591674806
3909,2.386361503601074
3910,2.5492071151733398
3911,2.1972225189208983
3912,2.1627744674682616
3913,2.3357254028320313
3914,2.2024227142333985
3915,1.948659896850586
3916,2.1041706085205076
3917,1.899679946899414
3918,2.187724304199219
3919,1.900063705444336
3920,2.124289321899414
3921,2.1766109466552734
3922,2.284028434753418
3923,2.4176963806152343
3924,2.0966716766357423
3925,2.0897199630737306
3926,2.1451274871826174
3927,2.058353805541992
3928,2.2618844985961912
3929,1.8706581115722656
3930,2.552530288696289
3931,2.3254804611206055
3932,1.9217599868774413
3933,2.558712959289551
3934,2.2107816696166993
3935,2.1263742446899414
3936,1.8383947372436524
3937,2.2261144638061525
3938,2.294545364379883
3939,2.3140954971313477
3940,2.2578189849853514
3941,2.121021842956543
3942,2.093269920349121
3943,2.040425491333008
3944,1.7596826553344727
3945,1.8910764694213866
3946,1.871658706665039
3947,2.428751754760742
3948,2.1600671768188477
3949,1.979326057434082
3950,2.403190803527832
3951,2.149149513244629
3952,2.0077327728271483
3953,2.276982879638672
3954,2.2372486114501955
3955,2.647699165344238
3956,2.0866289138793945
3957,2.0320581436157226
3958,2.0712907791137694
3959,2.264809417724609
3960,2.398794937133789
3961,2.2677080154418947
3962,2.1232805252075195
3963,1.9330480575561524
3964,2.12707405090332
3965,2.1468107223510744
3966,2.1538631439208986
3967,2.1364410400390623
3968,2.253127670288086
3969,2.2864168167114256
3970,2.3161905288696287
3971,2.2919021606445313
3972,2.3441398620605467
3973,2.2252906799316405
3974,2.2276668548583984
3975,2.2919235229492188
3976,2.162535858154297
3977,2.4149805068969727
3978,2.2596879959106446
3979,1.9022315979003905
3980,2.2576324462890627
3981,2.2646106719970702
3982,2.1844276428222655
3983,2.2412967681884766
3984,1.98352108001709
3985,2.183578872680664
3986,2.0057376861572265
3987,2.3283641815185545
3988,1.9074291229248046
3989,2.1942901611328125
3990,2.1943931579589844
3991,2.3959640502929687
3992,2.1410221099853515
3993,2.3826267242431642
3994,2.3726062774658203
3995,2.1956682205200195
3996,2.252688980102539
3997,2.1399206161499023
3998,2.2457752227783203
3999,2.416167449951172
4000,2.2335142135620116
4001,1.8964139938354492
4002,2.330377197265625
4003,2.2565725326538084
4004,1.9671110153198241
4005,2.1599056243896486
4006,2.500672149658203
4007,2.175642395019531
4008,2.3126220703125
4009,2.5868814468383787
4010,2.088458251953125
4011,2.6160011291503906
4012,2.550364875793457
4013,2.2359664916992186
4014,2.2726821899414062
4015,1.9060832977294921
4016,2.151819038391113
4017,2.1797582626342775
4018,2.142017364501953
4019,1.9380973815917968
4020,2.1345895767211913
4021,2.400710868835449
4022,1.951683235168457
4023,2.16561222076416
4024,1.7169939041137696
4025,2.306020736694336
4026,2.186825180053711
4027,1.992258644104004
4028,2.030020904541016
4029,1.9779159545898437
4030,1.966718864440918
4031,1.9865888595581054
4032,2.4936908721923827
4033,1.9387718200683595
4034,2.251993751525879
4035,2.19361572265625
4036,1.7291746139526367
4037,2.0096338272094725
4038,2.1443824768066406
4039,2.352845573425293
4040,1.998702049255371
4041,1.8961734771728516
4042,1.9454374313354492
4043,2.0747196197509767
4044,2.623031806945801
4045,2.3491268157958984
4046,2.1335594177246096
4047,2.3140243530273437
4048,2.2018003463745117
4049,2.1639472961425783
4050,2.2115194320678713
4051,2.5403560638427733
4052,1.9008005142211915
4053,1.8344718933105468
4054,2.0503747940063475
4055,2.0526700973510743
4056,1.967520523071289
4057,2.491146278381348
4058,2.3791242599487306
4059,2.048021125793457
4060,2.270623779296875
4061,2.0600847244262694
4062,2.4930233001708983
4063,1.752373504638672
4064,2.525247001647949
4065,2.2402341842651365
4066,2.071076011657715
4067,2.0100675582885743
4068,1.9488765716552734
4069,2.1983722686767577
4070,2.180791664123535
4071,2.182675361633301
4072,1.9067863464355468
4073,2.3689014434814455
4074,2.18115119934082
4075,1.877783966064453
4076,2.1996965408325195
4077,1.9948123931884765
4078,2.1743125915527344
4079,2.107657051086426
4080,2.0255176544189455
4081,2.2374141693115233
4082,2.0392877578735353
4083,2.007449913024902
4084,2.4921525955200194
4085,2.315405082702637
4086,2.2517223358154297
4087,2.3388238906860352
4088,2.167776107788086
4089,2.1169761657714843
4090,2.0813373565673827
4091,2.3735559463500975
4092,2.379127311706543
4093,2.3198537826538086
4094,2.24625244140625
4095,1.6627235412597656
4096,2.194724273681641
4097,2.3520343780517576
4098,2.3212905883789063
4099,1.854499626159668
4100,1.9634706497192382
4101,2.1617452621459963
4102,2.1908567428588865
4103,2.283875274658203
4104,2.274489402770996
4105,2.290475082397461
4106,2.4000967025756834
4107,1.9970691680908204
4108,2.3858461380004883
4109,2.5758602142333986
4110,2.330500030517578
4111,1.967321014404297
4112,2.2721527099609373
4113,2.208392524719238
4114,1.6048955917358398
4115,2.468650245666504
4116,1.9832683563232423
4117,2.355960464477539
4118,2.095891571044922
4119,2.2117359161376955
4120,1.7335428237915038
4121,2.1759353637695313
4122,2.421028709411621
4123,2.067555046081543
4124,1.7555404663085938
4125,2.228541946411133
4126,1.8905513763427735
4127,2.379305839538574
4128,2.3497095108032227
4129,2.2627769470214845
4130,2.0832353591918946
4131,2.374419593811035
4132,1.9330554962158204
4133,1.9115333557128906
4134,2.2227636337280274
4135,1.8571073532104492
4136,2.4544897079467773
4137,2.7797609329223634
4138,2.194314384460449
4139,2.2728399276733398
4140,2.181060791015625
4141,2.2775442123413088
4142,2.427566909790039
4143,2.177739906311035
4144,2.576330375671387
4145,2.2706958770751955
4146,2.0980220794677735
4147,2.342869758605957
4148,2.370158004760742
4149,1.8853099822998047
4150,2.0034271240234376
4151,2.5509544372558595
4152,2.228853225708008
4153,1.9492542266845703
4154,1.8387155532836914
4155,2.075520324707031
4156,2.2884111404418945
4157,2.4091684341430666
4158,2.1947048187255858
4159,1.5437904357910157
4160,2.53280029296875
4161,1.9190122604370117
4162,2.187440872192383
4163,2.1882919311523437
4164,2.0993730545043947
4165,1.9134681701660157
4166,2.8400543212890623
4167,2.2368139266967773
4168,2.0509403228759764
4169,1.9123113632202149
4170,2.1212484359741213
4171,2.2424108505249025
4172,2.1688798904418944
4173,2.064253234863281
4174,1.8886409759521485
4175,2.345231628417969
4176,2.0063861846923827
4177,2.0527624130249023
4178,2.180813789367676
4179,2.2099355697631835
4180,2.1988384246826174
4181,2.183813285827637
4182,2.309556007385254
4183,2.37286376953125
4184,2.166387748718262
4185,1.9151233673095702
4186,2.144379425048828
4187,2.070587730407715
4188,2.101594161987305
4189,2.0498031616210937
4190,2.490276908874512
4191,2.284993553161621
4192,2.714569664001465
4193,2.261172866821289
4194,2.550458526611328
4195,2.0210939407348634
4196,1.8410690307617188
4197,2.0905113220214844
4198,2.1031417846679688
4199,2.3585718154907225
4200,2.3797882080078123
4201,2.493982124328613
4202,2.1987579345703123
4203,2.098339080810547
4204,1.815419578552246
4205,2.086827850341797
4206,1.9042276382446288
4207,2.123569869995117
4208,2.2168275833129885
4209,2.064847946166992
4210,2.0883888244628905
4211,1.9916973114013672
4212,1.9932846069335937
4213,2.1656455993652344
4214,1.872310256958008
4215,2.1365564346313475
4216,2.1078718185424803
4217,2.3378807067871095
4218,2.142482948303223
4219,2.3183197021484374
4220,2.415289878845215
4221,1.9938127517700195
4222,2.085923194885254
4223,1.83402099609375
4224,1.877008056640625
4225,2.747888946533203
4226,2.1505203247070312
4227,2.2236223220825195
4228,2.530628776550293
4229,1.8575223922729491
4230,1.7935176849365235
4231,2.040986251831055
4232,1.8603410720825195
4233,2.3722297668457033
4234,2.0391740798950195
4235,2.055368995666504
4236,1.8990289688110351
4237,1.9557945251464843
4238,2.0290512084960937
4239,1.811622428894043
4240,2.3151996612548826
4241,2.1422651290893553
4242,1.9544681549072265
4243,2.0629167556762695
4244,2.153299331665039
4245,2.0684907913208006
4246,2.078953170776367
4247,2.3884866714477537
4248,2.160932159423828
4249,2.1514053344726562
4250,2.0420558929443358
4251,1.4852889060974122
4252,1.9576168060302734
4253,2.3512596130371093
4254,2.1512334823608397
4255,1.7752693176269532
4256,2.2252309799194334
4257,2.1812421798706056
4258,2.1607542037963867
4259,2.0589189529418945
4260,2.0855764389038085
4261,2.3121639251708985
4262,1.943239974975586
4263,2.1016258239746093
4264,2.149397277832031
4265,1.8561616897583009
4266,2.36583251953125
4267,2.0649375915527344
4268,2.1318954467773437
4269,1.9282081604003907
4270,2.246000289916992
4271,2.0506240844726564
4272,1.5338857650756836
4273,2.306680107116699
4274,2.2705835342407226
4275,1.8199588775634765
4276,2.103306770324707
4277,2.2982105255126952
4278,2.154737854003906
4279,2.0653783798217775
4280,2.044776725769043
4281,2.076633834838867
4282,2.0585365295410156
4283,1.3885355949401856
4284,1.9821882247924805
4285,1.912516212463379
4286,2.0775320053100588
4287,2.163488006591797
4288,2.11737174987793
4289,2.373775291442871
4290,2.0404958724975586
4291,2.3422367095947267
4292,2.058233070373535
4293,2.1943788528442383
4294,1.904257583618164
4295,2.2626705169677734
4296,2.0246597290039063
4297,2.1878143310546876
4298,2.2751699447631837
4299,2.1839792251586916
4300,1.935460662841797
4301,2.2216943740844726
4302,2.7273332595825197
4303,2.3624570846557615
4304,1.9393938064575196
4305,2.179471015930176
4306,2.2307722091674806
4307,2.2578397750854493
4308,1.8538318634033204
4309,2.39666862487793
4310,2.1629241943359374
4311,2.007259178161621
4312,2.1209228515625
4313,1.9246307373046876
4314,1.8713518142700196
4315,2.352600860595703
4316,2.184403991699219
4317,2.2868314743041993
4318,2.036081314086914
4319,2.1078105926513673
4320,2.007400703430176
4321,2.2311058044433594
4322,2.1586845397949217
4323,2.3423593521118162
4324,1.7550296783447266
4325,2.00338191986084
4326,1.9382251739501952
4327,2.173625183105469
4328,2.2598995208740233
4329,2.2158985137939453
4330,2.1787622451782225
4331,2.3661211013793944
4332,2.446354293823242
4333,2.176992988586426
4334,2.207237434387207
4335,2.1118202209472656
4336,1.9381240844726562
4337,2.1503639221191406
4338,2.35046272277832
4339,2.3656455993652346
4340,2.1395965576171876
4341,2.6802759170532227
4342,2.197176933288574
4343,2.168977737426758
4344,2.197006416320801
4345,2.0260910034179687
4346,2.4087743759155273
4347,2.155191993713379
4348,2.3374103546142577
4349,2.3910552978515627
4350,2.3501201629638673
4351,2.5383275985717773
4352,1.8336545944213867
4353,2.3355878829956054
4354,2.2904224395751953
4355,2.045438766479492
4356,2.4127967834472654
4357,2.3435102462768556
4358,2.449397087097168
4359,2.4800928115844725
4360,2.0978042602539064
4361,2.225258636474609
4362,2.41339168548584
4363,2.1358545303344725
4364,2.1504470825195314
4365,2.5648168563842773
4366,1.9077739715576172
4367,1.9768074035644532
4368,2.633787155151367
4369,2.489500617980957
4370,2.355276679992676
4371,1.986729049682617
4372,2.3527894973754884
4373,2.3462400436401367
4374,2.038509750366211
4375,2.4833831787109375
4376,1.9437198638916016
4377,2.285089683532715
4378,2.0395715713500975
4379,2.2522937774658205
4380,1.9758453369140625
4381,2.1796388626098633
4382,2.6901018142700197
4383,1.6232242584228516
4384,1.7799692153930664
4385,2.5797338485717773
4386,2.772889518737793
4387,2.4208961486816407
4388,2.1491506576538084
4389,1.8781911849975585
4390,2.1121740341186523
4391,2.457411766052246
4392,2.2548286437988283
4393,2.337430953979492
4394,1.6953655242919923
4395,2.144826889038086
4396,2.083265686035156
4397,2.311101722717285
4398,2.2732212066650392
4399,2.2020872116088865
4400,2.4154695510864257
4401,1.8246877670288086
4402,2.2138771057128905
4403,2.216472625732422
4404,2.585174560546875
4405,2.1610952377319337
4406,2.034238815307617
4407,2.2561819076538088
4408,2.2617916107177733
4409,2.3512134552001953
4410,2.055116081237793
4411,2.090453338623047
4412,2.0902421951293944
4413,2.0797056198120116
4414,2.013751220703125
4415,2.1800527572631836
4416,1.9600336074829101
4417,2.2582334518432616
4418,2.209248924255371
4419,2.0618112564086912
4420,2.1507144927978517
4421,1.692795181274414
4422,2.069426155090332
4423,1.7391923904418944
4424,2.3438974380493165
4425,2.1337343215942384
4426,2.0773847579956053
4427,2.270147132873535
4428,1.8452577590942383
4429,2.19967098236084
4430,1.6692947387695312
4431,2.3272703170776365
4432,2.1906280517578125
4433,1.9479904174804688
4434,2.2505937576293946
4435,2.209778594970703
4436,2.203667640686035
4437,2.380135345458984
4438,2.3118408203125
4439,2.4550561904907227
4440,2.1261144638061524
4441,2.0694807052612303
4442,1.9276329040527345
4443,1.6992023468017579
4444,2.1293785095214846
4445,1.9712652206420898
4446,1.9845476150512695
4447,1.9453405380249023
4448,2.24744873046875
4449,2.5229549407958984
4450,1.9004377365112304
4451,2.1333484649658203
4452,2.4569351196289064
4453,2.1902881622314454
4454,1.984105682373047
4455,2.004983329772949
4456,1.9550222396850585
4457,2.3470510482788085
4458,2.269237518310547
4459,2.242584991455078
4460,2.1814449310302733
4461,1.8625864028930663
4462,2.0946502685546875
4463,2.071494293212891
4464,1.9742319107055664
4465,1.8079952239990233
4466,2.2540151596069338
4467,2.3260820388793944
4468,1.8308055877685547
4469,1.782895278930664
4470,2.2588504791259765
4471,2.07769775390625
4472,2.345521926879883
4473,2.157048988342285
4474,2.388154411315918
4475,2.138302040100098
4476,2.5195608139038086
4477,2.4508489608764648
4478,2.1216625213623046
4479,2.035993766784668
4480,1.74097900390625
4481,2.2706127166748047
4482,2.0061410903930663
4483,2.2707189559936523
4484,1.879815673828125
4485,2.308562469482422
4486,2.3034074783325194
4487,2.610076332092285
4488,2.231981658935547
4489,2.0549880981445314
4490,1.8194766998291017
4491,2.236320686340332
4492,1.8462154388427734
4493,2.446205902099609
4494,1.7765214920043946
4495,1.812031364440918
4496,2.152934455871582
4497,2.3274803161621094
4498,2.430129623413086
4499,1.942983627319336
4500,2.6537437438964844
4501,2.1475189208984373
4502,1.9853818893432618
4503,1.939261245727539
4504,2.2166769027709963
4505,1.7776609420776368
4506,2.2075031280517576
4507,2.2640377044677735
4508,2.3693300247192384
4509,1.9215326309204102
4510,2.0463369369506834
4511,2.0273309707641602
4512,1.9280719757080078
4513,2.0375185012817383
4514,2.111160087585449
4515,2.609808158874512
4516,2.0749526977539063
4517,2.119817543029785
4518,1.9863750457763671
4519,2.4817153930664064
4520,1.9474546432495117
4521,2.082837677001953
4522,1.8211629867553711
4523,2.334077072143555
4524,2.2135187149047852
4525,2.5603328704833985
4526,2.5087846755981444
4527,1.9012584686279297
4528,2.782153511047363
4529,2.404671859741211
4530,2.0937137603759766
4531,1.9662408828735352
4532,2.6904375076293947
4533,2.285239601135254
4534,2.4246395111083983
4535,2.1059406280517576
4536,2.419454574584961
4537,2.2124359130859377
4538,1.936410903930664
4539,2.0755807876586916
4540,2.1587091445922852
4541,2.4142284393310547
4542,2.1957118988037108
4543,1.8473724365234374
4544,2.1422616958618166
4545,2.0184003829956056
4546,2.1884410858154295
4547,2.0838190078735352
4548,2.0929006576538085
4549,2.504488945007324
4550,2.3257823944091798
4551,2.275760459899902
4552,2.2226633071899413
4553,2.7479293823242186
4554,2.1904945373535156
4555,1.675654411315918
4556,2.202083778381348
4557,2.2689769744873045
4558,2.0354736328125
4559,2.1568477630615233
4560,2.2199806213378905
4561,1.895223045349121
4562,2.2331104278564453
4563,2.1231925964355467
4564,2.1477533340454102
4565,2.1595802307128906
4566,2.2477132797241213
4567,2.2676315307617188
4568,2.3828935623168945
4569,1.9502452850341796
4570,2.4451416015625
4571,2.401274490356445
4572,1.9021619796752929
4573,2.263886642456055
4574,1.786905288696289
4575,2.034926414489746
4576,2.150299835205078
4577,2.2521080017089843
4578,2.036871337890625
4579,2.0931575775146483
4580,1.916074562072754
4581,2.1440557479858398
4582,2.4599912643432615
4583,2.0017230987548826
4584,2.5123151779174804
4585,2.2011344909667967
4586,1.973147201538086
4587,2.3485027313232423
4588,2.114583969116211
4589,1.9645309448242188
4590,2.5698663711547853
4591,2.2492137908935548
4592,1.8297710418701172
4593,2.1728021621704103
4594,1.9042695999145507
4595,2.1653404235839844
4596,2.905145263671875
4597,2.3273336410522463
4598,2.424077796936035
4599,2.0237184524536134
4600,1.9989641189575196
4601,2.484895133972168
4602,1.9297977447509767
4603,2.607045555114746
4604,2.504203987121582
4605,2.0502254486083986
4606,2.3825626373291016
4607,2.282642364501953
4608,2.1357988357543944
4609,1.9515039443969726
4610,2.2108556747436525
4611,2.2731210708618166
4612,2.0135452270507814
4613,2.15526123046875
4614,2.288746643066406
4615,2.0977666854858397
4616,1.9968460083007813
4617,2.393863868713379
4618,2.197382926940918
4619,2.1843570709228515
4620,2.156963348388672
4621,2.0886682510375976
4622,1.9424341201782227
4623,2.4001415252685545
4624,2.2899608612060547
4625,2.090683937072754
4626,2.0568010330200197
4627,2.007781219482422
4628,2.098431396484375
4629,1.6874187469482422
4630,1.945944595336914
4631,2.155375671386719
4632,2.0791784286499024
4633,1.9465320587158204
4634,2.662668991088867
4635,2.4555789947509767
4636,2.3798194885253907
4637,2.1329587936401366
4638,2.3219173431396483
4639,2.1504261016845705
4640,2.0054742813110353
4641,2.283817672729492
4642,2.0468631744384767
4643,2.161774826049805
4644,2.3766399383544923
4645,2.169478988647461
4646,2.56756477355957
4647,2.4366273880004883
4648,2.2928911209106446
4649,2.1414230346679686
4650,1.9561359405517578
4651,2.2307317733764647
4652,2.3653537750244142
4653,2.096400260925293
4654,2.4144733428955076
4655,2.161876106262207
4656,2.298697090148926
4657,1.9907482147216797
4658,2.2358821868896483
4659,1.9021533966064452
4660,1.935052490234375
4661,2.1027734756469725
4662,2.067564010620117
4663,2.3144275665283205
4664,2.1175458908081053
4665,2.2674156188964845
4666,1.980111312866211
4667,2.224112319946289
4668,2.422415542602539
4669,2.242765426635742
4670,1.5335561752319335
4671,2.177998733520508
4672,2.5097911834716795
4673,2.4849828720092773
4674,1.6967622756958007
4675,1.9623199462890626
4676,1.9522439956665039
4677,2.211932563781738
4678,2.158346748352051
4679,2.0744585037231444
4680,2.33968448638916
4681,2.0909955978393553
4682,2.1509878158569338
4683,2.201122283935547
4684,2.37014217376709
4685,2.408543586730957
4686,1.7363481521606445
4687,2.210361289978027
4688,2.475489616394043
4689,2.5423545837402344
4690,2.1062246322631837
4691,1.8927457809448243
4692,2.0096773147583007
4693,1.8926921844482423
4694,1.9514640808105468
4695,1.7393247604370117
4696,2.5043212890625
4697,2.151332473754883
4698,2.2293615341186523
4699,2.1509904861450195
4700,1.761227798461914
4701,2.510055351257324
4702,2.294778060913086
4703,2.0195520401000975
4704,2.2435287475585937
4705,2.440600776672363
4706,2.4390783309936523
4707,1.97699031829834
4708,2.031965637207031
4709,1.9425580978393555
4710,2.4290534973144533
4711,2.4742082595825194
4712,2.1435590744018556
4713,2.33720703125
4714,2.0921937942504885
4715,2.0658380508422853
4716,2.369417190551758
4717,1.9020721435546875
4718,2.3533197402954102
4719,2.6410655975341797
4720,2.373208999633789
4721,2.183004951477051
4722,2.1510244369506837
4723,2.1884864807128905
4724,2.1955940246582033
4725,2.192348861694336
4726,2.083215522766113
4727,1.8288713455200196
4728,1.8748275756835937
4729,2.378474807739258
4730,2.1831661224365235
4731,2.1127065658569335
4732,2.2222312927246093
4733,2.0232097625732424
4734,2.065945625305176
4735,2.1204450607299803
4736,2.509099006652832
4737,1.8087678909301759
4738,1.88170166015625
4739,2.1437665939331056
4740,2.192718505859375
4741,2.0538990020751955
4742,2.3037464141845705
4743,2.3669837951660155
4744,1.9168033599853516
4745,2.1746679306030274
4746,2.1789913177490234
4747,2.4245332717895507
4748,1.939249610900879
4749,2.4886167526245115
4750,2.1700939178466796
4751,2.119392204284668
4752,2.1974868774414062
4753,2.247854804992676
4754,2.108082580566406
4755,1.7690914154052735
4756,1.8998298645019531
4757,2.0323415756225587
4758,2.1121026992797853
4759,2.3906633377075197
4760,2.0612766265869142
4761,1.8631977081298827
4762,2.211716079711914
4763,1.9612947463989259
4764,2.2819719314575195
4765,1.6850595474243164
4766,2.316572380065918
4767,1.9242029190063477
4768,2.225286102294922
4769,2.102425193786621
4770,2.0450815200805663
4771,2.2306827545166015
4772,1.9641311645507813
4773,2.3153186798095704
4774,1.6654827117919921
4775,2.3435373306274414
4776,2.312337112426758
4777,2.4931657791137694
4778,1.957455825805664
4779,2.372577095031738
4780,2.0011720657348633
4781,2.325229454040527
4782,2.421668815612793
4783,1.9582029342651368
4784,2.2772682189941404
4785,2.0734489440917967
4786,2.379940986633301
4787,1.8632051467895507
4788,1.9203847885131835
4789,1.9675437927246093
4790,2.1695886611938477
4791,2.3715423583984374
4792,2.502878761291504
4793,2.1496185302734374
4794,1.8209882736206056
4795,2.1006185531616213
4796,2.112897491455078
4797,2.086915969848633
4798,2.0895910263061523
4799,1.9936067581176757
4800,1.780891227722168
4801,1.7833826065063476
4802,1.6458395004272461
4803,2.40042724609375
4804,2.526506233215332
4805,1.8463106155395508
4806,2.509104347229004
4807,1.9715187072753906
4808,2.452562713623047
4809,2.369953918457031
4810,2.1169193267822264
4811,2.23114013671875
4812,2.1040212631225588
4813,2.372097969055176
4814,2.2864627838134766
4815,1.6949663162231445
4816,2.486603927612305
4817,2.020915985107422
4818,2.048041343688965
4819,2.375052261352539
4820,2.1721612930297853
4821,2.0936729431152346
4822,2.212839126586914
4823,2.1589826583862304
4824,2.167991828918457
4825,2.208097457885742
4826,2.3730594635009767
4827,2.07330207824707
4828,2.130938911437988
4829,2.3685256958007814
4830,1.9797361373901368
4831,2.0363691329956053
4832,2.3619089126586914
4833,2.4847612380981445
4834,2.3937198638916017
4835,2.201909065246582
4836,2.088588333129883
4837,2.5158573150634767
4838,1.986673927307129
4839,2.342267608642578
4840,2.2895391464233397
4841,2.4695613861083983
4842,2.4113874435424805
4843,1.979464340209961
4844,1.8988964080810546
4845,2.455435943603516
4846,1.987624740600586
4847,1.7037879943847656
4848,1.8748508453369142
4849,1.9799955368041993
4850,1.985999298095703
4851,2.372295951843262
4852,2.248970794677734
4853,2.0698177337646486
4854,2.092520332336426
4855,2.3643463134765623
4856,2.2175703048706055
4857,2.8938907623291015
4858,2.311491012573242
4859,2.1150018692016603
4860,2.4702241897583006
4861,2.2012445449829103
4862,1.9781377792358399
4863,2.1792844772338866
4864,1.8578401565551759
4865,2.0734113693237304
4866,1.9640619277954101
4867,2.079360771179199
4868,2.1202774047851562
4869,2.1535833358764647
4870,2.1464447021484374
4871,2.3213640213012696
4872,2.3316822052001953
4873,1.8988666534423828
4874,2.8406345367431642
4875,2.260536003112793
4876,2.3356956481933593
4877,2.248337745666504
4878,1.4881623268127442
4879,1.9193101882934571
4880,2.1897247314453123
4881,2.2690601348876953
4882,1.8959663391113282
4883,2.102686309814453
4884,2.2848489761352537
4885,2.174753189086914
4886,2.196193313598633
4887,2.336844635009766
4888,1.9709390640258788
4889,2.4133811950683595
4890,2.4640430450439452
4891,1.8894989013671875
4892,1.9810117721557616
4893,1.9673847198486327
4894,2.1623680114746096
4895,2.3387685775756837
4896,2.300754928588867
4897,1.8770578384399415
4898,2.546115684509277
4899,1.8543041229248047
4900,2.519438552856445
4901,2.3681873321533202
4902,2.218366241455078
4903,2.234527587890625
4904,2.239872932434082
4905,2.4629566192626955
4906,1.8799816131591798
4907,1.934457778930664
4908,2.250946617126465
4909,2.354647636413574
4910,2.2729413986206053
4911,1.7884706497192382
4912,2.3913238525390623
4913,2.304167938232422
4914,1.8807754516601562
4915,2.3757177352905274
4916,1.8348176956176758
4917,2.110446739196777
4918,2.2851099014282226
4919,2.0646202087402346
4920,1.8599803924560547
4921,2.3242866516113283
4922,2.2025938034057617
4923,2.096741485595703
4924,2.43360595703125
4925,2.4599212646484374
4926,2.085586357116699
4927,2.2105791091918947
4928,2.315962791442871
4929,2.359183692932129
4930,2.1777179718017576
4931,2.108507537841797
4932,2.04173583984375
4933,2.0944599151611327
4934,2.5225589752197264
4935,2.34920654296875
4936,2.310045623779297
4937,2.3651845932006834
4938,2.085696983337402
4939,2.317856788635254
4940,2.6960517883300783
4941,1.824256134033203
4942,2.4166376113891603
4943,2.2178312301635743
4944,2.1068536758422853
4945,2.2147193908691407
4946,1.7322280883789063
4947,2.2308675765991213
4948,1.840118408203125
4949,1.6790641784667968
4950,2.644179916381836
4951,2.550832176208496
4952,2.072132110595703
4953,2.153308296203613
4954,2.083192825317383
4955,2.5841718673706056
4956,1.830221176147461
4957,1.935814666748047
4958,2.045537567138672
4959,2.2608005523681642
4960,2.2421388626098633
4961,2.133799743652344
4962,2.5035573959350588
4963,2.025655746459961
4964,2.4480312347412108
4965,1.9125518798828125
4966,1.8934276580810547
4967,2.204835319519043
4968,1.9853294372558594
4969,1.9139028549194337
4970,2.3365880966186525
4971,2.0823808670043946
4972,2.122531700134277
4973,1.9681587219238281
4974,2.149578094482422
4975,2.0885150909423826
4976,2.4960247039794923
4977,2.2221569061279296
4978,2.0514289855957033
4979,2.268391418457031
4980,2.0631505966186525
4981,2.163538360595703
4982,1.9926254272460937
4983,2.2408857345581055
4984,1.963840866088867
4985,2.052547264099121
4986,1.9781993865966796
4987,1.8480403900146485
4988,2.4408136367797852
4989,2.5968324661254885
4990,2.115494155883789
4991,2.3726324081420898
4992,2.314606285095215
4993,2.1724597930908205
4994,2.282847023010254
4995,1.9955074310302734
4996,1.7406484603881835
4997,2.0928682327270507
4998,2.1877161026000977
4999,2.19073371887207
5000,1.9204883575439453
5001,2.7903507232666014
5002,1.9564104080200195
5003,1.926131820678711
5004,2.1584909439086912
5005,2.1727506637573244
5006,2.1648738861083983
5007,2.3650653839111326
5008,2.1532159805297852
5009,2.1927330017089846
5010,2.1953498840332033
5011,2.3566024780273436
5012,2.2455121994018556
5013,2.4520029067993163
5014,2.0098031997680663
5015,2.2867990493774415
5016,1.8670539855957031
5017,2.191296195983887
5018,2.155557060241699
5019,2.224557304382324
5020,2.1466386795043944
5021,2.0038217544555663
5022,2.037918472290039
5023,2.0832761764526366
5024,2.1775306701660155
5025,2.129669761657715
5026,2.252996635437012
5027,2.392006683349609
5028,2.6457569122314455
5029,2.091941261291504
5030,2.0102767944335938
5031,2.0048591613769533
5032,2.2203514099121096
5033,2.271853446960449
5034,1.9911817550659179
5035,2.075666618347168
5036,2.182231330871582
5037,2.1880752563476564
5038,2.371817970275879
5039,2.117008590698242
5040,2.1430482864379883
5041,2.334680938720703
5042,2.222118949890137
5043,2.103008270263672
5044,2.0207839965820313
5045,2.04998664855957
5046,2.1180841445922853
5047,2.1254528045654295
5048,2.0382076263427735
5049,1.9482763290405274
5050,2.122784233093262
5051,2.098784255981445
5052,2.4504621505737303
5053,2.295258712768555
5054,2.3197683334350585
5055,2.074205017089844
5056,2.141122817993164
5057,2.0608877182006835
5058,2.353670120239258
5059,2.21108341217041
5060,2.2205312728881834
5061,2.2884511947631836
5062,2.438187599182129
5063,2.2463693618774414
5064,2.5214813232421873
5065,1.8266626358032227
5066,1.7082809448242187
5067,2.279445457458496
5068,2.334450912475586
5069,2.094608116149902
5070,2.393910217285156
5071,2.0279205322265623
5072,2.2378116607666017
5073,2.461065101623535
5074,2.338855171203613
5075,1.9060331344604493
5076,2.007456970214844
5077,2.182942771911621
5078,2.8362850189208983
5079,2.14586181640625
5080,2.4845380783081055
5081,2.7892086029052736
5082,2.5517091751098633
5083,2.07100887298584
5084,2.0720703125
5085,2.5172801971435548
5086,2.131913948059082
5087,2.1391340255737306
5088,2.3841777801513673
5089,2.015545463562012
5090,2.1676984786987306
5091,2.331145477294922
5092,2.1284257888793947
5093,1.8647438049316407
5094,2.433038520812988
5095,2.5337026596069334
5096,1.9792692184448242
5097,2.2525794982910154
5098,2.0725214004516603
5099,1.9388582229614257
5100,1.9517524719238282
5101,2.79857177734375
5102,2.022375297546387
5103,2.1189128875732424
5104,2.0957931518554687
5105,1.63854923248291
5106,2.1910938262939452
5107,2.107830047607422
5108,2.200422477722168
5109,1.925277328491211
5110,2.4077869415283204
5111,2.246475410461426
5112,1.9730485916137694
5113,2.722064208984375
5114,1.91192626953125
5115,2.080290985107422
5116,2.1031562805175783
5117,1.9214548110961913
5118,2.132530403137207
5119,2.1855512619018556
5120,1.9991933822631835
5121,2.2256916046142576
5122,2.587540054321289
5123,2.144702911376953
5124,2.670225143432617
5125,2.2303468704223635
5126,2.3015499114990234
5127,2.2585147857666015
5128,1.9294675827026366
5129,2.1711231231689454
5130,2.0577884674072267
5131,1.994541549682617
5132,2.110676956176758
5133,2.428878593444824
5134,2.3130352020263674
5135,1.927579116821289
5136,1.8679973602294921
5137,2.3770305633544924
5138,2.0469633102416993
5139,2.5803640365600584
5140,2.1839487075805666
5141,3.0075578689575195
5142,1.8673717498779296
5143,2.0267589569091795
5144,1.8748197555541992
5145,2.0961021423339843
5146,2.0951055526733398
5147,2.4620567321777345
5148,2.2100269317626955
5149,2.0369762420654296
5150,2.1729457855224608
5151,1.9434907913208008
5152,2.283562660217285
5153,2.1122928619384767
5154,2.6474048614501955
5155,2.318938064575195
5156,2.4173227310180665
5157,2.3098196029663085
5158,2.124162483215332
5159,2.025002670288086
5160,1.8048307418823242
5161,2.491838836669922
5162,2.037031555175781
5163,2.0480297088623045
5164,2.1345333099365233
5165,2.3258169174194334
5166,2.1322736740112305
5167,2.005318450927734
5168,2.0396554946899412
5169,2.410653495788574
5170,2.325863838195801
5171,1.958974266052246
5172,2.226498031616211
5173,2.1783315658569338
5174,1.8915189743041991
5175,2.191410446166992
5176,2.156060218811035
5177,2.1533014297485353
5178,2.4386722564697267
5179,2.2851085662841797
5180,2.2046924591064454
5181,2.306592559814453
5182,2.271367073059082
5183,2.5168996810913087
5184,2.55716609954834
5185,1.7239845275878907
5186,2.6390724182128906
5187,1.7965164184570312
5188,2.2152854919433596
5189,2.189946174621582
5190,1.7761266708374024
5191,2.1303827285766603
5192,1.7446416854858398
5193,2.185478401184082
5194,1.6899726867675782
5195,2.1162979125976564
5196,2.065383720397949
5197,2.699323844909668
5198,2.1187883377075196
5199,2.236012077331543
5200,2.182170295715332
5201,2.3165632247924806
5202,2.3339445114135744
5203,2.2049768447875975
5204,2.259511375427246
5205,1.9725305557250976
5206,2.09482421875
5207,2.03305606842041
5208,2.1244382858276367
5209,2.1339481353759764
5210,2.3272775650024413
5211,2.404113006591797
5212,1.9808231353759767
5213,2.16099853515625
5214,2.1106565475463865
5215,2.1634544372558593
5216,2.0906471252441405
5217,2.4815771102905275
5218,1.5101191520690918
5219,2.3941917419433594
5220,2.528048515319824
5221,2.451213073730469
5222,2.4567987442016603
5223,2.1167760848999024
5224,2.0985605239868166
5225,1.9203142166137694
5226,2.0318490982055666
5227,2.1933401107788084
5228,2.195545959472656
5229,2.0936456680297852
5230,2.182301902770996
5231,1.7342567443847656
5232,2.413689613342285
5233,1.8902317047119142
5234,2.136747360229492
5235,2.361532783508301
5236,2.2992067337036133
5237,1.8284509658813477
5238,2.279529571533203
5239,1.7973989486694335
5240,2.0500492095947265
5241,2.0818950653076174
5242,2.2779722213745117
5243,2.1389923095703125
5244,2.2510982513427735
5245,2.1538818359375
5246,1.8362459182739257
5247,2.001848602294922
5248,2.1306108474731444
5249,2.187971496582031
5250,2.2407611846923827
5251,2.3151117324829102
5252,2.117057991027832
5253,2.3660701751708983
5254,1.879465675354004
5255,2.3706947326660157
5256,2.2878950119018553
5257,2.253736114501953
5258,2.0892511367797852
5259,2.1867273330688475
5260,2.383416748046875
5261,2.281746673583984
5262,2.2528066635131836
5263,2.507145309448242
5264,2.497672462463379
5265,1.94654541015625
5266,2.2798234939575197
5267,2.0437108993530275
5268,2.0589902877807615
5269,1.9374698638916015
5270,2.1770402908325197
5271,2.217940902709961
5272,2.3972618103027346
5273,2.2948629379272463
5274,2.1675365447998045
5275,2.4560401916503904
5276,2.199091339111328
5277,2.1546226501464845
5278,1.9235309600830077
5279,2.5867919921875
5280,2.0026750564575195
5281,2.5072952270507813
5282,1.7844831466674804
5283,2.4892459869384767
5284,2.2431617736816407
5285,1.980888557434082
5286,2.229162406921387
5287,2.387491989135742
5288,2.097335624694824
5289,2.0888885498046874
5290,1.9173141479492188
5291,2.156243896484375
5292,2.2399770736694338
5293,2.529588508605957
5294,2.1335498809814455
5295,2.2086437225341795
5296,2.409865951538086
5297,2.297934722900391
5298,2.0714340209960938
5299,2.2846527099609375
5300,1.9274778366088867
5301,2.116499137878418
5302,2.006508636474609
5303,2.5028329849243165
5304,2.038015937805176
5305,2.1920719146728516
5306,2.3464784622192383
5307,2.2636451721191406
5308,2.0386606216430665
5309,2.4133949279785156
5310,1.9155038833618163
5311,2.2118736267089845
5312,1.8915006637573242
5313,2.0906177520751954
5314,2.008436584472656
5315,2.2255622863769533
5316,2.377592849731445
5317,2.4502147674560546
5318,2.013434410095215
5319,2.470843505859375
5320,2.289129638671875
5321,2.1680620193481444
5322,2.062295341491699
5323,1.8706430435180663
5324,2.856361961364746
5325,2.1376251220703124
5326,1.9891021728515625
5327,2.003876876831055
5328,2.0480037689208985
5329,2.0734477996826173
5330,2.536580467224121
5331,2.461875152587891
5332,2.1675298690795897
5333,2.4876987457275392
5334,2.312078857421875
5335,2.020667839050293
5336,2.223568344116211
5337,1.7051841735839843
5338,1.9485027313232421
5339,1.7912765502929688
5340,2.190530776977539
5341,1.654170608520508
5342,2.3978656768798827
5343,1.4955915451049804
5344,2.2538122177124023
5345,2.4524162292480467
5346,2.5219394683837892
5347,2.2388181686401367
5348,2.4559051513671877
5349,2.572706604003906
5350,2.4054101943969726
5351,2.3954208374023436
5352,2.1785911560058593
5353,2.1691776275634767
5354,1.8379348754882812
5355,2.2507083892822264
5356,2.225300598144531
5357,2.2696245193481444
5358,2.075596046447754
5359,2.480746841430664
5360,1.903849220275879
5361,2.5614955902099608
5362,2.390127182006836
5363,2.069331741333008
5364,3.385914993286133
5365,2.44378604888916
5366,2.23087215423584
5367,2.3446065902709963
5368,2.2337421417236327
5369,2.184613800048828
5370,1.8630252838134767
5371,2.503670883178711
5372,2.362915802001953
5373,1.788619613647461
5374,2.0920541763305662
5375,2.3778783798217775
5376,2.04711799621582
5377,2.269759178161621
5378,2.28110294342041
5379,2.2722427368164064
5380,2.2597984313964843
5381,2.1855337142944338
5382,2.4152908325195312
5383,2.240087890625
5384,2.213536262512207
5385,2.0254533767700194
5386,2.1723413467407227
5387,2.342525672912598
5388,2.208182525634766
5389,1.9722427368164062
5390,2.2895187377929687
5391,2.03460693359375
5392,2.034816932678223
5393,2.2423095703125
5394,2.086417007446289
5395,2.1526939392089846
5396,2.2957536697387697
5397,2.058699035644531
5398,2.159504508972168
5399,2.129840850830078
5400,1.8776796340942383
5401,2.3312505722045898
5402,1.6326595306396485
5403,2.4037975311279296
5404,2.051669883728027
5405,2.4367109298706056
5406,1.8420198440551758
5407,1.9806917190551758
5408,2.364303207397461
5409,2.2499841690063476
5410,2.5291446685791015
5411,2.3248342514038085
5412,2.595256042480469
5413,2.198579025268555
5414,2.1683141708374025
5415,1.938056182861328
5416,2.2182518005371095
5417,2.341312026977539
5418,2.1117923736572264
5419,2.085972785949707
5420,2.265069770812988
5421,2.53949031829834
5422,2.4993623733520507
5423,2.018904113769531
5424,2.0285892486572266
5425,2.4493785858154298
5426,2.4450565338134767
5427,2.3420639038085938
5428,2.087722969055176
5429,2.296535110473633
5430,2.0049257278442383
5431,2.099704360961914
5432,2.0006967544555665
5433,2.7006338119506834
5434,2.3199853897094727
5435,1.9417133331298828
5436,1.9171802520751953
5437,2.038242530822754
5438,2.3730846405029298
5439,1.6911432266235351
5440,2.0458200454711912
5441,2.0964452743530275
5442,1.6765010833740235
5443,2.4291189193725584
5444,2.2123735427856444
5445,2.195222282409668
5446,2.585708999633789
5447,2.0237537384033204
5448,1.7504827499389648
5449,2.1592567443847654
5450,2.485152244567871
5451,2.291446304321289
5452,2.003692054748535
5453,2.2206794738769533
5454,1.9015161514282226
5455,2.2517087936401365
5456,2.416739845275879
5457,1.8896249771118163
5458,2.226049041748047
5459,2.147011947631836
5460,2.177303695678711
5461,1.9249279022216796
5462,1.9731441497802735
5463,2.5543731689453124
5464,1.710249900817871
5465,2.1220394134521485
5466,2.1661548614501953
5467,2.159211349487305
5468,1.8985538482666016
5469,2.167017364501953
5470,2.4340124130249023
5471,1.8172422409057618
5472,2.2253755569458007
5473,2.4026432037353516
5474,1.7296108245849608
5475,2.563197898864746
5476,2.066067123413086
5477,1.92763671875
5478,2.1173229217529297
5479,2.6089134216308594
5480,2.2219594955444335
5481,2.2564809799194334
5482,2.120882987976074
5483,2.3228031158447267
5484,2.2367549896240235
5485,2.024930953979492
5486,2.0716115951538088
5487,2.436531639099121
5488,1.7069252014160157
5489,2.2279645919799806
5490,2.6249488830566405
5491,2.1570043563842773
5492,2.130031204223633
5493,2.2755544662475584
5494,2.064372253417969
5495,2.3625259399414062
5496,2.101847457885742
5497,2.275600051879883
5498,1.783003807067871
5499,2.204462432861328
5500,1.90142822265625
5501,2.1183025360107424
5502,2.236374855041504
5503,2.266862678527832
5504,2.593730163574219
5505,2.042631912231445
5506,2.0348278045654298
5507,2.6131105422973633
5508,2.2886428833007812
5509,2.563144302368164
5510,2.1004825592041017
5511,2.428226852416992
5512,2.1343463897705077
5513,2.226161575317383
5514,2.2820056915283202
5515,2.465913772583008
5516,2.0987852096557615
5517,2.2198665618896483
5518,2.1602432250976564
5519,1.7135908126831054
5520,2.249955177307129
5521,2.2940155029296876
5522,2.15888671875
5523,1.7886976242065429
5524,2.2841411590576173
5525,2.1781591415405273
5526,2.258841705322266
5527,2.167279815673828
5528,2.1551456451416016
5529,2.2900543212890625
5530,2.3390453338623045
5531,2.2104835510253906
5532,1.8686254501342774
5533,2.0520883560180665
5534,1.5725323677062988
5535,1.941807746887207
5536,1.890365219116211
5537,1.847599411010742
5538,1.7938560485839843
5539,2.097517967224121
5540,2.050775337219238
5541,2.0925628662109377
5542,1.900558090209961
5543,2.0085926055908203
5544,2.2800067901611327
5545,2.3925987243652345
5546,2.7047197341918947
5547,2.4608247756958006
5548,2.135342597961426
5549,2.412241554260254
5550,2.226272964477539
5551,1.9123308181762695
5552,1.7755697250366211
5553,1.8802400588989259
5554,2.0266181945800783
5555,1.9542356491088868
5556,1.7719610214233399
5557,2.4713315963745117
5558,2.4060449600219727
5559,2.3994585037231446
5560,2.3672271728515626
5561,2.110675239562988
5562,2.013637161254883
5563,1.991908645629883
5564,1.9367433547973634
5565,2.4877399444580077
5566,2.473699760437012
5567,2.3013179779052733
5568,2.082147216796875
5569,2.1406623840332033
5570,2.087493896484375
5571,1.9209043502807617
5572,2.030751419067383
5573,2.335012435913086
5574,2.040516662597656
5575,2.233877754211426
5576,2.020868110656738
5577,2.596542739868164
5578,2.116408920288086
5579,2.205607223510742
5580,2.1109243392944337
5581,2.0867826461791994
5582,2.437775802612305
5583,1.9214340209960938
5584,2.612850379943848
5585,2.139327812194824
5586,2.2445133209228514
5587,1.8088499069213868
5588,1.9084506988525392
5589,1.8213537216186524
5590,2.243533897399902
5591,1.895439338684082
5592,2.125823974609375
5593,2.0875988006591797
5594,1.9650611877441406
5595,1.9269569396972657
5596,1.850965690612793
5597,2.065431022644043
5598,2.148244285583496
5599,2.3927324295043944
5600,2.382318878173828
5601,1.9370599746704102
5602,2.280503845214844
5603,1.9252939224243164
5604,1.858327865600586
5605,2.0899021148681642
5606,1.90848388671875
5607,2.271139144897461
5608,2.0297256469726563
5609,1.955103302001953
5610,2.7730876922607424
5611,2.340185356140137
5612,2.2711723327636717
5613,2.109531021118164
5614,2.3809236526489257
5615,2.2085193634033202
5616,2.169477653503418
5617,2.611668014526367
5618,2.058347702026367
5619,1.7547529220581055
5620,2.096003532409668
5621,1.9110834121704101
5622,1.9963716506958007
5623,1.9824142456054688
5624,2.250363349914551
5625,2.0156522750854493
5626,2.5629501342773438
5627,2.2076955795288087
5628,2.1465803146362306
5629,1.9582506179809571
5630,2.015727996826172
5631,2.2360944747924805
5632,2.3136981964111327
5633,2.053428840637207
5634,2.184412956237793
5635,2.3924102783203125
5636,1.8810348510742188
5637,2.0153425216674803
5638,2.2218368530273436
5639,2.3057134628295897
5640,1.9294260025024415
5641,2.082706832885742
5642,2.1712743759155275
5643,1.8393121719360352
5644,2.064992332458496
5645,2.4882884979248048
5646,2.067544174194336
5647,1.9755779266357423
5648,2.519561004638672
5649,2.1715274810791017
5650,2.1599523544311525
5651,1.86630859375
5652,2.2642423629760744
5653,2.6814853668212892
5654,2.1676799774169924
5655,2.1846099853515626
5656,1.9963258743286132
5657,2.286692237854004
5658,2.104710006713867
5659,2.457066535949707
5660,2.094663619995117
5661,2.1249536514282226
5662,1.9414827346801757
5663,2.082733154296875
5664,2.209931182861328
5665,2.1481979370117186
5666,2.2914899826049804
5667,2.6171642303466798
5668,2.4147466659545898
5669,2.2424211502075195
5670,2.3642757415771483
5671,1.9986133575439453
5672,2.4756664276123046
5673,2.039459228515625
5674,2.0882923126220705
5675,2.5383548736572266
5676,2.0969703674316404
5677,1.8409400939941407
5678,2.236996078491211
5679,2.383383369445801
5680,2.1402883529663086
5681,2.341514015197754
5682,2.161173629760742
5683,2.574683952331543
5684,2.469385528564453
5685,2.2816518783569335
5686,2.52935848236084
5687,2.414889907836914
5688,2.587129020690918
5689,2.375193786621094
5690,2.123320960998535
5691,2.1564746856689454
5692,2.0375577926635744
5693,2.403639030456543
5694,2.319034385681152
5695,2.0879549026489257
5696,2.3025272369384764
5697,2.096292495727539
5698,2.0928342819213865
5699,2.121576690673828
5700,2.2175983428955077
5701,2.297463798522949
5702,1.9692228317260743
5703,2.2912260055541993
5704,2.0350318908691407
5705,2.324432945251465
5706,2.2232505798339846
5707,1.8925537109375
5708,2.159474182128906
5709,2.2674516677856444
5710,2.10717887878418
5711,2.1360578536987305
5712,1.91700439453125
5713,2.2013072967529297
5714,2.1006181716918944
5715,1.8135896682739259
5716,2.398586654663086
5717,1.927486038208008
5718,2.321989822387695
5719,1.8954595565795898
5720,2.1969532012939452
5721,2.138560485839844
5722,2.316771697998047
5723,2.302446746826172
5724,2.130681037902832
5725,2.0484954833984377
5726,2.2321165084838865
5727,2.4243350982666017
5728,2.274934768676758
5729,2.2451807022094727
5730,2.3452056884765624
5731,1.9625814437866211
5732,2.736772918701172
5733,2.220262908935547
5734,2.410618019104004
5735,2.059159278869629
5736,2.0229177474975586
5737,2.1283136367797852
5738,2.3405536651611327
5739,2.1798637390136717
5740,2.158882904052734
5741,2.1742820739746094
5742,2.215276908874512
5743,2.184465789794922
5744,2.0907236099243165
5745,2.2986143112182615
5746,2.1446722030639647
5747,1.941569709777832
5748,2.2452377319335937
5749,2.2297672271728515
5750,1.6247123718261718
5751,1.9369434356689452
5752,2.3098031997680666
5753,2.2064985275268554
5754,2.0764911651611326
5755,2.0269493103027343
5756,2.050798225402832
5757,2.3489168167114256
5758,2.34307918548584
5759,2.0508737564086914
5760,2.3814538955688476
5761,2.5480730056762697
5762,2.2387374877929687
5763,1.8455524444580078
5764,1.8978479385375977
5765,2.2828208923339846
5766,1.9922286987304687
5767,2.0463535308837892
5768,2.0454635620117188
5769,1.9968389511108398
5770,2.3636859893798827
5771,2.153068733215332
5772,2.495039176940918
5773,2.033478546142578
5774,2.325776290893555
5775,1.7803510665893554
5776,2.034389877319336
5777,2.274059295654297
5778,2.201441764831543
5779,2.025679588317871
5780,2.0725412368774414
5781,1.983210563659668
5782,2.5423456192016602
5783,2.305695343017578
5784,1.9940017700195312
5785,2.077133369445801
5786,2.4213329315185548
5787,1.7949466705322266
5788,1.969288444519043
5789,2.142116165161133
5790,2.400914764404297
5791,2.0675495147705076
5792,2.0232696533203125
5793,2.31246280670166
5794,2.1248985290527345
5795,2.4420080184936523
5796,2.4253519058227537
5797,2.1683334350585937
5798,2.891022491455078
5799,2.047966194152832
5800,1.7822637557983398
5801,2.0712102890014648
5802,2.3835752487182615
5803,2.2153436660766603
5804,2.4560901641845705
5805,2.1981531143188477
5806,2.486800765991211
5807,1.9963537216186524
5808,2.232435607910156
5809,2.1530731201171873
5810,1.6837665557861328
5811,2.0793886184692383
5812,2.0429847717285154
5813,2.2674022674560548
5814,1.951059341430664
5815,2.210489845275879
5816,1.7723087310791015
5817,2.267424392700195
5818,2.15374870300293
5819,2.2333419799804686
5820,2.3948043823242187
5821,2.331689643859863
5822,2.3007850646972656
5823,2.230127716064453
5824,2.192498779296875
5825,2.2071304321289062
5826,1.9212884902954102
5827,2.113810348510742
5828,1.9300512313842773
5829,2.2124778747558596
5830,2.0158771514892577
5831,2.3664934158325197
5832,2.0666004180908204
5833,1.8400596618652343
5834,2.195755958557129
5835,1.7323953628540039
5836,1.8898950576782227
5837,2.192474365234375
5838,2.2864917755126952
5839,2.0597415924072267
5840,2.3964324951171876
5841,1.9112783432006837
5842,2.3116313934326174
5843,2.1803136825561524
5844,2.355304718017578
5845,2.3078617095947265
5846,1.950212287902832
5847,2.7189329147338865
5848,2.1692138671875
5849,2.685758590698242
5850,2.5038881301879883
5851,2.3533430099487305
5852,2.0517770767211916
5853,1.8859474182128906
5854,2.2342782974243165
5855,1.9157411575317382
5856,1.8177574157714844
5857,2.155842971801758
5858,2.2261123657226562
5859,2.1081916809082033
5860,2.053464889526367
5861,1.9324932098388672
5862,2.0981866836547853
5863,1.9625656127929687
5864,2.165406608581543
5865,2.2776391983032225
5866,2.3236289978027345
5867,2.316916275024414
5868,2.2555564880371093
5869,1.858632469177246
5870,2.3328908920288085
5871,1.973016357421875
5872,2.166782760620117
5873,2.3618032455444338
5874,1.9510869979858398
5875,2.233235740661621
5876,2.39676570892334
5877,2.1277786254882813
5878,1.994472122192383
5879,2.475809097290039
5880,2.1844606399536133
5881,2.104461097717285
5882,2.3464853286743166
5883,2.518934440612793
5884,2.1999292373657227
5885,2.097054672241211
5886,2.524826240539551
5887,2.2987585067749023
5888,2.465275764465332
5889,2.2423948287963866
5890,2.1538106918334963
5891,2.4282611846923827
5892,1.9180593490600586
5893,2.3347040176391602
5894,2.0871353149414062
5895,2.2952112197875976
5896,2.2200201034545897
5897,2.7066152572631834
5898,2.4473791122436523
5899,2.3342437744140625
5900,2.4416776657104493
5901,1.928095245361328
5902,2.149546241760254
5903,2.15087833404541
5904,1.838397216796875
5905,2.4100481033325196
5906,2.310398483276367
5907,2.4759853363037108
5908,2.1576868057250977
5909,2.0953948974609373
5910,2.5027463912963865
5911,2.156060981750488
5912,2.4586124420166016
5913,2.0069499969482423
5914,2.3582969665527345
5915,1.9394359588623047
5916,1.959433364868164
5917,2.4650903701782227
5918,2.1422298431396483
5919,2.3642608642578127
5920,2.054890441894531
5921,2.278105926513672
5922,1.903804397583008
5923,2.1533283233642577
5924,2.4326610565185547
5925,1.9346763610839843
5926,2.096845245361328
5927,2.1255777359008787
5928,2.0028873443603517
5929,2.0527725219726562
5930,2.2975637435913088
5931,2.132753372192383
5932,2.3790639877319335
5933,2.413216972351074
5934,1.9747249603271484
5935,2.285695266723633
5936,2.37575626373291
5937,2.2385271072387694
5938,2.110392951965332
5939,2.0090444564819334
5940,2.1563741683959963
5941,2.2708162307739257
5942,2.1341489791870116
5943,2.1920873641967775
5944,2.2113925933837892
5945,2.1886852264404295
5946,2.265819549560547
5947,2.382770538330078
5948,2.2050764083862306
5949,2.364493560791016
5950,2.1095560073852537
5951,2.2054620742797852
5952,2.274521827697754
5953,2.1080780029296875
5954,2.0779476165771484
5955,2.335725784301758
5956,2.0806097030639648
5957,2.3919654846191407
5958,2.407830810546875
5959,2.6500289916992186
5960,2.2155885696411133
5961,2.1809499740600584
5962,2.043667221069336
5963,2.0227640151977537
5964,2.147385597229004
5965,2.4907045364379883
5966,1.9050270080566407
5967,2.22521915435791
5968,1.817755126953125
5969,2.4524917602539062
5970,2.449815559387207
5971,1.9803821563720703
5972,2.0091733932495117
5973,2.285048484802246
5974,1.9965604782104491
5975,2.1732200622558593
5976,2.115772819519043
5977,2.230585479736328
5978,2.0000595092773437
5979,1.8060596466064454
5980,2.007241630554199
5981,2.247760009765625
5982,2.301669692993164
5983,2.268069267272949
5984,2.402127265930176
5985,2.7619895935058594
5986,2.2901573181152344
5987,2.3974205017089845
5988,2.4117807388305663
5989,1.919378662109375
5990,2.238535499572754
5991,1.8799877166748047
5992,1.9099861145019532
5993,2.2534433364868165
5994,2.3973014831542967
5995,2.271465301513672
5996,2.1731740951538088
5997,2.4435447692871093
5998,2.3205434799194338
5999,2.4008127212524415
6000,2.142325782775879
6001,2.1984357833862305
6002,2.8193876266479494
6003,2.0322443008422852
6004,1.885300064086914
6005,1.885519027709961
6006,2.2550642013549806
6007,2.278560447692871
6008,2.0646341323852537
6009,2.265243721008301
6010,1.7111709594726563
6011,1.9391067504882813
6012,2.2091205596923826
6013,2.143268585205078
6014,2.2759857177734375
6015,2.2184383392333986
6016,2.1040264129638673
6017,2.157548713684082
6018,2.0706478118896485
6019,2.0037506103515623
6020,1.7702468872070312
6021,2.1525611877441406
6022,2.2064630508422853
6023,1.9897079467773438
6024,2.043838119506836
6025,2.2426179885864257
6026,2.8436098098754883
6027,2.2487483978271485
6028,2.1009374618530274
6029,2.156244659423828
6030,2.1475351333618162
6031,2.1602027893066404
6032,1.935978317260742
6033,2.123133087158203
6034,2.3518110275268556
6035,2.4649978637695313
6036,2.2028989791870117
6037,2.454583740234375
6038,2.0719680786132812
6039,2.1251266479492186
6040,2.6428333282470704
6041,2.1304454803466797
6042,2.079743003845215
6043,2.218410873413086
6044,1.6929887771606444
6045,2.1586029052734377
6046,2.1245485305786134
6047,2.5231019973754885
6048,2.293399429321289
6049,2.044325256347656
6050,2.3183212280273438
6051,2.025539016723633
6052,2.336185264587402
6053,2.094366455078125
6054,1.997054672241211
6055,1.9402730941772461
6056,2.225031089782715
6057,2.168301582336426
6058,2.267007255554199
6059,2.547693634033203
6060,2.2791786193847656
6061,2.406045341491699
6062,2.2849075317382814
6063,2.5112749099731446
6064,2.1529170989990236
6065,2.3524118423461915
6066,2.302672004699707
6067,1.9753595352172852
6068,1.9768760681152344
6069,2.156102180480957
6070,2.1292423248291015
6071,2.6698326110839843
6072,1.8042030334472656
6073,1.8773321151733398
6074,2.192884635925293
6075,2.4204084396362306
6076,2.0285552978515624
6077,2.2084121704101562
6078,1.8614032745361329
6079,1.905698013305664
6080,2.157039833068848
6081,2.4007858276367187
6082,2.0489234924316406
6083,1.8726381301879882
6084,2.4397409439086912
6085,2.516613006591797
6086,2.182151031494141
6087,2.177481269836426
6088,2.149993896484375
6089,2.2355630874633787
6090,2.9031017303466795
6091,2.5373674392700196
6092,1.9499670028686524
6093,2.0584726333618164
6094,2.282893943786621
6095,1.722041702270508
6096,2.6772483825683593
6097,2.1432893753051756
6098,2.286898612976074
6099,2.365940475463867
6100,2.352361297607422
6101,2.2596235275268555
6102,1.9307645797729491
6103,2.3783287048339843
6104,2.25250129699707
6105,2.2054203033447264
6106,1.999574851989746
6107,2.4474376678466796
6108,2.4013832092285154
6109,2.136933135986328
6110,1.8944019317626952
6111,2.0726554870605467
6112,2.299747657775879
6113,2.066079330444336
6114,2.231851005554199
6115,2.540699005126953
6116,1.8314886093139648
6117,2.1384700775146483
6118,2.3870330810546876
6119,1.9593170166015625
6120,2.2590524673461916
6121,2.016008758544922
6122,2.3038448333740233
6123,1.9704160690307617
6124,2.1596256256103517
6125,2.306381607055664
6126,2.107977294921875
6127,2.016053009033203
6128,2.0271514892578124
6129,1.975743293762207
6130,2.0020633697509767
6131,1.9319635391235352
6132,2.2753490447998046
6133,2.3874916076660155
6134,2.3215002059936523
6135,2.104204559326172
6136,2.4887115478515627
6137,2.174985885620117
6138,1.9305669784545898
6139,2.363587188720703
6140,1.9469314575195313
6141,1.9905265808105468
6142,2.2885305404663088
6143,1.6484312057495116
6144,2.438405227661133
6145,2.302415466308594
6146,2.2512325286865233
6147,2.13100528717041
6148,2.1909439086914064
6149,2.3246828079223634
6150,2.124013900756836
6151,2.1987224578857423
6152,2.5885671615600585
6153,2.43067626953125
6154,2.2039493560791015
6155,2.2333179473876954
6156,2.2745861053466796
6157,2.000393295288086
6158,2.5599966049194336
6159,2.411319923400879
6160,2.4380123138427736
6161,2.584473991394043
6162,2.2295480728149415
6163,2.270981025695801
6164,2.1175649642944334
6165,2.2768569946289063
6166,1.9887456893920898
6167,2.2817193984985353
6168,2.626020622253418
6169,2.385987663269043
6170,2.0731420516967773
6171,2.1172307968139648
6172,2.1464338302612305
6173,2.089170455932617
6174,2.1565279006958007
6175,1.9129732131958008
6176,2.3076757431030273
6177,1.8075977325439454
6178,2.518979072570801
6179,1.9761272430419923
6180,2.227311897277832
6181,2.0083282470703123
6182,2.040225791931152
6183,2.376005172729492
6184,2.0654788970947267
6185,2.1044553756713866
6186,2.34454345703125
6187,2.236508369445801
6188,2.1504335403442383
6189,2.0996397018432615
6190,1.8263681411743165
6191,2.051015281677246
6192,2.0322124481201174
6193,2.1832298278808593
6194,2.086370658874512
6195,2.0242437362670898
6196,2.4826175689697267
6197,2.2104076385498046
6198,2.8561834335327148
6199,2.0223548889160154
6200,2.2026281356811523
6201,2.0896064758300783
6202,2.198737144470215
6203,2.1323209762573243
6204,2.161300277709961
6205,2.131134605407715
6206,1.7869075775146483
6207,2.396930122375488
6208,2.050946807861328
6209,2.4173843383789064
6210,2.17891902923584
6211,1.7856508255004884
6212,2.1036182403564454
6213,2.331069755554199
6214,2.1346031188964845
6215,2.2324617385864256
6216,2.0388269424438477
6217,2.2110048294067384
6218,2.1882293701171873
6219,2.2420639038085937
6220,2.2586292266845702
6221,2.2204137802124024
6222,1.9276952743530273
6223,2.3256860733032227
6224,2.116599464416504
6225,1.8364385604858398
6226,2.082162094116211
6227,2.364397430419922
6228,1.9906991958618163
6229,2.186087989807129
6230,2.2121650695800783
6231,2.755447578430176
6232,2.3261322021484374
6233,2.3044015884399416
6234,1.959880256652832
6235,2.3332054138183596
6236,2.2701251983642576
6237,2.0083681106567384
6238,1.84293212890625
6239,2.304781913757324
6240,2.3045764923095704
6241,2.2835262298583983
6242,2.1977766036987303
6243,2.1490392684936523
6244,2.5161056518554688
6245,2.313368225097656
6246,2.27425479888916
6247,2.281998634338379
6248,2.2885141372680664
6249,2.1561758041381838
6250,2.0069517135620116
6251,2.21054744720459
6252,2.0137006759643556
6253,1.8351171493530274
6254,2.375559997558594
6255,2.060118865966797
6256,2.028006362915039
6257,2.053205108642578
6258,2.134536552429199
6259,2.096089744567871
6260,2.0389837265014648
6261,2.1293121337890626
6262,2.520597457885742
6263,2.3401205062866213
6264,2.119551086425781
6265,2.5195201873779296
6266,2.3795494079589843
6267,2.0155055999755858
6268,2.143975830078125
6269,2.0864580154418944
6270,2.113751220703125
6271,2.340734672546387
6272,2.0967010498046874
6273,2.321752166748047
6274,2.0526096343994142
6275,2.266701889038086
6276,2.2530689239501953
6277,2.508859062194824
6278,2.370634841918945
6279,1.896074104309082
6280,2.332016181945801
6281,2.2724727630615233
6282,1.9522377014160157
6283,2.404803466796875
6284,2.26712589263916
6285,1.7115345001220703
6286,2.145807075500488
6287,2.0567222595214845
6288,2.612247085571289
6289,2.6424110412597654
6290,2.231192207336426
6291,2.0130624771118164
6292,2.1278268814086916
6293,1.8430931091308593
6294,2.499780464172363
6295,2.7305377960205077
6296,1.7574291229248047
6297,2.3261381149291993
6298,2.2595815658569336
6299,2.395316314697266
6300,2.5109447479248046
6301,2.447549057006836
6302,1.9813892364501953
6303,2.107409858703613
6304,2.3133472442626952
6305,1.8522502899169921
6306,2.2543161392211912
6307,1.75549373626709
6308,2.0221990585327148
6309,2.1186195373535157
6310,2.180205535888672
6311,2.1087310791015623
6312,1.8961637496948243
6313,2.1818641662597655
6314,2.5309118270874023
6315,2.5769372940063477
6316,2.235592842102051
6317,2.5912149429321287
6318,2.098842239379883
6319,2.252792549133301
6320,2.159079933166504
6321,2.2463796615600584
6322,2.3109199523925783
6323,2.4376670837402346
6324,2.3883602142333986
6325,2.23248405456543
6326,1.7059820175170899
6327,2.218100738525391
6328,2.213875961303711
6329,2.050124168395996
6330,2.313328170776367
6331,1.9595960617065429
6332,1.9795438766479492
6333,2.2417510986328124
6334,2.4702579498291017
6335,2.1467634201049806
6336,2.6116113662719727
6337,2.1161430358886717
6338,1.9898221969604493
6339,2.230593681335449
6340,2.5153194427490235
6341,2.3325263977050783
6342,2.1895912170410154
6343,2.4432538986206054
6344,2.1939813613891603
6345,2.0833940505981445
6346,2.4752708435058595
6347,2.0512226104736326
6348,2.1723569869995116
6349,2.025905990600586
6350,2.1647268295288087
6351,2.369660568237305
6352,2.1097475051879884
6353,2.2021804809570313
6354,1.8503692626953125
6355,1.9926029205322267
6356,2.446197509765625
6357,2.015376853942871
6358,2.20401554107666
6359,1.9781518936157227
6360,2.4287126541137694
6361,2.323381042480469
6362,2.1031269073486327
6363,2.1184200286865233
6364,2.125479507446289
6365,2.696243476867676
6366,2.207532501220703
6367,2.097622299194336
6368,2.384957504272461
6369,2.3308700561523437
6370,2.0900259017944336
6371,2.3385290145874023
6372,1.996840476989746
6373,2.079977607727051
6374,2.362064743041992
6375,2.5191629409790037
6376,1.8512182235717773
6377,2.0772588729858397
6378,2.3185188293457033
6379,2.1642744064331056
6380,2.2753316879272463
6381,1.9866598129272461
6382,1.8085275650024415
6383,2.3853422164916993
6384,2.217521858215332
6385,2.295307922363281
6386,1.9926675796508788
6387,1.8794364929199219
6388,1.9571846008300782
6389,2.2826751708984374
6390,2.4635641098022463
6391,2.500675392150879
6392,2.226521682739258
6393,2.182925987243652
6394,2.226508903503418
6395,2.1290472030639647
6396,2.5089677810668944
6397,2.0304790496826173
6398,1.9855249404907227
6399,2.191271209716797
6400,2.4559240341186523
6401,2.1058115005493163
6402,1.7287252426147461
6403,2.343328094482422
6404,2.034065055847168
6405,2.023459625244141
6406,2.0185567855834963
6407,2.1186960220336912
6408,2.273004341125488
6409,2.1009796142578123
6410,2.208682823181152
6411,2.716805267333984
6412,2.7013643264770506
6413,2.128243827819824
6414,2.2861223220825195
6415,2.7103506088256837
6416,2.157072639465332
6417,2.316517639160156
6418,2.082229804992676
6419,2.5893024444580077
6420,2.4801538467407225
6421,2.160782814025879
6422,2.202229690551758
6423,2.1110889434814455
6424,2.424782943725586
6425,2.211487579345703
6426,2.0123973846435548
6427,1.9868253707885741
6428,2.5601116180419923
6429,2.208312225341797
6430,2.33059024810791
6431,2.0581375122070313
6432,2.3038225173950195
6433,2.241965103149414
6434,2.000383758544922
6435,2.154090690612793
6436,2.5686004638671873
6437,2.0359256744384764
6438,2.009691047668457
6439,2.0039979934692385
6440,2.486468696594238
6441,2.4700410842895506
6442,2.6464303970336913
6443,2.141474723815918
6444,2.4092338562011717
6445,1.9755132675170899
6446,2.2372493743896484
6447,2.198363494873047
6448,2.014872741699219
6449,2.351866912841797
6450,1.90762939453125
6451,2.1959924697875977
6452,2.0454620361328124
6453,2.2488046646118165
6454,2.210008239746094
6455,2.1410064697265625
6456,2.323086738586426
6457,2.08763427734375
6458,2.355436325073242
6459,1.9950817108154297
6460,2.255977439880371
6461,2.0019775390625
6462,2.0822803497314455
6463,2.294235610961914
6464,2.1280994415283203
6465,2.2958147048950197
6466,2.3451976776123047
6467,1.7654098510742187
6468,2.2937646865844727
6469,1.969080352783203
6470,2.166711616516113
6471,2.082980918884277
6472,2.30875244140625
6473,2.0823553085327147
6474,2.102693557739258
6475,2.31533260345459
6476,2.3843000411987303
6477,1.8460306167602538
6478,2.326619338989258
6479,2.388076972961426
6480,2.3386327743530275
6481,2.129609298706055
6482,1.809503173828125
6483,2.1536849975585937
6484,2.202873420715332
6485,2.3621253967285156
6486,1.8768308639526368
6487,2.322604751586914
6488,2.0928821563720703
6489,2.1745729446411133
6490,2.192911911010742
6491,2.2108911514282226
6492,1.9490509033203125
6493,2.0639081954956056
6494,2.2883527755737303
6495,2.171586036682129
6496,2.1731630325317384
6497,2.108124351501465
6498,2.3533260345458986
6499,2.3035022735595705
6500,2.3211727142333984
6501,2.54805850982666
6502,2.150743865966797
6503,2.3769460678100587
6504,2.2832584381103516
6505,2.6873889923095704
6506,1.9783336639404296
6507,2.171324348449707
6508,2.071376609802246
6509,2.03689022064209
6510,2.4288541793823244
6511,2.0431747436523438
6512,2.2265621185302735
6513,2.5300165176391602
6514,2.434926414489746
6515,1.8776966094970704
6516,2.7008697509765627
6517,1.9243892669677733
6518,2.1873069763183595
6519,2.191770553588867
6520,2.1942136764526365
6521,1.8146757125854491
6522,2.3452470779418944
6523,1.9316137313842774
6524,2.358671760559082
6525,2.092967224121094
6526,2.137664031982422
6527,1.9988201141357422
6528,2.4116559982299806
6529,2.1593242645263673
6530,2.067818260192871
6531,2.420026397705078
6532,2.359380912780762
6533,2.015548896789551
6534,2.002483367919922
6535,2.340005302429199
6536,2.2380182266235353
6537,2.3112371444702147
6538,1.9316841125488282
6539,2.446780204772949
6540,2.0730154037475588
6541,2.2955055236816406
6542,2.1217451095581055
6543,2.2156919479370116
6544,1.9462661743164062
6545,2.4730323791503905
6546,2.5729061126708985
6547,2.1248779296875
6548,2.3119791030883787
6549,1.9460294723510743
6550,2.478847312927246
6551,2.1667856216430663
6552,2.328485679626465
6553,1.8859987258911133
6554,2.200787162780762
6555,2.443858528137207
6556,2.2190614700317384
6557,2.3543203353881834
6558,2.2083467483520507
6559,1.7102794647216797
6560,2.3797065734863283
6561,2.5650711059570312
6562,2.386893463134766
6563,2.0822534561157227
6564,2.312095832824707
6565,2.252454948425293
6566,2.1039760589599608
6567,2.149117660522461
6568,2.3674482345581054
6569,2.051889991760254
6570,2.7899106979370116
6571,2.4513174057006837
6572,2.2506921768188475
6573,2.3525970458984373
6574,2.1775609970092775
6575,2.202463150024414
6576,2.0639747619628905
6577,2.4361265182495115
6578,2.386337089538574
6579,2.2115550994873048
6580,2.180121421813965
6581,1.9838830947875976
6582,2.1688564300537108
6583,2.2422517776489257
6584,2.094671440124512
6585,2.1634424209594725
6586,1.9906824111938477
6587,2.08908634185791
6588,1.9453624725341796
6589,1.8634157180786133
6590,2.1461021423339846
6591,1.888639259338379
6592,1.93145751953125
6593,2.085050582885742
6594,2.2699392318725584
6595,2.352874183654785
6596,2.4067712783813477
6597,2.1309202194213865
6598,2.3529695510864257
6599,2.2123834609985353
6600,1.968002700805664
6601,2.3548280715942385
6602,2.3511032104492187
6603,2.278558540344238
6604,1.9202905654907227
6605,2.2545190811157227
6606,2.048086738586426
6607,2.043223571777344
6608,2.069438934326172
6609,2.572671318054199
6610,2.131344795227051
6611,2.3843238830566404
6612,2.4814426422119142
6613,2.3905269622802736
6614,2.502564811706543
6615,2.2736448287963866
6616,2.138891410827637
6617,1.953009796142578
6618,2.003513145446777
6619,2.2852294921875
6620,1.9443613052368165
6621,2.3246511459350585
6622,2.1464462280273438
6623,2.389499473571777
6624,2.2464675903320312
6625,1.7711238861083984
6626,2.1365503311157226
6627,2.0701847076416016
6628,2.6990360260009765
6629,2.240151596069336
6630,2.2476272583007812
6631,2.202282524108887
6632,2.5395185470581056
6633,2.372935676574707
6634,2.1811233520507813
6635,1.941411590576172
6636,1.667623519897461
6637,1.9240633010864259
6638,1.9528568267822266
6639,2.453287696838379
6640,2.1277259826660155
6641,2.1677825927734373
6642,2.2387178421020506
6643,2.415213775634766
6644,2.5351524353027344
6645,2.34022216796875
6646,1.8003602981567384
6647,2.1531986236572265
6648,2.1123390197753906
6649,2.0209890365600587
6650,2.1939060211181642
6651,2.183795928955078
6652,2.0477760314941404
6653,2.504342269897461
6654,2.2111196517944336
6655,1.8440025329589844
6656,2.6317974090576173
6657,2.1262771606445314
6658,2.051303482055664
6659,2.475305366516113
6660,2.1325149536132812
6661,2.4528566360473634
6662,2.1684436798095703
6663,2.1350650787353516
6664,2.342237663269043
6665,2.1432796478271485
6666,2.0043052673339843
6667,2.1440120697021485
6668,2.262368583679199
6669,2.227268028259277
6670,2.070583152770996
6671,2.086225700378418
6672,1.9582914352416991
6673,2.303969955444336
6674,2.4646867752075194
6675,2.5450836181640626
6676,1.8335153579711914
6677,2.4154067993164063
6678,2.0825611114501954
6679,2.121773529052734
6680,2.2160682678222656
6681,2.8938417434692383
6682,2.1157007217407227
6683,2.327390670776367
6684,2.102229690551758
6685,2.092395782470703
6686,2.3997116088867188
6687,2.1660776138305664
6688,1.9206939697265626
6689,2.763322639465332
6690,1.7269025802612306
6691,2.3139028549194336
6692,2.398879623413086
6693,2.07142333984375
6694,2.0175209045410156
6695,2.509781074523926
6696,2.1292787551879884
6697,1.7597736358642577
6698,2.213427925109863
6699,2.0862356185913087
6700,2.0876337051391602
6701,2.2815608978271484
6702,2.567119598388672
6703,1.975440216064453
6704,2.4011661529541017
6705,2.3262285232543944
6706,2.1452512741088867
6707,2.205377197265625
6708,2.528386116027832
6709,1.8638114929199219
6710,2.0696834564208983
6711,2.307459831237793
6712,2.24082088470459
6713,2.3437854766845705
6714,1.9255903244018555
6715,2.4606794357299804
6716,1.8668601989746094
6717,2.181477355957031
6718,2.316966438293457
6719,2.3646114349365233
6720,2.1024394989013673
6721,2.05252685546875
6722,2.0365224838256837
6723,2.0618988037109376
6724,2.015559196472168
6725,2.196057891845703
6726,1.8343963623046875
6727,2.2336452484130858
6728,2.005398178100586
6729,1.8465080261230469
6730,1.9395622253417968
6731,2.255862998962402
6732,1.7716924667358398
6733,1.9065326690673827
6734,2.0311716079711912
6735,1.8681276321411133
6736,2.209309387207031
6737,2.1287221908569336
6738,2.8169326782226562
6739,2.1810724258422853
6740,2.5327213287353514
6741,2.38631649017334
6742,2.2950353622436523
6743,2.341899299621582
6744,2.3802249908447264
6745,2.3739805221557617
6746,2.13301944732666
6747,1.989793586730957
6748,2.255650520324707
6749,2.06992130279541
6750,1.893745231628418
6751,2.474532127380371
6752,2.4675506591796874
6753,1.9722522735595702
6754,2.3628414154052733
6755,2.244289207458496
6756,2.574021911621094
6757,2.126309394836426
6758,2.2424577713012694
6759,2.108373260498047
6760,2.064136505126953
6761,2.298298454284668
6762,2.219102668762207
6763,2.087846565246582
6764,2.405030059814453
6765,1.9211980819702148
6766,1.988460159301758
6767,1.9965877532958984
6768,2.409333038330078
6769,2.243722343444824
6770,2.310890960693359
6771,1.9920637130737304
6772,2.4666332244873046
6773,2.86755256652832
6774,2.6685697555541994
6775,2.0394432067871096
6776,2.1991722106933596
6777,2.4079017639160156
6778,1.900121307373047
6779,1.796565628051758
6780,2.4459356307983398
6781,2.379971504211426
6782,2.214889144897461
6783,2.18941707611084
6784,2.131914520263672
6785,2.4963300704956053
6786,2.42884521484375
6787,2.478820037841797
6788,2.2418497085571287
6789,2.5629640579223634
6790,2.0153223037719727
6791,2.154840850830078
6792,2.287340545654297
6793,2.097218894958496
6794,2.1617679595947266
6795,2.3048049926757814
6796,2.238289642333984
6797,2.147282600402832
6798,2.4190731048583984
6799,2.503368377685547
6800,2.3742238998413088
6801,2.369247055053711
6802,2.263778305053711
6803,1.888282012939453
6804,3.139451789855957
6805,1.9236398696899415
6806,2.2374395370483398
6807,2.6114593505859376
6808,2.2318254470825196
6809,2.6426029205322266
6810,2.294403076171875
6811,2.352093315124512
6812,2.085530471801758
6813,2.0395326614379883
6814,2.19710750579834
6815,2.1962654113769533
6816,1.8665550231933594
6817,2.0399826049804686
6818,2.2377140045166017
6819,2.386881446838379
6820,2.418832778930664
6821,2.0528339385986327
6822,2.0449243545532227
6823,2.3286819458007812
6824,2.5082799911499025
6825,2.373264503479004
6826,2.1312177658081053
6827,2.069905471801758
6828,2.1201133728027344
6829,2.0479410171508787
6830,2.251937675476074
6831,2.3459653854370117
6832,2.183639907836914
6833,1.9503944396972657
6834,2.5166704177856447
6835,2.178628349304199
6836,2.2384527206420897
6837,2.785946083068848
6838,2.467612075805664
6839,2.403578186035156
6840,2.0710189819335936
6841,1.9539960861206054
6842,2.458713912963867
6843,2.3676389694213866
6844,2.1341249465942385
6845,1.9228548049926757
6846,2.1657180786132812
6847,2.089277458190918
6848,2.2620920181274413
6849,1.933323860168457
6850,1.9325296401977539
6851,2.1447822570800783
6852,2.1818401336669924
6853,2.062409019470215
6854,2.218958854675293
6855,2.4108518600463866
6856,2.374192810058594
6857,2.1161167144775392
6858,2.447612762451172
6859,1.9309526443481446
6860,2.3187774658203124
6861,2.2832979202270507
6862,2.118874359130859
6863,2.0571842193603516
6864,2.122006416320801
6865,2.025051307678223
6866,2.055317497253418
6867,2.236284065246582
6868,2.064215660095215
6869,2.2535017013549803
6870,2.1252462387084963
6871,1.8458648681640626
6872,2.29150447845459
6873,2.1247045516967775
6874,2.22264404296875
6875,2.507515525817871
6876,1.7566104888916017
6877,2.523931884765625
6878,2.4540664672851564
6879,1.7894397735595704
6880,1.852947998046875
6881,2.358816909790039
6882,2.4191944122314455
6883,2.1165037155151367
6884,2.138833999633789
6885,2.3702163696289062
6886,2.3736791610717773
6887,2.1938663482666017
6888,2.3052963256835937
6889,2.2129209518432615
6890,1.943614387512207
6891,2.2356563568115235
6892,2.059833526611328
6893,2.149890327453613
6894,2.0856182098388674
6895,2.1947439193725584
6896,2.4036544799804687
6897,2.4180221557617188
6898,2.162784385681152
6899,2.0830745697021484
6900,2.3821393966674806
6901,2.327668571472168
6902,2.3426450729370116
6903,2.084540367126465
6904,2.284466361999512
6905,2.1371843338012697
6906,1.878804588317871
6907,1.8150239944458009
6908,2.143990898132324
6909,2.361089515686035
6910,2.5752538681030273
6911,2.041857147216797
6912,2.0294109344482423
6913,2.490026664733887
6914,2.166726303100586
6915,2.0515737533569336
6916,2.195034217834473
6917,1.9213323593139648
6918,1.8844596862792968
6919,2.0752643585205077
6920,2.2689817428588865
6921,2.0002979278564452
6922,2.2123882293701174
6923,2.296626091003418
6924,2.2351850509643554
6925,2.3821603775024416
6926,2.040055274963379
6927,2.542312812805176
6928,2.3374502182006838
6929,2.150175666809082
6930,2.129277801513672
6931,2.2003046035766602
6932,2.0549341201782227
6933,2.0855087280273437
6934,1.9357030868530274
6935,2.5335533142089846
6936,2.238327407836914
6937,2.1816068649291993
6938,2.2741397857666015
6939,2.0169973373413086
6940,2.358119773864746
6941,1.9709701538085938
6942,2.1764549255371093
6943,3.1219154357910157
6944,2.728328895568848
6945,2.388565254211426
6946,1.8556514739990235
6947,2.002646255493164
6948,2.4422586441040037
6949,2.320953369140625
6950,2.114101791381836
6951,2.0927730560302735
6952,1.920222854614258
6953,1.8053619384765625
6954,2.134528923034668
6955,2.2680009841918944
6956,2.1323129653930666
6957,2.1480554580688476
6958,1.9249984741210937
6959,2.2764560699462892
6960,2.1940328598022463
6961,1.993797492980957
6962,2.126620292663574
6963,1.9716434478759766
6964,2.8888370513916017
6965,2.2334529876708986
6966,2.416599464416504
6967,1.9621349334716798
6968,1.9868160247802735
6969,2.06252498626709
6970,1.9969917297363282
6971,2.776738739013672
6972,1.7399036407470703
6973,2.2566349029541017
6974,2.0953012466430665
6975,2.1356227874755858
6976,2.273221015930176
6977,2.234668159484863
6978,2.1808422088623045
6979,1.7405372619628907
6980,2.2844173431396486
6981,2.0234180450439454
6982,2.0267284393310545
6983,2.100695037841797
6984,2.3809396743774416
6985,1.8847639083862304
6986,2.309782028198242
6987,2.1851245880126955
6988,2.4658464431762694
6989,2.085912895202637
6990,2.150909423828125
6991,2.092160224914551
6992,2.2618247985839846
6993,1.9673425674438476
6994,2.2306501388549806
6995,2.122450828552246
6996,2.1390625
6997,1.6442153930664063
6998,2.374645805358887
6999,2.1386445999145507
7000,1.8207042694091797
7001,2.1633668899536134
7002,2.3062166213989257
7003,2.154398536682129
7004,2.3604103088378907
7005,2.4578760147094725
7006,2.1564050674438477
7007,2.102466583251953
7008,2.0901166915893556
7009,2.4375988006591798
7010,1.938164520263672
7011,1.9491844177246094
7012,1.9142486572265625
7013,2.558580207824707
7014,2.5031476974487306
7015,2.1973695755004883
7016,1.982619285583496
7017,2.232966423034668
7018,2.2695083618164062
7019,2.2671781539916993
7020,2.3026718139648437
7021,2.1070024490356447
7022,2.3102962493896486
7023,1.8319259643554688
7024,2.27642879486084
7025,2.3450958251953127
7026,2.340510368347168
7027,2.953862190246582
7028,2.107571601867676
7029,1.9950170516967773
7030,2.32586555480957
7031,2.4188716888427733
7032,2.34320011138916
7033,2.172663688659668
7034,2.119460868835449
7035,2.4007003784179686
7036,2.0950996398925783
7037,2.2357805252075194
7038,2.1615787506103517
7039,2.2784778594970705
7040,1.835313606262207
7041,1.8242607116699219
7042,2.3561079025268556
7043,2.1374088287353517
7044,1.9038223266601562
7045,2.032298469543457
7046,2.3190095901489256
7047,2.41824951171875
7048,2.0423425674438476
7049,2.113751983642578
7050,2.0321928024291993
7051,2.1985523223876955
7052,2.2737363815307616
7053,2.5975671768188477
7054,2.550178337097168
7055,2.307386589050293
7056,2.102197265625
7057,2.6129739761352537
7058,2.056864929199219
7059,2.0268360137939454
7060,2.1077394485473633
7061,2.299672508239746
7062,1.998213768005371
7063,2.6421621322631834
7064,2.4801700592041014
7065,2.2653100967407225
7066,2.1254072189331055
7067,2.2315460205078126
7068,1.7382987976074218
7069,2.428436279296875
7070,2.1169012069702147
7071,2.2421478271484374
7072,2.1685806274414063
7073,2.288313865661621
7074,2.3770774841308593
7075,2.3533557891845702
7076,2.409765625
7077,2.551615905761719
7078,2.295500946044922
7079,2.178895378112793
7080,2.18560733795166
7081,2.0588762283325197
7082,1.9192760467529297
7083,2.41552848815918
7084,2.4047483444213866
7085,2.192453384399414
7086,2.539557456970215
7087,2.2176122665405273
7088,1.8927619934082032
7089,2.403271484375
7090,2.2919897079467773
7091,2.153036117553711
7092,1.8472509384155273
7093,2.143361282348633
7094,2.0439306259155274
7095,2.0870508193969726
7096,2.0220714569091798
7097,2.042637062072754
7098,2.200844383239746
7099,2.56044921875
7100,2.0483253479003904
7101,1.9748355865478515
7102,1.9791830062866211
7103,2.145857238769531
7104,2.3546751022338865
7105,1.9295198440551757
7106,2.1433481216430663
7107,2.1068286895751953
7108,2.504200553894043
7109,2.2787603378295898
7110,2.1398786544799804
7111,2.0643348693847656
7112,2.400543212890625
7113,2.0643129348754883
7114,2.4056608200073244
7115,2.2545551300048827
7116,2.0704700469970705
7117,2.1728805541992187
7118,1.9234905242919922
7119,2.326755905151367
7120,2.3065092086791994
7121,1.6943592071533202
7122,2.2578044891357423
7123,2.492655563354492
7124,2.119923210144043
7125,2.0386144638061525
7126,2.2095268249511717
7127,2.285859489440918
7128,2.5237117767333985
7129,2.2934764862060546
7130,2.4274011611938477
7131,2.008391189575195
7132,2.277521514892578
7133,1.717620277404785
7134,1.9537355422973632
7135,2.4624252319335938
7136,2.5932979583740234
7137,2.607469367980957
7138,1.8675539016723632
7139,2.2306840896606444
7140,2.411191940307617
7141,2.2484504699707033
7142,2.1082603454589846
7143,2.278843116760254
7144,2.1239501953125
7145,2.3566293716430664
7146,2.2036685943603516
7147,2.0052093505859374
7148,2.7198554992675783
7149,1.9983150482177734
7150,2.3146928787231444
7151,2.3167938232421874
7152,2.1667865753173827
7153,2.1214086532592775
7154,2.050105667114258
7155,2.4543174743652343
7156,2.2727239608764647
7157,2.0508262634277346
7158,2.0889860153198243
7159,1.8785552978515625
7160,2.0932010650634765
7161,2.3158546447753907
7162,2.4136531829833983
7163,2.410645294189453
7164,2.010651969909668
7165,1.9388435363769532
7166,2.172489356994629
7167,2.090634346008301
7168,2.0149919509887697
7169,2.002144622802734
7170,2.134687042236328
7171,2.190029525756836
7172,2.2959367752075197
7173,2.013275909423828
7174,2.2058570861816404
7175,1.9420248031616212
7176,2.307987403869629
7177,2.3259105682373047
7178,2.141135597229004
7179,1.9089853286743164
7180,2.3997848510742186
7181,2.5193965911865233
7182,1.9550487518310546
7183,2.214521789550781
7184,2.09552001953125
7185,2.0911863327026365
7186,2.2492324829101564
7187,2.3940055847167967
7188,2.1505624771118166
7189,2.157572937011719
7190,2.1388008117675783
7191,2.233464813232422
7192,2.669625091552734
7193,2.078856658935547
7194,2.351495361328125
7195,2.1467973709106447
7196,1.901834487915039
7197,2.2879474639892576
7198,2.207333564758301
7199,2.2720668792724608
7200,2.3924991607666017
7201,2.1155117034912108
7202,2.0691267013549806
7203,1.9905826568603515
7204,2.228753852844238
7205,2.0677522659301757
7206,2.417407417297363
7207,1.4916211128234864
7208,1.9906393051147462
7209,2.093745994567871
7210,2.3037221908569334
7211,2.148408317565918
7212,1.910866928100586
7213,2.3605728149414062
7214,1.8972711563110352
7215,2.3585735321044923
7216,2.2159862518310547
7217,2.2089109420776367
7218,1.984433937072754
7219,2.0997180938720703
7220,2.276710319519043
7221,2.018600273132324
7222,2.1637451171875
7223,1.9683124542236328
7224,2.681234359741211
7225,2.1184099197387694
7226,2.3503366470336915
7227,2.112190055847168
7228,2.45922737121582
7229,2.3972978591918945
7230,2.100305366516113
7231,2.0430774688720703
7232,2.0954557418823243
7233,1.7920427322387695
7234,2.199114227294922
7235,2.2078880310058593
7236,2.135407638549805
7237,1.8592842102050782
7238,1.873563575744629
7239,2.199995994567871
7240,2.4906896591186523
7241,2.0622928619384764
7242,2.2526294708251955
7243,2.227072525024414
7244,2.1128442764282225
7245,1.766720962524414
7246,2.092891883850098
7247,2.203107452392578
7248,2.4952640533447266
7249,2.3684261322021483
7250,3.354396438598633
7251,2.510660743713379
7252,2.0670936584472654
7253,2.356262969970703
7254,2.187282180786133
7255,2.351784896850586
7256,2.0247426986694337
7257,2.060184860229492
7258,1.845465850830078
7259,2.142812728881836
7260,2.627455711364746
7261,1.9439310073852538
7262,2.405645561218262
7263,2.3077159881591798
7264,2.587189483642578
7265,2.5442638397216797
7266,2.0534690856933593
7267,1.9692583084106445
7268,1.7317728042602538
7269,2.3547969818115235
7270,2.080994415283203
7271,2.2183151245117188
7272,2.6840925216674805
7273,2.440861701965332
7274,2.6263784408569335
7275,2.2298664093017577
7276,2.080890655517578
7277,2.3914791107177735
7278,2.1437698364257813
7279,2.202126884460449
7280,1.7806283950805664
7281,2.3474781036376955
7282,2.3475614547729493
7283,1.9617910385131836
7284,2.147254753112793
7285,2.049493980407715
7286,2.554606628417969
7287,2.1989419937133787
7288,2.1597171783447267
7289,2.148434066772461
7290,2.190293312072754
7291,2.236599349975586
7292,2.1034664154052733
7293,1.859288215637207
7294,2.339097023010254
7295,1.8954294204711915
7296,2.468288230895996
7297,1.9965265274047852
7298,2.2495084762573243
7299,2.1542930603027344
7300,2.500400924682617
7301,2.2840507507324217
7302,2.532736968994141
7303,2.07657470703125
7304,2.0859594345092773
7305,2.182931327819824
7306,2.1972646713256836
7307,2.0233665466308595
7308,2.177036476135254
7309,2.281807708740234
7310,2.0049083709716795
7311,2.5669702529907226
7312,2.231875419616699
7313,2.133626174926758
7314,2.062210273742676
7315,2.023822021484375
7316,2.2057634353637696
7317,2.3004568099975584
7318,2.4487655639648436
7319,2.177258110046387
7320,1.8805078506469726
7321,1.605428123474121
7322,1.8435585021972656
7323,2.3684289932250975
7324,2.3012819290161133
7325,1.8874088287353517
7326,2.444995307922363
7327,2.596012306213379
7328,2.292192077636719
7329,2.432769012451172
7330,2.0821590423583984
7331,2.18786563873291
7332,1.9208589553833009
7333,2.507704734802246
7334,2.2803617477416993
7335,2.086354064941406
7336,2.068189239501953
7337,2.245091438293457
7338,2.4416690826416017
7339,2.1933576583862306
7340,2.2680788040161133
7341,2.1102827072143553
7342,2.583933448791504
7343,2.0920478820800783
7344,2.5051942825317384
7345,2.2400413513183595
7346,2.1268840789794923
7347,2.3480754852294923
7348,2.491648483276367
7349,1.9751461029052735
7350,2.3961509704589843
7351,2.0070152282714844
7352,2.073310661315918
7353,2.1501708984375
7354,2.3545631408691405
7355,2.4001842498779298
7356,2.5230499267578126
7357,2.27730712890625
7358,2.1891105651855467
7359,2.5379474639892576
7360,2.1379552841186524
7361,2.3337432861328127
7362,2.218575668334961
7363,2.162704086303711
7364,2.078753662109375
7365,2.2653295516967775
7366,2.1845827102661133
7367,2.41873722076416
7368,1.9181097030639649
7369,2.492297554016113
7370,2.621102142333984
7371,2.564614105224609
7372,2.000454330444336
7373,2.3497323989868164
7374,2.281990623474121
7375,2.0784894943237306
7376,2.284297752380371
7377,2.011941337585449
7378,2.2187168121337892
7379,2.5956289291381838
7380,2.2300430297851563
7381,2.2823064804077147
7382,2.294272041320801
7383,2.456841468811035
7384,2.1565101623535154
7385,2.5052440643310545
7386,2.3501487731933595
7387,2.0624004364013673
7388,2.035795783996582
7389,2.298063278198242
7390,2.214060401916504
7391,2.2633329391479493
7392,2.2913660049438476
7393,2.4646093368530275
7394,2.300457000732422
7395,2.3522388458251955
7396,1.946495819091797
7397,2.456210136413574
7398,2.1787843704223633
7399,2.1389545440673827
7400,1.9260761260986328
7401,2.2183889389038085
7402,2.264968681335449
7403,2.37622013092041
7404,2.2608112335205077
7405,2.1912832260131836
7406,1.8579334259033202
7407,2.2929101943969727
7408,2.0145326614379884
7409,1.9543039321899414
7410,2.299685478210449
7411,1.9985797882080079
7412,2.4203290939331055
7413,2.3662464141845705
7414,2.3011260986328126
7415,2.47598819732666
7416,2.2460939407348635
7417,2.185127067565918
7418,2.3165376663208006
7419,1.7448017120361328
7420,2.1847190856933594
7421,2.2715578079223633
7422,2.1536331176757812
7423,2.3878541946411134
7424,1.9967679977416992
7425,2.2360776901245116
7426,2.125376892089844
7427,2.217527961730957
7428,2.39917049407959
7429,2.1924932479858397
7430,2.2633790969848633
7431,2.0048879623413085
7432,2.0883623123168946
7433,2.2666753768920898
7434,2.3206010818481446
7435,2.252406120300293
7436,2.4350547790527344
7437,2.4115345001220705
7438,2.046137809753418
7439,2.147988128662109
7440,1.9287626266479492
7441,2.633112144470215
7442,1.9993906021118164
7443,2.1195652008056642
7444,2.524661636352539
7445,1.8643930435180665
7446,2.4176799774169924
7447,2.3914159774780273
7448,2.140095901489258
7449,1.7272090911865234
7450,2.0000799179077147
7451,2.177548408508301
7452,2.2107158660888673
7453,2.0848045349121094
7454,2.6755916595458986
7455,2.4261201858520507
7456,2.342347526550293
7457,2.1199487686157226
7458,2.353914260864258
7459,2.667476463317871
7460,1.8600591659545898
7461,2.0453615188598633
7462,1.9608577728271483
7463,2.243198776245117
7464,2.327706718444824
7465,2.1073720932006834
7466,1.9117118835449218
7467,2.800885009765625
7468,2.285283851623535
7469,2.167474937438965
7470,1.8449163436889648
7471,2.2244131088256838
7472,2.3405893325805662
7473,2.2063573837280273
7474,1.9887821197509765
7475,2.0443538665771483
7476,1.839617919921875
7477,2.3039825439453123
7478,2.398408126831055
7479,2.0486907958984375
7480,2.3091398239135743
7481,1.9115291595458985
7482,2.6246265411376952
7483,2.1857648849487306
7484,2.0469682693481444
7485,2.283367729187012
7486,2.2440977096557617
7487,2.527445411682129
7488,2.3765525817871094
7489,2.131205940246582
7490,2.602655601501465
7491,2.1939813613891603
7492,2.018785285949707
7493,2.285384750366211
7494,2.0203615188598634
7495,2.4896032333374025
7496,1.9524240493774414
7497,2.4209938049316406
7498,2.2635116577148438
7499,2.3262510299682617
7500,1.9617809295654296
7501,2.3160469055175783
7502,2.129383087158203
7503,2.2535024642944337
7504,2.230156135559082
7505,2.0508243560791017
7506,2.2817968368530273
7507,2.2531620025634767
7508,2.345267677307129
7509,2.076309013366699
7510,2.1756498336791994
7511,1.7406280517578125
7512,2.313222122192383
7513,1.968752670288086
7514,1.9462903976440429
7515,2.0403263092041017
7516,2.0499425888061524
7517,2.5217737197875976
7518,1.9877761840820312
7519,2.4145177841186523
7520,1.8548316955566406
7521,2.080959129333496
7522,2.377736282348633
7523,2.280207633972168
7524,2.192387008666992
7525,2.3311187744140627
7526,1.957421875
7527,2.0039915084838866
7528,1.6554136276245117
7529,1.9000288009643556
7530,2.2337976455688477
7531,2.0898460388183593
7532,1.9188102722167968
7533,2.6698307037353515
7534,2.162049102783203
7535,2.1355926513671877
7536,1.9435287475585938
7537,2.449873352050781
7538,2.0489463806152344
7539,2.338949775695801
7540,2.0093931198120116
7541,2.053413200378418
7542,2.356389617919922
7543,2.060418891906738
7544,2.4934616088867188
7545,2.462991142272949
7546,1.9196222305297852
7547,1.9219539642333985
7548,2.4125532150268554
7549,2.443489837646484
7550,2.2779300689697264
7551,2.184147262573242
7552,1.9710649490356444
7553,2.263093948364258
7554,2.3267000198364256
7555,2.4926624298095703
7556,2.247094917297363
7557,2.1929500579833983
7558,2.327091026306152
7559,2.582039642333984
7560,2.373139572143555
7561,1.972372817993164
7562,2.3380664825439452
7563,2.089065361022949
7564,2.1098705291748048
7565,2.1019304275512694
7566,2.3844680786132812
7567,1.8931198120117188
7568,2.1197975158691404
7569,2.474100875854492
7570,2.220845031738281
7571,2.08853702545166
7572,2.7613195419311523
7573,2.396193504333496
7574,2.320863723754883
7575,2.4292695999145506
7576,2.0908742904663087
7577,2.1246267318725587
7578,2.14699649810791
7579,2.2811683654785155
7580,2.222955322265625
7581,2.2266984939575196
7582,1.9354644775390626
7583,2.1222848892211914
7584,2.12082576751709
7585,1.9813722610473632
7586,2.2220197677612306
7587,2.740182876586914
7588,2.2730690002441407
7589,2.3391136169433593
7590,1.7291061401367187
7591,2.1195856094360352
7592,2.123401069641113
7593,2.1065641403198243
7594,2.281671333312988
7595,2.562158203125
7596,2.3058006286621096
7597,2.2681474685668945
7598,2.2803346633911135
7599,2.068895721435547
7600,2.2087158203125
7601,2.1023998260498047
7602,1.8008378982543944
7603,1.7889999389648437
7604,2.380802536010742
7605,2.2560686111450194
7606,2.304045295715332
7607,2.375616455078125
7608,1.9205612182617187
7609,2.211741828918457
7610,2.1608606338500977
7611,2.3293161392211914
7612,2.1569982528686524
7613,2.363539123535156
7614,2.2931325912475584
7615,1.9670011520385742
7616,2.162881851196289
7617,2.3325212478637694
7618,2.3038393020629884
7619,2.218638801574707
7620,1.9713825225830077
7621,2.3655324935913087
7622,2.035568046569824
7623,1.985306167602539
7624,2.061670684814453
7625,3.3937305450439452
7626,2.0772367477416993
7627,2.3071596145629885
7628,2.1135303497314455
7629,2.1183547973632812
7630,2.5122535705566404
7631,2.3305456161499025
7632,2.2478425979614256
7633,2.5910629272460937
7634,2.3742183685302733
7635,1.903795051574707
7636,2.394651985168457
7637,2.054159927368164
7638,2.059074592590332
7639,2.184564781188965
7640,2.2205131530761717
7641,1.8804376602172852
7642,2.149768257141113
7643,2.3818338394165037
7644,2.2237180709838866
7645,2.139361572265625
7646,1.805206298828125
7647,2.034238815307617
7648,2.031040000915527
7649,2.364533233642578
7650,2.2594051361083984
7651,2.4166112899780274
7652,2.529250907897949
7653,2.287514877319336
7654,2.1719804763793946
7655,1.9521570205688477
7656,2.1266590118408204
7657,1.9549327850341798
7658,2.1682502746582033
7659,1.8912351608276368
7660,1.9844202041625976
7661,2.006705665588379
7662,2.3483524322509766
7663,2.3089319229125977
7664,2.226550483703613
7665,1.9395149230957032
7666,2.6023855209350586
7667,2.328093910217285
7668,2.1904064178466798
7669,2.2418968200683596
7670,1.9743816375732421
7671,2.4076642990112305
7672,2.4248613357543944
7673,2.3686843872070313
7674,1.9905012130737305
7675,2.207193374633789
7676,1.973909568786621
7677,1.9876352310180665
7678,1.714069938659668
7679,2.108015441894531
7680,2.313489532470703
7681,2.390694999694824
7682,1.7257604598999023
7683,2.3045419692993163
7684,1.9045412063598632
7685,2.229803276062012
7686,2.1396514892578127
7687,2.3206108093261717
7688,2.1730905532836915
7689,2.35098819732666
7690,2.1501228332519533
7691,2.2649253845214843
7692,2.046251678466797
7693,2.391414451599121
7694,2.119716453552246
7695,2.225475883483887
7696,2.1092844009399414
7697,2.349225616455078
7698,2.08802490234375
7699,2.359427261352539
7700,2.381512451171875
7701,2.0649389266967773
7702,1.9325057983398437
7703,2.2322973251342773
7704,2.372672271728516
7705,1.759976577758789
7706,2.2961971282958986
7707,2.198389434814453
7708,2.1612648010253905
7709,2.3607770919799806
7710,2.2397411346435545
7711,2.0179508209228514
7712,2.0674535751342775
7713,2.0074417114257814
7714,2.0155744552612305
7715,2.5976564407348635
7716,2.580893325805664
7717,3.2952602386474608
7718,1.9927448272705077
7719,2.3781991958618165
7720,2.2236703872680663
7721,2.339784049987793
7722,1.611593246459961
7723,1.917762565612793
7724,2.1993501663208006
7725,2.1677902221679686
7726,2.2779939651489256
7727,2.2443605422973634
7728,2.1826574325561525
7729,2.378003692626953
7730,1.940240478515625
7731,2.4186380386352537
7732,2.4150531768798826
7733,2.1930532455444336
7734,1.545657253265381
7735,2.230803298950195
7736,2.22762393951416
7737,2.229532814025879
7738,2.1847171783447266
7739,2.1650665283203123
7740,2.3076948165893554
7741,2.1584930419921875
7742,2.3295875549316407
7743,2.491513252258301
7744,2.137820816040039
7745,2.3612798690795898
7746,2.221054458618164
7747,2.355731391906738
7748,1.9347637176513672
7749,2.6679399490356444
7750,2.3458831787109373
7751,2.1150455474853516
7752,2.3688758850097655
7753,2.1652822494506836
7754,2.1715707778930664
7755,2.3528818130493163
7756,1.8684041976928711
7757,2.2131481170654297
7758,2.1296390533447265
7759,2.282408905029297
7760,2.174036979675293
7761,2.522566795349121
7762,1.9984731674194336
7763,2.4885807037353516
7764,2.1452592849731444
7765,2.1384250640869142
7766,1.9843061447143555
7767,2.0533634185791017
7768,2.2283864974975587
7769,2.141576385498047
7770,2.0080944061279298
7771,2.5417724609375
7772,2.4068634033203127
7773,2.1965904235839844
7774,2.5202909469604493
7775,2.383247184753418
7776,2.0200593948364256
7777,2.471915626525879
7778,2.206098747253418
7779,2.038735008239746
7780,2.543310356140137
7781,1.996565055847168
7782,2.103705406188965
7783,2.1034320831298827
7784,2.0754678726196287
7785,2.4748964309692383
7786,2.0122283935546874
7787,2.437028503417969
7788,2.4895608901977537
7789,1.9709747314453125
7790,2.2350849151611327
7791,1.9541950225830078
7792,2.102316474914551
7793,2.6563077926635743
7794,2.2655332565307615
7795,1.9954353332519532
7796,2.55245304107666
7797,2.398163414001465
7798,2.2227298736572267
7799,2.2024208068847657
7800,2.406117820739746
7801,2.174632453918457
7802,2.142171859741211
7803,1.9550020217895507
7804,2.085070037841797
7805,1.9751745223999024
7806,2.1808815002441406
7807,2.331851005554199
7808,2.3227310180664062
7809,2.184278678894043
7810,2.5314937591552735
7811,2.204642677307129
7812,2.672816276550293
7813,2.056302070617676
7814,2.36110897064209
7815,2.240791130065918
7816,2.054876136779785
7817,2.292676544189453
7818,2.166574478149414
7819,2.2307598114013674
7820,2.243193435668945
7821,2.481359100341797
7822,2.3902034759521484
7823,2.325123596191406
7824,2.208616828918457
7825,2.1527055740356444
7826,2.1202987670898437
7827,2.185777473449707
7828,2.3458059310913084
7829,2.093638229370117
7830,2.2589529037475584
7831,2.860780715942383
7832,2.1523719787597657
7833,2.3270545959472657
7834,2.053211975097656
7835,2.26120548248291
7836,2.345659065246582
7837,2.147039794921875
7838,2.0423126220703125
7839,2.1068693161010743
7840,2.494418144226074
7841,2.6767322540283205
7842,2.4045921325683595
7843,2.8127773284912108
7844,2.4522762298583984
7845,2.572743225097656
7846,2.2181745529174806
7847,2.2436145782470702
7848,2.120591735839844
7849,2.0095401763916017
7850,2.039366912841797
7851,2.2799165725708006
7852,2.22286319732666
7853,2.2466577529907226
7854,2.299860191345215
7855,2.2326425552368163
7856,2.1496417999267576
7857,2.387685203552246
7858,2.178074836730957
7859,2.2571964263916016
7860,2.118821716308594
7861,2.351692771911621
7862,2.070353889465332
7863,2.5845405578613283
7864,2.117618370056152
7865,2.002123260498047
7866,2.2984113693237305
7867,2.3789699554443358
7868,2.404140281677246
7869,2.2579677581787108
7870,2.3300500869750977
7871,2.4546180725097657
7872,1.9702260971069336
7873,2.0816598892211915
7874,1.9412103652954102
7875,2.014902877807617
7876,2.1789571762084963
7877,2.3784511566162108
7878,2.240884780883789
7879,2.225320816040039
7880,2.1530197143554686
7881,2.357059860229492
7882,2.253646659851074
7883,2.602307891845703
7884,1.993455696105957
7885,2.139447784423828
7886,2.321539306640625
7887,2.1501888275146483
7888,2.1439422607421874
7889,2.0296630859375
7890,2.3253671646118166
7891,2.1886030197143556
7892,2.1379467010498048
7893,1.9798059463500977
7894,1.9635820388793945
7895,2.385781097412109
7896,2.1888471603393556
7897,2.183152198791504
7898,2.291668701171875
7899,2.528823661804199
7900,2.0907114028930662
7901,2.067252349853516
7902,2.3906887054443358
7903,2.5771188735961914
7904,2.0716527938842773
7905,2.140252876281738
7906,2.052971076965332
7907,2.1827718734741213
7908,1.8822259902954102
7909,2.387401008605957
7910,2.2590255737304688
7911,2.0113502502441407
7912,2.0781671524047853
7913,2.156681442260742
7914,2.2644981384277343
7915,2.129012870788574
7916,2.2143945693969727
7917,2.2978946685791017
7918,2.641862678527832
7919,2.1342546463012697
7920,2.3464065551757813
7921,2.213390922546387
7922,2.4138084411621095
7923,2.172019195556641
7924,2.245790481567383
7925,1.8832895278930664
7926,2.3323720932006835
7927,2.241036796569824
7928,2.5286483764648438
7929,2.2940958023071287
7930,2.4078908920288087
7931,2.277871513366699
7932,2.3294294357299803
7933,2.197057342529297
7934,2.203915596008301
7935,2.4078136444091798
7936,1.9704227447509766
7937,1.8302999496459962
7938,2.1764535903930664
7939,2.085019111633301
7940,2.085396385192871
7941,1.7797683715820312
7942,2.357590675354004
7943,2.175205612182617
7944,2.334549140930176
7945,2.1083913803100587
7946,2.10516357421875
7947,2.1041173934936523
7948,2.1883588790893556
7949,2.251202392578125
7950,2.1044864654541016
7951,2.1095603942871093
7952,2.182749557495117
7953,2.1194686889648438
7954,2.262719917297363
7955,2.0004465103149416
7956,2.3750396728515626
7957,2.0528100967407226
7958,2.4989852905273438
7959,2.1076543807983397
7960,2.0852983474731444
7961,2.363628387451172
7962,2.309322166442871
7963,2.2924217224121093
7964,2.5392595291137696
7965,2.037404251098633
7966,1.9872961044311523
7967,2.244002914428711
7968,2.1964691162109373
7969,2.1117115020751953
7970,2.4260890960693358
7971,2.5570207595825196
7972,2.096211814880371
7973,1.914975357055664
7974,2.678050231933594
7975,2.0337411880493166
7976,2.2997949600219725
7977,2.3835439682006836
7978,2.3128042221069336
7979,2.1550342559814455
7980,2.024831008911133
7981,2.1762386322021485
7982,1.8118736267089843
7983,2.519016456604004
7984,2.273480224609375
7985,2.1077465057373046
7986,2.1235401153564455
7987,2.361908531188965
7988,2.071829414367676
7989,2.253310203552246
7990,1.9247781753540039
7991,1.9229158401489257
7992,2.242036819458008
7993,1.9613628387451172
7994,2.2394741058349608
7995,2.063834571838379
7996,2.312984848022461
7997,2.241450309753418
7998,2.4415035247802734
7999,2.3797687530517577
8000,1.8142045974731444
8001,2.390913200378418
8002,2.1410896301269533
8003,2.40905647277832
8004,2.286815643310547
8005,2.3913087844848633
8006,2.511109161376953
8007,2.619101142883301
8008,1.9685487747192383
8009,1.8216850280761718
8010,2.7349172592163087
8011,2.6525598526000977
8012,1.8909503936767578
8013,2.056797981262207
8014,2.147910308837891
8015,2.4496850967407227
8016,2.2781471252441405
8017,1.9296035766601562
8018,1.8716014862060546
8019,2.519455146789551
8020,2.504679489135742
8021,2.19595947265625
8022,2.262290382385254
8023,1.972707748413086
8024,2.4696773529052733
8025,2.54339656829834
8026,2.1773963928222657
8027,2.436275672912598
8028,2.3265214920043946
8029,2.2277374267578125
8030,2.179387664794922
8031,2.1137321472167967
8032,2.1756778717041017
8033,1.9392822265625
8034,2.0098628997802734
8035,2.2236446380615233
8036,2.399260902404785
8037,2.419445037841797
8038,1.9701757431030273
8039,2.338612937927246
8040,2.0383779525756838
8041,2.3778059005737306
8042,2.0686323165893556
8043,2.6937534332275392
8044,2.040656852722168
8045,1.695545768737793
8046,2.2979333877563475
8047,2.256138038635254
8048,2.5005157470703123
8049,2.322768783569336
8050,2.176089286804199
8051,2.4427087783813475
8052,2.2903684616088866
8053,2.367353057861328
8054,2.366862678527832
8055,2.1998807907104494
8056,2.1277706146240236
8057,2.120113182067871
8058,1.7942527770996093
8059,2.6404901504516602
8060,2.33438777923584
8061,2.4552764892578125
8062,2.0710947036743166
8063,2.2624168395996094
8064,2.313613510131836
8065,2.057839584350586
8066,2.426422882080078
8067,2.1214223861694337
8068,2.1776546478271483
8069,2.563874053955078
8070,2.400817108154297
8071,2.1528879165649415
8072,2.4188714981079102
8073,2.4893825531005858
8074,1.9960447311401368
8075,2.0150388717651366
8076,2.241072082519531
8077,1.9324260711669923
8078,1.9621349334716798
8079,2.156861686706543
8080,2.504612350463867
8081,2.026519775390625
8082,2.197610282897949
8083,2.170690727233887
8084,2.3481796264648436
8085,2.1253021240234373
8086,2.268292999267578
8087,2.5722497940063476
8088,2.2667545318603515
8089,2.567488098144531
8090,2.463608169555664
8091,2.2439172744750975
8092,2.117200469970703
8093,1.7723443984985352
8094,2.0875833511352537
8095,2.7017095565795897
8096,2.3958980560302736
8097,2.2485324859619142
8098,2.0954425811767576
8099,1.955272102355957
8100,2.1868013381958007
8101,2.4833988189697265
8102,2.2540613174438477
8103,1.804171371459961
8104,2.059601974487305
8105,2.257126045227051
8106,2.339957046508789
8107,2.425160217285156
8108,1.9421533584594726
8109,2.135234260559082
8110,2.4472429275512697
8111,2.8678920745849608
8112,2.3957632064819334
8113,2.369373893737793
8114,2.086190605163574
8115,1.9754663467407227
8116,2.2640625
8117,2.533185577392578
8118,1.9431644439697267
8119,2.3497575759887694
8120,2.243031692504883
8121,2.2496803283691404
8122,1.9688720703125
8123,2.321953010559082
8124,2.3613666534423827
8125,2.647677993774414
8126,2.206412696838379
8127,2.200238037109375
8128,2.2860551834106446
8129,2.0288970947265623
8130,2.08504695892334
8131,1.9390178680419923
8132,2.1093544006347655
8133,2.3015432357788086
8134,1.8164398193359375
8135,2.48883171081543
8136,2.356364059448242
8137,2.4416866302490234
8138,2.3138317108154296
8139,2.38131160736084
8140,2.1582260131835938
8141,2.253539276123047
8142,2.576197624206543
8143,2.1661588668823244
8144,2.0495477676391602
8145,2.080516242980957
8146,2.1246868133544923
8147,2.3437673568725588
8148,2.4788192749023437
8149,2.103500556945801
8150,2.3414783477783203
8151,2.473908805847168
8152,2.293297004699707
8153,2.287472152709961
8154,1.897374725341797
8155,2.234896659851074
8156,2.5764013290405274
8157,2.152146339416504
8158,2.2629825592041017
8159,1.986301803588867
8160,2.22854061126709
8161,2.392360305786133
8162,2.124376678466797
8163,1.8708925247192383
8164,2.2904563903808595
8165,2.167561340332031
8166,2.260264205932617
8167,2.1099451065063475
8168,2.3628631591796876
8169,2.1465362548828124
8170,2.4688220977783204
8171,2.6070363998413084
8172,2.657870292663574
8173,1.8515384674072266
8174,2.3596874237060548
8175,2.320488166809082
8176,2.3879966735839844
8177,2.0438459396362303
8178,2.33689022064209
8179,2.4347938537597655
8180,1.9397457122802735
8181,2.3435905456542967
8182,1.9101442337036132
8183,2.4201440811157227
8184,1.9923082351684571
8185,2.2517948150634766
8186,2.4155467987060546
8187,2.010336685180664
8188,2.221713829040527
8189,1.8539012908935546
8190,2.3091285705566404
8191,2.2230899810791014
8192,2.258614921569824
8193,2.094414710998535
8194,2.2372665405273438
8195,1.9856218338012694
8196,2.3618907928466797
8197,2.0295034408569337
8198,2.0670310974121096
8199,2.301215171813965
8200,2.01864070892334
8201,2.469388008117676
8202,2.181589698791504
8203,2.268635559082031
8204,2.289485740661621
8205,2.1815364837646483
8206,2.4729074478149413
8207,1.9461071014404296
8208,2.003293991088867
8209,2.476828384399414
8210,2.0839380264282226
8211,2.217733383178711
8212,2.044291877746582
8213,2.225223922729492
8214,2.3116291046142576
8215,1.891272735595703
8216,2.1123754501342775
8217,2.4485416412353516
8218,2.2943906784057617
8219,2.464478302001953
8220,1.8747365951538086
8221,2.0466583251953123
8222,2.0768865585327148
8223,2.1701549530029296
8224,2.253021240234375
8225,2.1494878768920898
8226,2.0052106857299803
8227,2.064161682128906
8228,1.9441520690917968
8229,1.903533935546875
8230,2.1633018493652343
8231,1.7259000778198241
8232,2.306798553466797
8233,2.0745014190673827
8234,2.1325494766235353
8235,2.102240562438965
8236,2.1155622482299803
8237,2.0527889251708986
8238,2.4406509399414062
8239,1.6934885025024413
8240,2.0940166473388673
8241,2.918650436401367
8242,2.167609977722168
8243,2.150753974914551
8244,2.2147811889648437
8245,1.9481023788452148
8246,1.9637619018554688
8247,2.0194705963134765
8248,2.44256649017334
8249,2.1285072326660157
8250,2.1191423416137694
8251,2.0242597579956056
8252,2.114470863342285
8253,1.9191335678100585
8254,2.0541379928588865
8255,2.2740875244140626
8256,2.3573434829711912
8257,2.1878915786743165
8258,1.9269533157348633
8259,1.974356460571289
8260,1.9064266204833984
8261,1.9399017333984374
8262,3.4587215423583983
8263,2.5300132751464846
8264,2.3299747467041017
8265,2.2562585830688477
8266,2.3123870849609376
8267,2.310078430175781
8268,2.2398393630981444
8269,2.012355613708496
8270,2.3079967498779297
8271,2.119565963745117
8272,2.195952606201172
8273,2.2121885299682615
8274,2.591594123840332
8275,2.1222028732299805
8276,2.20318660736084
8277,2.2149726867675783
8278,2.4543262481689454
8279,2.2958806991577148
8280,2.218661880493164
8281,2.205929183959961
8282,2.337105941772461
8283,2.297475242614746
8284,2.479005241394043
8285,2.081705856323242
8286,2.079718017578125
8287,2.1256093978881836
8288,2.652474021911621
8289,2.004256820678711
8290,2.091024398803711
8291,2.360206413269043
8292,2.1388166427612303
8293,2.0578281402587892
8294,1.8379322052001954
8295,1.860914421081543
8296,2.024893951416016
8297,2.466941070556641
8298,2.4621402740478517
8299,2.086343193054199
8300,2.2588205337524414
8301,2.138361358642578
8302,2.31461124420166
8303,2.241631507873535
8304,2.1803279876708985
8305,2.0890823364257813
8306,2.6513961791992187
8307,2.027740478515625
8308,2.3876441955566405
8309,2.1579801559448244
8310,2.3306880950927735
8311,2.41092586517334
8312,2.1606027603149416
8313,1.9825984954833984
8314,2.0530344009399415
8315,2.1227142333984377
8316,2.113508415222168
8317,2.1917596817016602
8318,2.271417808532715
8319,2.2212974548339846
8320,2.4465269088745116
8321,2.5038330078125
8322,2.2312995910644533
8323,2.2312362670898436
8324,2.388509178161621
8325,2.581753730773926
8326,2.2768157958984374
8327,2.2942737579345702
8328,2.3326963424682616
8329,1.9129796981811524
8330,2.4163175582885743
8331,2.0587574005126954
8332,2.067518424987793
8333,2.1790496826171877
8334,2.0528030395507812
8335,2.3676986694335938
8336,2.102156639099121
8337,2.2181156158447264
8338,2.240122985839844
8339,2.005402755737305
8340,2.5184503555297852
8341,2.532134437561035
8342,2.0788230895996094
8343,2.414650726318359
8344,2.1399566650390627
8345,2.315693664550781
8346,2.4727155685424806
8347,2.2926298141479493
8348,2.012337493896484
8349,2.1313982009887695
8350,2.010402488708496
8351,2.5105209350585938
8352,2.3658321380615233
8353,2.549787139892578
8354,1.9891284942626952
8355,2.4628890991210937
8356,2.0410842895507812
8357,2.044520378112793
8358,1.9185918807983398
8359,2.089869499206543
8360,2.255538558959961
8361,2.0888254165649416
8362,2.358608627319336
8363,2.1010517120361327
8364,2.144360160827637
8365,2.2446165084838867
8366,2.052859306335449
8367,2.021738052368164
8368,2.103052520751953
8369,2.257666015625
8370,2.1535675048828127
8371,2.015641975402832
8372,1.8030559539794921
8373,2.453177833557129
8374,2.0039785385131834
8375,1.9471921920776367
8376,2.167393684387207
8377,2.1465009689331054
8378,1.972895050048828
8379,1.933355712890625
8380,2.101702880859375
8381,2.0058710098266603
8382,2.544296073913574
8383,2.076704216003418
8384,2.1796710968017576
8385,1.742471694946289
8386,1.8883499145507812
8387,2.1782907485961913
8388,2.134321403503418
8389,2.022614860534668
8390,2.432078170776367
8391,2.283864212036133
8392,2.200120735168457
8393,2.4336502075195314
8394,2.0763660430908204
8395,2.0346933364868165
8396,2.466958999633789
8397,2.473231315612793
8398,2.433635711669922
8399,1.9117008209228517
8400,1.9706302642822267
8401,1.8006467819213867
8402,2.192036247253418
8403,2.2087406158447265
8404,2.2212244033813477
8405,2.1497421264648438
8406,1.9388349533081055
8407,2.3751449584960938
8408,2.1601003646850585
8409,2.734004783630371
8410,2.511562728881836
8411,2.450995445251465
8412,2.334552764892578
8413,2.1666276931762694
8414,2.3261322021484374
8415,2.2998321533203123
8416,1.9068641662597656
8417,2.3824289321899412
8418,2.5041152954101564
8419,1.7793874740600586
8420,2.1298913955688477
8421,2.223605155944824
8422,2.0188913345336914
8423,2.06640510559082
8424,2.0291488647460936
8425,2.099039077758789
8426,2.0778995513916017
8427,2.6889028549194336
8428,2.30380859375
8429,2.368064117431641
8430,2.093678855895996
8431,2.336992073059082
8432,2.1946123123168944
8433,2.482774543762207
8434,2.1162160873413085
8435,2.140157699584961
8436,2.411259651184082
8437,1.8031784057617188
8438,2.1258159637451173
8439,2.290757942199707
8440,2.193943405151367
8441,2.655267524719238
8442,2.414677047729492
8443,2.360060119628906
8444,2.22906436920166
8445,2.6235145568847655
8446,2.4798112869262696
8447,2.502618408203125
8448,2.262480354309082
8449,2.0074411392211915
8450,2.0751836776733397
8451,2.2355194091796875
8452,1.9832714080810547
8453,2.3883819580078125
8454,1.9790836334228517
8455,2.362367057800293
8456,2.400668907165527
8457,2.351045036315918
8458,2.320170211791992
8459,2.69034423828125
8460,2.2273168563842773
8461,2.2793989181518555
8462,2.383845329284668
8463,2.3797677993774413
8464,2.228928565979004
8465,2.1639902114868166
8466,2.201895332336426
8467,2.6264841079711916
8468,2.2229288101196287
8469,2.2390773773193358
8470,1.9990671157836915
8471,2.337634468078613
8472,2.4308427810668944
8473,1.7429643630981446
8474,2.347708892822266
8475,1.9847932815551759
8476,2.1678340911865233
8477,2.0647371292114256
8478,2.0795021057128906
8479,2.367521858215332
8480,2.159246063232422
8481,2.668583869934082
8482,2.269810676574707
8483,1.7895090103149414
8484,2.2454214096069336
8485,1.8380134582519532
8486,2.285354995727539
8487,1.8574296951293945
8488,2.0898811340332033
8489,2.0669952392578126
8490,2.077499771118164
8491,2.345338821411133
8492,2.384100341796875
8493,2.572070503234863
8494,2.2075490951538086
8495,2.5535287857055664
8496,1.9409555435180663
8497,1.8700157165527345
8498,2.185583305358887
8499,2.188433837890625
8500,2.3730064392089845
8501,2.3787841796875
8502,2.182773208618164
8503,2.410391426086426
8504,2.493178939819336
8505,2.6353105545043944
8506,2.3564428329467773
8507,2.480833053588867
8508,2.229749298095703
8509,2.395511436462402
8510,2.2673755645751954
8511,2.2073965072631836
8512,2.065043258666992
8513,2.779459762573242
8514,2.0746923446655274
8515,2.0790515899658204
8516,1.8448711395263673
8517,2.434865951538086
8518,2.194844436645508
8519,2.746647834777832
8520,1.9930822372436523
8521,2.241802215576172
8522,2.2729188919067385
8523,2.2577917098999025
8524,2.1148391723632813
8525,2.2967708587646483
8526,1.9184785842895509
8527,2.043853187561035
8528,2.0865320205688476
8529,2.0846536636352537
8530,2.471102714538574
8531,1.979421615600586
8532,1.9532230377197266
8533,2.4078336715698243
8534,2.13867244720459
8535,2.904880142211914
8536,2.215541648864746
8537,2.1150390625
8538,1.903890037536621
8539,2.3084957122802736
8540,2.004469108581543
8541,2.247843551635742
8542,2.6923801422119142
8543,2.204837608337402
8544,1.9980781555175782
8545,2.2130130767822265
8546,1.884295654296875
8547,2.1083005905151366
8548,2.220823860168457
8549,2.015238380432129
8550,2.123162269592285
8551,2.1483760833740235
8552,2.301478385925293
8553,2.285896873474121
8554,2.1312347412109376
8555,1.9658395767211914
8556,2.934763526916504
8557,2.600175476074219
8558,1.8329376220703124
8559,2.1607666015625
8560,2.093337059020996
8561,2.2207304000854493
8562,1.8437686920166017
8563,2.098222541809082
8564,2.34741096496582
8565,2.1036445617675783
8566,2.312098503112793
8567,2.372391700744629
8568,2.050827217102051
8569,2.284360885620117
8570,2.357392120361328
8571,2.602631759643555
8572,2.2155176162719727
8573,2.2969186782836912
8574,2.0435388565063475
8575,2.429930877685547
8576,2.162182426452637
8577,2.1859081268310545
8578,2.1417341232299805
8579,2.1486928939819334
8580,1.9080320358276368
8581,2.2204259872436523
8582,2.2431877136230467
8583,2.0489097595214845
8584,2.2916492462158202
8585,2.011776161193848
8586,2.062860107421875
8587,2.3980546951293946
8588,2.01983528137207
8589,2.197654151916504
8590,2.125201416015625
8591,2.007017135620117
8592,2.240126609802246
8593,2.9090375900268555
8594,2.1474246978759766
8595,2.0184579849243165
8596,2.227427864074707
8597,2.4605949401855467
8598,2.733582305908203
8599,2.05249137878418
8600,1.9946571350097657
8601,2.059198570251465
8602,2.0868268966674806
8603,1.9090211868286133
8604,1.9652687072753907
8605,1.9508626937866211
8606,2.3419179916381836
8607,2.2417016983032227
8608,2.4855907440185545
8609,2.108120155334473
8610,2.142416763305664
8611,1.9823480606079102
8612,2.417638969421387
8613,2.118752288818359
8614,2.201547050476074
8615,2.1364898681640625
8616,2.2109548568725588
8617,2.6545385360717773
8618,2.2698637008666993
8619,2.431560516357422
8620,2.110301971435547
8621,2.3526418685913084
8622,2.3803022384643553
8623,2.482517051696777
8624,2.0993844985961916
8625,2.1251697540283203
8626,1.9003776550292968
8627,2.6394073486328127
8628,2.281855583190918
8629,2.4747903823852537
8630,2.1426712036132813
8631,2.532880401611328
8632,2.372344970703125
8633,2.2299633026123047
8634,1.9250391006469727
8635,1.9197816848754883
8636,2.1390878677368166
8637,2.3133708953857424
8638,1.7648975372314453
8639,2.4183927536010743
8640,1.966306495666504
8641,2.378167915344238
8642,2.0059625625610353
8643,2.0732084274291993
8644,2.0346776962280275
8645,2.2198909759521483
8646,2.395677375793457
8647,2.178887367248535
8648,1.9246641159057618
8649,2.241495132446289
8650,2.2646656036376953
8651,2.363265800476074
8652,2.282969284057617
8653,2.3983022689819338
8654,2.160019111633301
8655,2.071109390258789
8656,2.080734634399414
8657,2.314874839782715
8658,2.2134031295776366
8659,2.1113569259643556
8660,1.8010826110839844
8661,2.247062110900879
8662,2.1646299362182617
8663,2.140962600708008
8664,1.7724809646606445
8665,2.0006391525268556
8666,2.122980308532715
8667,2.40081844329834
8668,1.8918453216552735
8669,1.6956562042236327
8670,2.456858825683594
8671,2.062052536010742
8672,2.264263725280762
8673,2.287299919128418
8674,2.15001220703125
8675,2.0876434326171873
8676,1.9626703262329102
8677,2.296502685546875
8678,2.134380912780762
8679,1.795128631591797
8680,2.4511592864990233
8681,2.1732044219970703
8682,2.316229820251465
8683,2.311808967590332
8684,2.215448188781738
8685,2.0621849060058595
8686,2.0937700271606445
8687,2.034153175354004
8688,2.0785591125488283
8689,2.0470890045166015
8690,2.3469839096069336
8691,1.7942983627319335
8692,2.0534591674804688
8693,2.0215742111206056
8694,2.6578025817871094
8695,2.061477851867676
8696,2.291609191894531
8697,2.533046913146973
8698,2.3034090042114257
8699,2.2369873046875
8700,2.133635902404785
8701,2.147556686401367
8702,1.8793079376220703
8703,2.3792863845825196
8704,2.34755802154541
8705,2.0792987823486326
8706,2.2797267913818358
8707,2.303706169128418
8708,2.2023284912109373
8709,2.119259834289551
8710,2.264867401123047
8711,2.350302314758301
8712,2.1955848693847657
8713,2.284297752380371
8714,2.216123580932617
8715,2.105887603759766
8716,2.4363082885742187
8717,1.9235454559326173
8718,1.914045524597168
8719,2.33029842376709
8720,2.019235610961914
8721,2.4801919937133787
8722,2.510843276977539
8723,2.131790351867676
8724,2.304972839355469
8725,2.315227508544922
8726,2.1995710372924804
8727,2.7456167221069334
8728,1.7391681671142578
8729,2.349076271057129
8730,2.386014938354492
8731,2.206094741821289
8732,2.127535820007324
8733,2.3292957305908204
8734,2.2321582794189454
8735,2.385079002380371
8736,2.348341941833496
8737,2.006562614440918
8738,2.260628890991211
8739,1.9856313705444335
8740,2.451307487487793
8741,1.7924766540527344
8742,2.012649345397949
8743,2.322175216674805
8744,2.3841833114624023
8745,1.911824607849121
8746,1.7388154983520507
8747,2.0146602630615233
8748,2.030386543273926
8749,2.5526844024658204
8750,2.198390769958496
8751,2.2257173538208006
8752,1.814777946472168
8753,1.9647445678710938
8754,2.222286415100098
8755,2.137649345397949
8756,2.268217086791992
8757,2.0484914779663086
8758,2.4366374969482423
8759,2.090725135803223
8760,1.930380630493164
8761,2.265347480773926
8762,2.3749902725219725
8763,2.1276016235351562
8764,2.1463632583618164
8765,2.151569938659668
8766,2.40980224609375
8767,2.425193977355957
8768,1.9900005340576172
8769,2.5177669525146484
8770,2.094271659851074
8771,2.5181018829345705
8772,1.9831104278564453
8773,2.450032043457031
8774,2.0970874786376954
8775,2.0990880966186523
8776,2.7945835113525392
8777,2.250454330444336
8778,2.0137277603149415
8779,2.521346855163574
8780,2.3021896362304686
8781,2.00577335357666
8782,2.051772689819336
8783,2.2866069793701174
8784,2.548427772521973
8785,2.215985107421875
8786,2.2804208755493165
8787,2.2137693405151366
8788,2.243808555603027
8789,2.264260673522949
8790,2.2411287307739256
8791,1.9953014373779296
8792,2.18843936920166
8793,2.087213706970215
8794,1.9775989532470704
8795,2.101724052429199
8796,2.2774755477905275
8797,1.771783447265625
8798,1.967264175415039
8799,2.409639358520508
8800,2.4442615509033203
8801,2.196280860900879
8802,2.201892852783203
8803,1.801158332824707
8804,2.427975082397461
8805,2.4585359573364256
8806,2.3499141693115235
8807,2.4921237945556642
8808,2.07513542175293
8809,2.5254776000976564
8810,2.189225959777832
8811,2.5387754440307617
8812,2.2631349563598633
8813,2.350155067443848
8814,2.343317222595215
8815,2.019640350341797
8816,1.9767208099365234
8817,2.118207550048828
8818,2.2613407135009767
8819,2.1776849746704103
8820,2.084315872192383
8821,2.006561851501465
8822,1.9740045547485352
8823,2.4018510818481444
8824,2.326818656921387
8825,2.1332412719726563
8826,2.2449213027954102
8827,2.4233531951904297
8828,2.2810031890869142
8829,2.3662500381469727
8830,2.047632598876953
8831,2.161332130432129
8832,1.8227121353149414
8833,1.9996484756469726
8834,2.32971134185791
8835,2.373390769958496
8836,2.3717676162719727
8837,2.2398162841796876
8838,2.0211053848266602
8839,2.2864023208618165
8840,2.373667526245117
8841,2.0181631088256835
8842,2.0043827056884767
8843,2.5707271575927733
8844,1.8876598358154297
8845,2.055659294128418
8846,2.1279779434204102
8847,2.29156379699707
8848,2.172382926940918
8849,2.03995304107666
8850,2.318979835510254
8851,2.1198598861694338
8852,2.5136457443237306
8853,2.791146659851074
8854,2.3111188888549803
8855,2.1585439682006835
8856,2.367420768737793
8857,1.9226051330566407
8858,1.8137922286987305
8859,2.0496850967407227
8860,2.1335016250610352
8861,2.2935861587524413
8862,2.168125343322754
8863,2.224541664123535
8864,2.142536926269531
8865,1.957464599609375
8866,2.236883544921875
8867,2.0581512451171875
8868,2.420615005493164
8869,2.4003068923950197
8870,2.1932621002197266
8871,1.9564291000366212
8872,2.5032827377319338
8873,2.3719438552856444
8874,2.7392820358276366
8875,2.2528121948242186
8876,2.4958114624023438
8877,2.135904884338379
8878,1.940541648864746
8879,2.175532913208008
8880,1.952066421508789
8881,2.0088388442993166
8882,2.115727424621582
8883,2.0877914428710938
8884,2.3434375762939452
8885,2.1762603759765624
8886,2.1947301864624023
8887,2.156523513793945
8888,2.1508947372436524
8889,2.3914115905761717
8890,2.4211517333984376
8891,2.3629383087158202
8892,2.335175704956055
8893,2.155366897583008
8894,2.347426986694336
8895,1.8090192794799804
8896,2.19824275970459
8897,2.6480064392089844
8898,2.1070526123046873
8899,1.8216670989990233
8900,2.23800106048584
8901,1.9382375717163085
8902,2.26785888671875
8903,2.020292854309082
8904,2.2900577545166017
8905,2.001546287536621
8906,1.9184148788452149
8907,2.2108869552612305
8908,2.4065170288085938
8909,2.1846336364746093
8910,2.2510379791259765
8911,1.9497623443603516
8912,2.5606863021850588
8913,2.198145866394043
8914,1.9525531768798827
8915,2.4499113082885744
8916,2.249775695800781
8917,2.1604236602783202
8918,2.443341064453125
8919,2.9485103607177736
8920,2.170040321350098
8921,2.136478042602539
8922,2.3434141159057615
8923,2.158607292175293
8924,2.0830801010131834
8925,2.285638999938965
8926,2.2413824081420897
8927,2.2825883865356444
8928,2.2554449081420898
8929,2.1041675567626954
8930,2.1391103744506834
8931,2.662348175048828
8932,2.478298377990723
8933,1.8887691497802734
8934,2.0713594436645506
8935,2.6427310943603515
8936,2.0698310852050783
8937,2.5307456970214846
8938,2.0792724609375
8939,2.1195100784301757
8940,2.142370414733887
8941,2.2714033126831055
8942,2.271778678894043
8943,2.2149946212768556
8944,2.291351890563965
8945,2.08123722076416
8946,2.2872737884521483
8947,2.2048294067382814
8948,2.2555826187133787
8949,2.414616012573242
8950,1.8105209350585938
8951,2.305729866027832
8952,2.148746871948242
8953,2.3614105224609374
8954,2.083515930175781
8955,1.8641702651977539
8956,2.180276107788086
8957,2.1834489822387697
8958,2.0498611450195314
8959,2.1284984588623046
8960,2.2533498764038087
8961,1.9751314163208007
8962,2.239968490600586
8963,2.0382713317871093
8964,2.060027503967285
8965,2.3375219345092773
8966,2.1016382217407226
8967,2.279791831970215
8968,2.1142145156860352
8969,2.5501483917236327
8970,2.291617584228516
8971,2.144576072692871
8972,2.2883411407470704
8973,2.0775827407836913
8974,2.2909059524536133
8975,1.9756181716918946
8976,2.0534082412719727
8977,2.2330398559570312
8978,2.542124557495117
8979,2.4687576293945312
8980,2.431736946105957
8981,2.4682750701904297
8982,2.3608375549316407
8983,2.050988960266113
8984,2.231471061706543
8985,2.11236629486084
8986,2.5025020599365235
8987,2.390451431274414
8988,1.9678489685058593
8989,2.4741100311279296
8990,2.1949369430541994
8991,2.124832344055176
8992,2.2356685638427733
8993,2.6252204895019533
8994,1.945741844177246
8995,2.120041847229004
8996,2.18746280670166
8997,2.1670894622802734
8998,2.4468950271606444
8999,2.637772560119629
9000,2.1417819976806642
9001,2.199396324157715
9002,2.565780258178711
9003,2.0533796310424806
9004,2.349443054199219
9005,1.9082515716552735
9006,2.5313554763793946
9007,2.2167516708374024
9008,2.2388288497924806
9009,2.036793327331543
9010,2.2435018539428713
9011,2.128251647949219
9012,2.2932079315185545
9013,2.044384765625
9014,2.4482709884643556
9015,2.1817089080810548
9016,2.150370979309082
9017,2.196218490600586
9018,2.004145050048828
9019,1.9897752761840821
9020,1.8155710220336914
9021,2.1923980712890625
9022,2.160299301147461
9023,1.8014759063720702
9024,2.1771493911743165
9025,2.120522880554199
9026,1.9319067001342773
9027,1.9098028182983398
9028,2.1075927734375
9029,2.415993309020996
9030,2.200637626647949
9031,2.557989501953125
9032,2.0565608978271483
9033,2.105192947387695
9034,1.9086526870727538
9035,2.4552141189575196
9036,2.42545166015625
9037,2.194937324523926
9038,2.5249210357666017
9039,1.9509634017944335
9040,2.474375915527344
9041,2.106840896606445
9042,2.2821109771728514
9043,2.427480125427246
9044,2.272514533996582
9045,2.211408805847168
9046,2.251692771911621
9047,2.2798301696777346
9048,2.7839279174804688
9049,2.2804119110107424
9050,2.150899887084961
9051,2.185778999328613
9052,2.447062301635742
9053,2.37205810546875
9054,1.925356674194336
9055,2.5623579025268555
9056,2.289631462097168
9057,2.025435447692871
9058,1.8449977874755858
9059,2.133212661743164
9060,2.2178672790527343
9061,2.3590724945068358
9062,2.179677963256836
9063,2.0342355728149415
9064,2.141981315612793
9065,2.2641345977783205
9066,2.075098419189453
9067,2.172245216369629
9068,2.0391244888305664
9069,2.147664451599121
9070,2.4310815811157225
9071,2.368706703186035
9072,2.054971694946289
9073,1.780080223083496
9074,2.2208784103393553
9075,1.9948163986206056
9076,2.2103038787841798
9077,2.2288827896118164
9078,1.9622587203979491
9079,2.0893171310424803
9080,2.218227577209473
9081,2.114472579956055
9082,1.8308202743530273
9083,2.13858642578125
9084,2.0635665893554687
9085,2.7383676528930665
9086,2.1029289245605467
9087,2.1056623458862305
9088,2.1156341552734377
9089,2.085692024230957
9090,2.268341636657715
9091,2.023046684265137
9092,2.000971031188965
9093,2.293965530395508
9094,1.9476699829101562
9095,2.2026086807250977
9096,2.3595788955688475
9097,2.265275573730469
9098,2.3200273513793945
9099,2.022903823852539
9100,2.436909294128418
9101,2.306133270263672
9102,1.9313608169555665
9103,2.532669448852539
9104,2.2445051193237306
9105,2.047603988647461
9106,2.2570283889770506
9107,2.1754520416259764
9108,2.1162830352783204
9109,2.039314842224121
9110,1.907007598876953
9111,2.441981315612793
9112,2.142656707763672
9113,1.9879053115844727
9114,2.3313873291015623
9115,2.0922351837158204
9116,2.2682762145996094
9117,2.257731056213379
9118,2.22091064453125
9119,1.5823677062988282
9120,2.3478025436401366
9121,2.2973405838012697
9122,2.343230628967285
9123,2.2706823348999023
9124,2.086872863769531
9125,2.2388189315795897
9126,2.207706069946289
9127,2.2413658142089843
9128,2.066507911682129
9129,2.055096435546875
9130,2.0772893905639647
9131,2.076609230041504
9132,2.2160245895385744
9133,2.1607765197753905
9134,2.0262521743774413
9135,2.297772979736328
9136,2.080683708190918
9137,2.38760929107666
9138,2.397862434387207
9139,2.1249319076538087
9140,2.102084732055664
9141,2.131826972961426
9142,2.121246910095215
9143,2.275562858581543
9144,2.1349191665649414
9145,1.883005142211914
9146,2.3017147064208983
9147,2.3288385391235353
9148,2.4077688217163087
9149,2.124787521362305
9150,2.5195920944213865
9151,1.9167661666870117
9152,2.519827651977539
9153,2.0461841583251954
9154,2.006544303894043
9155,2.2745763778686525
9156,2.1882001876831056
9157,2.0574363708496093
9158,2.393626403808594
9159,2.214154052734375
9160,1.7069055557250976
9161,2.179071807861328
9162,2.2066347122192385
9163,2.2164072036743163
9164,1.9557899475097655
9165,2.2395864486694337
9166,2.2143205642700194
9167,2.1915512084960938
9168,2.578043746948242
9169,2.2888837814331056
9170,2.255784034729004
9171,2.1537445068359373
9172,2.2629878997802733
9173,2.088513946533203
9174,2.234263610839844
9175,2.313519287109375
9176,2.2093151092529295
9177,2.0764774322509765
9178,2.4781686782836916
9179,2.3350669860839846
9180,2.3419090270996095
9181,2.3138654708862303
9182,2.441678047180176
9183,2.1306623458862304
9184,2.0028354644775392
9185,2.2241939544677733
9186,2.1765825271606447
9187,2.4092283248901367
9188,2.450211524963379
9189,2.1969709396362305
9190,2.3253828048706056
9191,1.8137020111083983
9192,2.635039710998535
9193,2.238739585876465
9194,2.2080108642578127
9195,2.4624935150146485
9196,2.2272186279296875
9197,2.1548059463500975
9198,2.0719600677490235
9199,2.4496252059936525
9200,2.3548046112060548
9201,2.1105186462402346
9202,2.1175390243530274
9203,2.1287206649780273
9204,1.9452978134155274
9205,2.6310258865356446
9206,1.9207815170288085
9207,1.9471948623657227
9208,2.2156854629516602
9209,2.218636322021484
9210,2.311254692077637
9211,2.5484813690185546
9212,1.979191780090332
9213,2.5096103668212892
9214,2.2182540893554688
9215,2.0341461181640623
9216,2.1051027297973635
9217,2.358704376220703
9218,1.8358955383300781
9219,2.242017936706543
9220,1.9444337844848634
9221,2.069236946105957
9222,1.8621906280517577
9223,2.4972787857055665
9224,2.063678741455078
9225,2.0354791641235352
9226,2.4011968612670898
9227,2.2837234497070313
9228,2.2035699844360352
9229,2.428989028930664
9230,2.1629892349243165
9231,2.381027030944824
9232,2.3603160858154295
9233,2.119292640686035
9234,2.4516178131103517
9235,2.137283706665039
9236,2.362622833251953
9237,2.4018587112426757
9238,2.3306182861328124
9239,2.7939790725708007
9240,2.16066837310791
9241,2.2838035583496095
9242,2.453265571594238
9243,2.1782863616943358
9244,2.193929672241211
9245,2.313704490661621
9246,2.1778331756591798
9247,2.2334299087524414
9248,2.001437187194824
9249,2.3410694122314455
9250,2.062532424926758
9251,2.124357986450195
9252,2.058815765380859
9253,2.289188766479492
9254,2.038410949707031
9255,2.3551303863525392
9256,2.2397642135620117
9257,2.147675323486328
9258,2.1281993865966795
9259,2.365159797668457
9260,2.257126808166504
9261,2.0254423141479494
9262,2.1976655960083007
9263,2.2894474029541017
9264,2.180923843383789
9265,2.5384206771850586
9266,2.552535629272461
9267,2.0449474334716795
9268,2.1121009826660155
9269,1.942537498474121
9270,2.2884859085083007
9271,1.8520973205566407
9272,2.061021614074707
9273,1.8120697021484375
9274,2.6841524124145506
9275,2.116669464111328
9276,2.288138771057129
9277,2.219131278991699
9278,2.129526901245117
9279,2.305033493041992
9280,2.1213651657104493
9281,2.191981315612793
9282,2.196065330505371
9283,2.2820760726928713
9284,2.065303993225098
9285,2.0467567443847656
9286,1.9430576324462892
9287,1.9195615768432617
9288,2.3675559997558593
9289,1.8720184326171876
9290,2.175049591064453
9291,2.2483715057373046
9292,2.2367536544799806
9293,2.2896074295043944
9294,2.3948846817016602
9295,2.1834720611572265
9296,2.234891891479492
9297,2.2364566802978514
9298,2.1807607650756835
9299,2.46612606048584
9300,2.2075878143310548
9301,2.6596824645996096
9302,2.2817356109619142
9303,2.387726593017578
9304,2.013755226135254
9305,1.9006275177001952
9306,2.2269771575927733
9307,2.336706352233887
9308,2.1626611709594727
9309,2.186976432800293
9310,2.3325759887695314
9311,2.3035957336425783
9312,2.1521196365356445
9313,2.174665069580078
9314,2.327182579040527
9315,2.4645408630371093
9316,2.43823299407959
9317,2.1237966537475588
9318,2.1835437774658204
9319,2.2055335998535157
9320,2.2714033126831055
9321,2.1809354782104493
9322,1.8993833541870118
9323,2.191734504699707
9324,2.18646125793457
9325,2.3021921157836913
9326,2.3987565994262696
9327,1.9971189498901367
9328,2.1195159912109376
9329,2.4372585296630858
9330,2.1514183044433595
9331,1.8897539138793946
9332,2.18515625
9333,2.560486602783203
9334,2.274601936340332
9335,1.958327865600586
9336,2.4987842559814455
9337,2.0439451217651365
9338,2.3521392822265623
9339,2.1182954788208006
9340,2.099658203125
9341,2.7717329025268556
9342,2.3466922760009767
9343,2.090640830993652
9344,2.2464195251464845
9345,2.291315460205078
9346,2.061513137817383
9347,2.1696407318115236
9348,2.418872833251953
9349,2.389826011657715
9350,1.9028995513916016
9351,2.135001564025879
9352,2.393357849121094
9353,1.9575981140136718
9354,2.351474571228027
9355,2.351924514770508
9356,2.166234016418457
9357,1.9657089233398437
9358,2.4921794891357423
9359,2.312382125854492
9360,2.289253807067871
9361,2.272919273376465
9362,2.3268218994140626
9363,1.8516998291015625
9364,2.4338878631591796
9365,2.4975208282470702
9366,1.9216201782226563
9367,2.1976261138916016
9368,2.4993358612060548
9369,2.536427307128906
9370,2.2328075408935546
9371,2.039927673339844
9372,2.3358299255371096
9373,2.1057939529418945
9374,2.5076011657714843
9375,2.0467451095581053
9376,2.5798213958740233
9377,1.9573688507080078
9378,2.5368274688720702
9379,2.0860414505004883
9380,1.9434534072875977
9381,2.013863182067871
9382,1.8356193542480468
9383,2.1945613861083983
9384,2.33370304107666
9385,1.8891990661621094
9386,2.430972099304199
9387,2.2362621307373045
9388,2.027173614501953
9389,2.4949522018432617
9390,2.3708724975585938
9391,2.4568275451660155
9392,2.208882713317871
9393,2.10330867767334
9394,2.2009801864624023
9395,2.127436065673828
9396,2.2945188522338866
9397,2.1437662124633787
9398,2.2312189102172852
9399,1.9836711883544922
9400,2.415029525756836
9401,2.247710418701172
9402,2.306930923461914
9403,2.0439617156982424
9404,2.2939403533935545
9405,2.204508399963379
9406,2.403854751586914
9407,2.164850044250488
9408,2.0859970092773437
9409,1.9684226989746094
9410,2.076034355163574
9411,2.0977190017700194
9412,2.2504804611206053
9413,1.923390007019043
9414,2.171553611755371
9415,2.1566953659057617
9416,2.396834945678711
9417,2.147603988647461
9418,2.168278121948242
9419,2.464539337158203
9420,2.0256679534912108
9421,2.069281005859375
9422,2.404793548583984
9423,1.8933835983276368
9424,2.3779884338378907
9425,1.9142330169677735
9426,1.8454362869262695
9427,2.0883129119873045
9428,2.2006324768066405
9429,2.343986701965332
9430,2.180180549621582
9431,2.1693233489990233
9432,2.5023393630981445
9433,2.5804716110229493
9434,1.9735588073730468
9435,1.9610992431640626
9436,2.4309463500976562
9437,2.3225353240966795
9438,1.8278078079223632
9439,2.466216468811035
9440,2.393412208557129
9441,2.276419258117676
9442,1.9594341278076173
9443,2.2877988815307617
9444,2.4290372848510744
9445,2.221573257446289
9446,1.6986661911010743
9447,2.209105110168457
9448,2.105342674255371
9449,1.9538110733032226
9450,1.9282951354980469
9451,2.5291778564453127
9452,1.944983673095703
9453,1.821834182739258
9454,2.4119232177734373
9455,2.268764114379883
9456,2.2873119354248046
9457,2.5392219543457033
9458,2.35699405670166
9459,2.6129295349121096
9460,2.2058252334594726
9461,2.2564754486083984
9462,2.3084815979003905
9463,2.2619226455688475
9464,1.9906429290771483
9465,2.203557586669922
9466,1.9931119918823241
9467,2.610363006591797
9468,2.149526596069336
9469,2.1863691329956056
9470,2.418538284301758
9471,2.3857837677001954
9472,2.0675519943237304
9473,2.312751579284668
9474,2.5190780639648436
9475,1.8004056930541992
9476,2.1328413009643556
9477,2.121024513244629
9478,2.314447021484375
9479,2.3171802520751954
9480,2.3970836639404296
9481,2.145319175720215
9482,2.0636159896850588
9483,2.1778100967407226
9484,2.4032899856567385
9485,2.2069156646728514
9486,2.0768863677978517
9487,2.3486013412475586
9488,2.124393272399902
9489,2.1748607635498045
9490,2.2825193405151367
9491,2.3873096466064454
9492,2.503447723388672
9493,2.1211917877197264
9494,2.2932104110717773
9495,2.6018436431884764
9496,2.6124170303344725
9497,2.310347557067871
9498,1.8822803497314453
9499,1.7426950454711914
9500,2.1278560638427733
9501,2.3317596435546877
9502,2.0625659942626955
9503,1.7411396026611328
9504,2.2603052139282225
9505,2.1829559326171877
9506,2.1932403564453127
9507,2.3833770751953125
9508,2.582354736328125
9509,2.1507116317749024
9510,1.9206811904907226
9511,2.239261817932129
9512,2.6327857971191406
9513,2.4073036193847654
9514,2.004546546936035
9515,2.636183738708496
9516,2.1685924530029297
9517,2.40728874206543
9518,1.8937501907348633
9519,2.3625768661499023
9520,2.3080692291259766
9521,2.053580665588379
9522,2.0492341995239256
9523,2.025729942321777
9524,2.294580268859863
9525,1.994856834411621
9526,2.031053924560547
9527,1.9540861129760743
9528,2.212417411804199
9529,2.0762935638427735
9530,2.089735221862793
9531,1.8589269638061523
9532,1.9735635757446288
9533,2.132473945617676
9534,1.8234292984008789
9535,1.9941465377807617
9536,2.1022836685180666
9537,2.201854133605957
9538,2.3042606353759765
9539,2.4621015548706056
9540,2.246223258972168
9541,2.056268501281738
9542,2.106348419189453
9543,2.310542869567871
9544,1.9589330673217773
9545,1.8638404846191405
9546,2.364352226257324
9547,2.0843624114990233
9548,1.905687141418457
9549,1.9833494186401368
9550,2.3666833877563476
9551,1.9210481643676758
9552,2.043366241455078
9553,2.2394542694091797
9554,2.31404972076416
9555,2.313770866394043
9556,2.1462636947631837
9557,2.3610578536987306
9558,2.229458808898926
9559,1.8802404403686523
9560,2.3067481994628904
9561,2.207844543457031
9562,1.8719318389892579
9563,2.400273895263672
9564,2.10115966796875
9565,1.9545534133911133
9566,2.2384740829467775
9567,2.3017295837402343
9568,2.130762481689453
9569,2.246539497375488
9570,2.118496894836426
9571,2.238992691040039
9572,1.8602210998535156
9573,2.156361389160156
9574,1.9728885650634767
9575,1.8410022735595704
9576,2.0994701385498047
9577,2.1743396759033202
9578,2.396137237548828
9579,2.574573516845703
9580,2.2931665420532226
9581,2.2611995697021485
9582,2.28362979888916
9583,2.5685165405273436
9584,2.271895980834961
9585,2.172754669189453
9586,2.389823341369629
9587,2.540523147583008
9588,2.4392581939697267
9589,2.4492633819580076
9590,2.426646614074707
9591,2.6700727462768556
9592,2.1613317489624024
9593,2.108036994934082
9594,1.9425928115844726
9595,2.1379064559936523
9596,2.2135395050048827
9597,2.2506921768188475
9598,1.9974817276000976
9599,2.2791893005371096
9600,2.2711063385009767
9601,1.8365171432495118
9602,2.271647262573242
9603,2.235907554626465
9604,2.0504081726074217
9605,1.7683528900146483
9606,2.223875617980957
9607,2.188498878479004
9608,2.2392688751220704
9609,2.043711471557617
9610,2.3038457870483398
9611,2.119640922546387
9612,1.8857856750488282
9613,2.2178876876831053
9614,2.368707847595215
9615,2.2043893814086912
9616,2.1542631149291993
9617,2.188975143432617
9618,2.617727851867676
9619,1.866927146911621
9620,2.397731399536133
9621,1.8434270858764648
9622,2.4158870697021486
9623,1.887944793701172
9624,1.9883319854736328
9625,2.365887451171875
9626,1.9235017776489258
9627,2.024074745178223
9628,1.9554126739501954
9629,2.3638349533081056
9630,2.4484655380249025
9631,2.28286075592041
9632,2.2424091339111327
9633,2.1887844085693358
9634,2.1421621322631834
9635,2.0986948013305664
9636,2.4002485275268555
9637,1.7848501205444336
9638,2.2342708587646483
9639,2.3273412704467775
9640,2.1909542083740234
9641,2.2784564971923826
9642,2.222230339050293
9643,2.335319709777832
9644,2.2855640411376954
9645,2.7129383087158203
9646,2.247165870666504
9647,2.0571054458618163
9648,2.3876771926879883
9649,2.371596908569336
9650,2.2209402084350587
9651,1.8818124771118163
9652,2.2084287643432616
9653,2.2739606857299806
9654,1.925284194946289
9655,2.1433902740478517
9656,2.2844614028930663
9657,2.343083381652832
9658,2.4340282440185548
9659,2.3643245697021484
9660,2.1248186111450194
9661,2.5049274444580076
9662,2.1817256927490236
9663,2.20522518157959
9664,2.1595590591430662
9665,2.494840621948242
9666,2.413601112365723
9667,2.1211851119995115
9668,2.263065528869629
9669,2.265507698059082
9670,1.767392921447754
9671,2.1347103118896484
9672,2.286301040649414
9673,1.896382713317871
9674,2.3352432250976562
9675,2.4020275115966796
9676,2.5507156372070314
9677,2.038130760192871
9678,2.5538684844970705
9679,2.2105398178100586
9680,2.268879508972168
9681,2.078924369812012
9682,2.399037170410156
9683,2.199655532836914
9684,2.733828544616699
9685,2.2385801315307616
9686,2.1979816436767576
9687,2.066612434387207
9688,1.6588783264160156
9689,2.0318557739257814
9690,2.306264305114746
9691,2.1417110443115233
9692,2.2710344314575197
9693,2.4116064071655274
9694,2.1941951751708983
9695,2.104621696472168
9696,2.026012420654297
9697,1.9748838424682618
9698,1.9209369659423827
9699,2.4487977981567384
9700,2.240948486328125
9701,2.2475559234619142
9702,2.154463195800781
9703,2.561062049865723
9704,2.198058319091797
9705,2.2605754852294924
9706,1.946649932861328
9707,2.1793439865112303
9708,2.203058052062988
9709,2.069302558898926
9710,2.0980552673339843
9711,2.1730411529541014
9712,2.5385555267333983
9713,2.1032503128051756
9714,2.168221092224121
9715,2.224252700805664
9716,1.9447566986083984
9717,2.1281902313232424
9718,1.9148042678833008
9719,2.108388137817383
9720,2.464632987976074
9721,2.0279376983642576
9722,2.1846343994140627
9723,2.520413398742676
9724,2.5249683380126955
9725,2.3840660095214843
9726,1.9769109725952148
9727,2.3916790008544924
9728,2.539304733276367
9729,1.9043182373046874
9730,2.0103076934814452
9731,2.167429733276367
9732,2.2709651947021485
9733,2.231932258605957
9734,2.160885810852051
9735,2.169426155090332
9736,2.251902961730957
9737,2.2931760787963866
9738,1.9215990066528321
9739,2.2284189224243165
9740,1.8228961944580078
9741,2.011600685119629
9742,2.272875213623047
9743,2.4190330505371094
9744,2.421371269226074
9745,2.0860921859741213
9746,1.9133255004882812
9747,2.4770061492919924
9748,2.088013458251953
9749,2.1560623168945314
9750,2.140536880493164
9751,2.3117963790893556
9752,2.220144844055176
9753,2.205333709716797
9754,2.1293853759765624
9755,2.0025617599487306
9756,2.4761510848999024
9757,2.001799201965332
9758,2.039028549194336
9759,2.393675994873047
9760,2.128359794616699
9761,2.249808120727539
9762,2.2313558578491213
9763,2.204660987854004
9764,2.37888126373291
9765,2.268818664550781
9766,2.3537660598754884
9767,2.0709659576416017
9768,1.7830759048461915
9769,2.6805561065673826
9770,2.2612380981445312
9771,2.282509422302246
9772,2.024408149719238
9773,2.3023092269897463
9774,1.9792135238647461
9775,2.4391984939575195
9776,1.8246854782104491
9777,2.170188140869141
9778,1.8922609329223632
9779,2.0651039123535155
9780,1.948625373840332
9781,2.402292251586914
9782,2.7945392608642576
9783,2.1358386993408205
9784,2.1352746963500975
9785,2.4266695022583007
9786,2.291061782836914
9787,2.325844955444336
9788,1.901449966430664
9789,1.9967227935791017
9790,1.9197967529296875
9791,2.2784801483154298
9792,1.911832046508789
9793,1.8362154006958007
9794,2.079974555969238
9795,2.3439340591430664
9796,2.0719228744506837
9797,1.9079702377319336
9798,2.3535011291503904
9799,1.9796388626098633
9800,2.1064329147338867
9801,2.2704578399658204
9802,2.0829675674438475
9803,1.8293632507324218
9804,1.953201675415039
9805,2.419357681274414
9806,2.0505876541137695
9807,1.9172950744628907
9808,2.2667348861694334
9809,2.4628932952880858
9810,2.3793127059936525
9811,2.3654605865478517
9812,2.484432601928711
9813,2.3936946868896483
9814,2.354886054992676
9815,1.7831161499023438
9816,2.2769033432006838
9817,1.9973211288452148
9818,2.104891777038574
9819,1.7460966110229492
9820,2.183258056640625
9821,2.607172393798828
9822,2.1085283279418947
9823,2.2271751403808593
9824,1.9201807022094726
9825,1.9812898635864258
9826,2.138888931274414
9827,2.0915348052978517
9828,2.5730438232421875
9829,2.320541000366211
9830,2.1492319107055664
9831,2.3296279907226562
9832,1.9882024765014648
9833,2.588718605041504
9834,2.2328004837036133
9835,2.1091867446899415
9836,2.563334274291992
9837,2.154132843017578
9838,2.237399673461914
9839,2.787984848022461
9840,1.761551856994629
9841,2.3495378494262695
9842,2.1444591522216796
9843,2.405364227294922
9844,2.1123493194580076
9845,1.9224689483642579
9846,2.151072692871094
9847,2.258738136291504
9848,2.1044097900390626
9849,2.6505237579345704
9850,2.2481357574462892
9851,2.2718442916870116
9852,2.067184638977051
9853,2.71295051574707
9854,2.326970672607422
9855,2.109462547302246
9856,2.2087804794311525
9857,2.1106048583984376
9858,2.019570159912109
9859,2.2492839813232424
9860,1.9235427856445313
9861,2.202164077758789
9862,2.140462112426758
9863,2.64180850982666
9864,2.3551626205444336
9865,2.2498506546020507
9866,2.0366138458251952
9867,2.178592300415039
9868,2.41044921875
9869,2.1289131164550783
9870,2.0901554107666014
9871,2.0649650573730467
9872,2.511736297607422
9873,1.8453737258911134
9874,1.9237091064453125
9875,2.4043807983398438
9876,1.895254135131836
9877,2.1522218704223635
9878,2.0661251068115236
9879,2.4628631591796877
9880,2.1123538970947267
9881,2.176121711730957
9882,2.308309555053711
9883,2.7449302673339844
9884,1.7629192352294922
9885,2.164327621459961
9886,2.1329750061035155
9887,2.176687812805176
9888,1.9200132369995118
9889,2.389617347717285
9890,2.1581064224243165
9891,2.2439069747924805
9892,2.435534858703613
9893,2.3448116302490236
9894,2.5155126571655275
9895,2.4591802597045898
9896,2.140291213989258
9897,2.2972339630126952
9898,2.002651596069336
9899,2.5686742782592775
9900,2.152243804931641
9901,2.443718910217285
9902,2.036488151550293
9903,2.165635681152344
9904,2.068210792541504
9905,2.412045478820801
9906,2.224575996398926
9907,2.118892860412598
9908,2.4381914138793945
9909,2.2285079956054688
9910,2.3537384033203126
9911,2.3099388122558593
9912,2.484587287902832
9913,2.0008966445922853
9914,2.204734230041504
9915,1.9970037460327148
9916,2.525257682800293
9917,2.3204612731933594
9918,2.5698991775512696
9919,1.9393848419189452
9920,2.028062438964844
9921,2.402291679382324
9922,2.380175971984863
9923,2.4192293167114256
9924,2.678079605102539
9925,2.4875795364379885
9926,1.9214807510375977
9927,2.75018367767334
9928,2.167057418823242
9929,2.1156328201293944
9930,2.2652482986450195
9931,1.9923810958862305
9932,2.027111625671387
9933,2.1320516586303713
9934,2.1145395278930663
9935,2.392420768737793
9936,2.2057966232299804
9937,1.819563102722168
9938,2.272525405883789
9939,1.6045112609863281
9940,2.3805479049682616
9941,2.2023828506469725
9942,2.1157875061035156
9943,2.182334327697754
9944,1.9480945587158203
9945,2.258228874206543
9946,2.1645689010620117
9947,2.1810121536254883
9948,1.9242561340332032
9949,2.261837196350098
9950,2.2267555236816405
9951,2.131081771850586
9952,1.757633590698242
9953,2.192152214050293
9954,2.155020332336426
9955,2.0774330139160155
9956,2.148551177978516
9957,2.2694997787475586
9958,2.1180416107177735
9959,2.338027763366699
9960,2.11991024017334
9961,2.1192773818969726
9962,2.230607604980469
9963,2.1168968200683596
9964,2.0381982803344725
9965,2.3251501083374024
9966,2.4487373352050783
9967,2.168325424194336
9968,2.4965078353881838
9969,2.0354082107543947
9970,2.4541580200195314
9971,2.09008731842041
9972,2.2635053634643554
9973,2.205788421630859
9974,2.230453681945801
9975,2.7243839263916017
9976,2.9275444030761717
9977,1.8914283752441405
9978,2.4781366348266602
9979,2.4609102249145507
9980,2.3298852920532225
9981,1.9573450088500977
9982,2.3147710800170898
9983,2.2261219024658203
9984,2.2638187408447266
9985,1.9227485656738281
9986,2.3082605361938477
9987,2.261210250854492
9988,2.1952537536621093
9989,2.2279829025268554
9990,2.1286170959472654
9991,2.1110477447509766
9992,2.1339073181152344
9993,1.8475334167480468
9994,2.2889404296875
9995,1.7156484603881836
9996,2.2962614059448243
9997,2.0161489486694335
9998,2.6116558074951173
9999,1.8461221694946288
10000,1.99145450592041
10001,2.369526672363281
10002,2.239073944091797
10003,2.1142303466796877
10004,2.0079065322875977
10005,2.4412137985229494
10006,2.2112142562866213
10007,2.439942169189453
10008,2.2762027740478517
10009,2.507954788208008
10010,2.3617759704589845
10011,2.3397092819213867
10012,2.462089729309082
10013,1.8400714874267579
10014,2.167596626281738
10015,2.5894521713256835
10016,2.2912761688232424
10017,2.318345642089844
10018,2.0724555969238283
10019,2.63394718170166
10020,1.9615901947021483
10021,3.1398122787475584
10022,2.1106599807739257
10023,1.81451416015625
10024,2.1548883438110353
10025,2.2724336624145507
10026,2.589367485046387
10027,2.210582160949707
10028,2.345090866088867
10029,2.4006935119628907
10030,2.031983757019043
10031,2.37261848449707
10032,2.2606584548950197
10033,2.4089496612548826
10034,2.157025909423828
10035,2.043468475341797
10036,2.3476627349853514
10037,2.762548637390137
10038,2.144298553466797
10039,2.1261600494384765
10040,1.9917610168457032
10041,2.1664501190185548
10042,1.8048919677734374
10043,2.327916145324707
10044,2.2957941055297852
10045,2.4637603759765625
10046,1.9840251922607421
10047,2.4081716537475586
10048,2.117098808288574
10049,2.4608684539794923
10050,1.7600673675537108
10051,2.2274330139160154
10052,2.1866308212280274
10053,1.9187421798706055
10054,2.1644882202148437
10055,2.429241180419922
10056,2.5972585678100586
10057,2.4764148712158205
10058,2.046217918395996
10059,2.334874725341797
10060,2.0811439514160157
10061,2.3693510055541993
10062,2.3501846313476564
10063,2.0970342636108397
10064,1.8540685653686524
10065,2.5784156799316404
10066,2.0752029418945312
10067,2.267368507385254
10068,2.598307991027832
10069,1.9928581237792968
10070,2.1861587524414063
10071,2.142027473449707
10072,2.559848594665527
10073,2.3294967651367187
10074,2.2190242767333985
10075,2.0408498764038088
10076,2.5020944595336916
10077,2.1719436645507812
10078,2.556304931640625
10079,1.9713462829589843
10080,1.9735605239868164
10081,1.9585901260375977
10082,2.32946662902832
10083,2.2159427642822265
10084,2.105836296081543
10085,2.463722801208496
10086,2.2787548065185548
10087,1.8533863067626952
10088,1.8308650970458984
10089,2.1510725021362305
10090,2.2083967208862303
10091,2.360941696166992
10092,2.228751373291016
10093,2.0502166748046875
10094,2.305822563171387
10095,2.1723501205444338
10096,2.1431779861450195
10097,1.959996795654297
10098,1.917396354675293
10099,2.1672760009765626
10100,2.6018815994262696
10101,2.411544990539551
10102,2.3488037109375
10103,2.1106082916259767
10104,2.040865898132324
10105,1.951003074645996
10106,2.149870491027832
10107,2.1082921981811524
10108,2.0942266464233397
10109,1.9764543533325196
10110,2.0870622634887694
10111,2.153787612915039
10112,2.1497650146484375
10113,2.3961530685424806
10114,2.3958520889282227
10115,2.232853889465332
10116,1.8393705368041993
10117,2.0665149688720703
10118,2.4001590728759767
10119,2.109947395324707
10120,2.3221414566040037
10121,2.6503904342651365
10122,2.1746402740478517
10123,1.9153318405151367
10124,1.969762420654297
10125,2.0565073013305666
10126,2.236291694641113
10127,2.251766586303711
10128,2.320430374145508
10129,2.0621610641479493
10130,2.5388057708740233
10131,2.3431753158569335
10132,2.318119430541992
10133,2.2376428604125977
10134,2.1274486541748048
10135,1.7809787750244142
10136,2.139818572998047
10137,2.218328094482422
10138,2.2556652069091796
10139,2.407038116455078
10140,1.9668333053588867
10141,2.062820816040039
10142,1.9784305572509766
10143,1.9168554306030274
10144,2.20062313079834
10145,2.3908466339111327
10146,2.20194149017334
10147,2.142390251159668
10148,2.1108413696289063
10149,2.099864387512207
10150,2.0194881439208983
10151,1.9609403610229492
10152,2.1106916427612306
10153,2.216476821899414
10154,2.229612350463867
10155,2.0918750762939453
10156,2.386627197265625
10157,2.0214900970458984
10158,2.330996513366699
10159,2.1676679611206056
10160,2.2717832565307616
10161,2.4034749984741213
10162,1.8873411178588868
10163,2.252796745300293
10164,1.9294183731079102
10165,2.333302688598633
10166,2.1463750839233398
10167,2.1997499465942383
10168,2.7599597930908204
10169,2.136829948425293
10170,2.2181985855102537
10171,2.4292917251586914
10172,2.1568367004394533
10173,2.1028011322021483
10174,2.4014057159423827
10175,2.23087100982666
10176,2.3874534606933593
10177,2.1852935791015624
10178,2.0734746932983397
10179,1.9605709075927735
10180,2.3680004119873046
10181,1.873063087463379
10182,2.3270679473876954
10183,2.179720878601074
10184,2.2835363388061523
10185,2.241451454162598
10186,2.2056516647338866
10187,2.0744565963745116
10188,2.239705276489258
10189,2.35115966796875
10190,2.1879377365112305
10191,2.3882114410400392
10192,2.2638307571411134
10193,2.468404769897461
10194,2.2525302886962892
10195,2.0325576782226564
10196,2.219318962097168
10197,2.21431941986084
10198,2.012528991699219
10199,2.277888298034668
10200,2.2889263153076174
10201,1.9959281921386718
10202,2.2998924255371094
10203,2.18518180847168
10204,2.0125045776367188
10205,1.9506786346435547
10206,2.077539825439453
10207,2.325608825683594
10208,2.359943962097168
10209,2.331574630737305
10210,1.9448808670043944
10211,2.2036094665527344
10212,2.27493896484375
10213,2.3041791915893555
10214,2.3030363082885743
10215,2.0436479568481447
10216,2.656443977355957
10217,2.218923568725586
10218,2.473644828796387
10219,2.1793848037719727
10220,2.3078134536743162
10221,2.3998344421386717
10222,2.3761213302612303
10223,1.8813959121704102
10224,2.085619354248047
10225,2.181045913696289
10226,2.0347665786743163
10227,2.2886636734008787
10228,2.3617538452148437
10229,1.9767030715942382
10230,2.462691307067871
10231,1.8984180450439454
10232,2.256161689758301
10233,1.8098711013793944
10234,2.275895118713379
10235,2.0629030227661134
10236,2.1301156997680666
10237,1.8049156188964843
10238,1.8955778121948241
10239,1.9691116333007812
10240,2.2257736206054686
10241,2.079736328125
10242,2.116616058349609
10243,2.394231414794922
10244,2.3084665298461915
10245,2.059691047668457
10246,1.9747325897216796
10247,2.0199207305908202
10248,2.428282928466797
10249,2.250618743896484
10250,2.3681140899658204
10251,2.200041961669922
10252,2.649104118347168
10253,2.2373796463012696
10254,2.335077476501465
10255,1.9682126998901368
10256,1.8370384216308593
10257,2.316512680053711
10258,2.425703239440918
10259,2.324406623840332
10260,2.2577417373657225
10261,2.231952095031738
10262,2.3843624114990236
10263,2.633838653564453
10264,2.276750373840332
10265,2.335041618347168
10266,2.1388580322265627
10267,1.8358280181884765
10268,2.5009078979492188
10269,2.3193828582763674
10270,2.094976806640625
10271,1.7634214401245116
10272,2.1977182388305665
10273,2.2155385971069337
10274,2.000908851623535
10275,2.1947938919067385
10276,2.4974327087402344
10277,2.165801429748535
10278,2.6510892868041993
10279,2.3759176254272463
10280,2.015521430969238
10281,2.4411642074584963
10282,2.801814842224121
10283,2.5857873916625977
10284,2.221583366394043
10285,2.628559875488281
10286,2.232741928100586
10287,2.0128238677978514
10288,2.5483774185180663
10289,1.8714759826660157
10290,2.286106300354004
10291,2.0106389999389647
10292,2.3763090133666993
10293,2.0402652740478517
10294,2.561161422729492
10295,2.0402864456176757
10296,2.3973060607910157
10297,2.3929327011108397
10298,2.2620159149169923
10299,1.9800504684448241
10300,2.0910449981689454
10301,2.385232162475586
10302,2.6168292999267577
10303,1.9072568893432618
10304,2.520722198486328
10305,2.3735265731811523
10306,2.1924705505371094
10307,2.3309299468994142
10308,2.295513916015625
10309,2.1533164978027344
10310,2.0488164901733397
10311,2.278215789794922
10312,2.133608818054199
10313,2.20083065032959
10314,2.239956092834473
10315,2.2483198165893556
10316,1.9049648284912108
10317,2.3029897689819334
10318,2.3491743087768553
10319,2.413506507873535
10320,2.2178768157958983
10321,2.063507843017578
10322,1.9891927719116211
10323,2.2385066986083983
10324,2.0425865173339846
10325,2.1400482177734377
10326,2.11264591217041
10327,1.7127614974975587
10328,2.3816143035888673
10329,2.3428228378295897
10330,2.420622634887695
10331,2.194991683959961
10332,2.2483795166015623
10333,1.8617919921875
10334,2.0582983016967775
10335,2.065763473510742
10336,2.436043357849121
10337,1.7642868041992188
10338,2.2409982681274414
10339,2.1636194229125976
10340,2.031687927246094
10341,2.2716958999633787
10342,2.1975101470947265
10343,2.839193916320801
10344,2.087931251525879
10345,2.4949655532836914
10346,2.075796127319336
10347,2.2417415618896483
10348,1.8659730911254884
10349,2.0889053344726562
10350,2.2167695999145507
10351,2.0580318450927733
10352,2.191925811767578
10353,2.1458738327026365
10354,2.529612922668457
10355,2.4811100006103515
10356,2.8536548614501953
10357,2.330158996582031
10358,2.5075056076049806
10359,2.4961429595947267
10360,2.2761323928833006
10361,2.2990629196166994
10362,1.9391748428344726
10363,2.457067680358887
10364,2.0778573989868163
10365,1.9876884460449218
10366,2.066339302062988
10367,1.995102882385254
10368,2.017626190185547
10369,2.299441337585449
10370,2.5305412292480467
10371,2.5426401138305663
10372,1.8887668609619142
10373,2.226322364807129
10374,2.1244577407836913
10375,1.9161336898803711
10376,2.1420724868774412
10377,2.415093421936035
10378,2.4017719268798827
10379,2.261987495422363
10380,1.8781558990478515
10381,2.498222541809082
10382,2.313031005859375
10383,2.42410945892334
10384,1.9047319412231445
10385,2.224271774291992
10386,2.228181838989258
10387,2.2863624572753904
10388,2.150933837890625
10389,2.279933738708496
10390,2.294472885131836
10391,2.417634963989258
10392,2.173844337463379
10393,2.1357000350952147
10394,1.9156017303466797
10395,2.4122406005859376
10396,2.453214645385742
10397,2.099458694458008
10398,2.3115787506103516
10399,2.3304452896118164
10400,2.2439767837524416
10401,2.641976547241211
10402,2.2088960647583007
10403,2.2739595413208007
10404,2.8735124588012697
10405,2.187614631652832
10406,1.9293773651123047
10407,2.4056442260742186
10408,1.9657289505004882
10409,1.9502771377563477
10410,2.399663734436035
10411,2.1479644775390625
10412,2.133639335632324
10413,2.118369293212891
10414,2.1540721893310546
10415,2.2451242446899413
10416,2.142875099182129
10417,2.641779136657715
10418,2.1231639862060545
10419,2.3156459808349608
10420,2.197532844543457
10421,1.913523292541504
10422,2.4750242233276367
10423,2.237619972229004
10424,2.2384466171264648
10425,2.118568229675293
10426,2.2780124664306642
10427,2.6342693328857423
10428,2.117681121826172
10429,2.630750846862793
10430,1.8670783996582032
10431,2.236505699157715
10432,2.4537357330322265
10433,2.279104232788086
10434,2.2251115798950196
10435,2.1307292938232423
10436,2.0888896942138673
10437,1.730792236328125
10438,2.062602996826172
10439,2.198562240600586
10440,2.472812843322754
10441,2.3529253005981445
10442,2.1404869079589846
10443,2.7738969802856444
10444,2.2206628799438475
10445,2.331478500366211
10446,2.152857780456543
10447,2.3659988403320313
10448,2.2151479721069336
10449,2.437374305725098
10450,2.3868650436401366
10451,2.1302749633789064
10452,2.1473577499389647
10453,2.099044609069824
10454,2.299666404724121
10455,2.459354209899902
10456,2.215232276916504
10457,2.183475685119629
10458,2.168981170654297
10459,2.0559757232666014
10460,2.640766143798828
10461,2.1394649505615235
10462,1.9392778396606445
10463,2.450213623046875
10464,2.1285018920898438
10465,2.058797264099121
10466,2.002919387817383
10467,2.1906457901000977
10468,2.2831518173217775
10469,2.2126323699951174
10470,2.1619522094726564
10471,2.3228618621826174
10472,2.212866020202637
10473,2.4607534408569336
10474,2.3715187072753907
10475,2.2540361404418947
10476,2.0406461715698243
10477,1.9293052673339843
10478,1.925191307067871
10479,2.1815719604492188
10480,2.4770809173583985
10481,2.5541881561279296
10482,2.128361701965332
10483,2.3004476547241213
10484,2.1233449935913087
10485,2.765656852722168
10486,1.5512214660644532
10487,2.1645685195922852
10488,2.079002571105957
10489,2.422750473022461
10490,2.21417179107666
10491,2.2887924194335936
10492,2.199858474731445
10493,2.2219791412353516
10494,2.0145135879516602
10495,2.348612976074219
10496,1.9780088424682618
10497,2.0979433059692383
10498,2.1203269958496094
10499,2.319903564453125
10500,2.3100242614746094
10501,2.508738708496094
10502,1.950660514831543
10503,2.2537736892700195
10504,2.2170860290527346
10505,2.3507064819335937
10506,2.0007537841796874
10507,2.239289093017578
10508,2.289310073852539
10509,2.2609954833984376
10510,2.3560955047607424
10511,2.1507375717163084
10512,2.05697078704834
10513,2.115937614440918
10514,1.9257392883300781
10515,2.4699853897094726
10516,2.3865406036376955
10517,2.014542007446289
10518,2.0843765258789064
10519,2.169707107543945
10520,2.11375732421875
10521,2.1425704956054688
10522,2.2358556747436524
10523,1.760676956176758
10524,2.771102523803711
10525,2.344000244140625
10526,2.324783706665039
10527,2.2678255081176757
10528,1.731306266784668
10529,2.1621204376220704
10530,2.1051740646362305
10531,2.128672790527344
10532,2.0420902252197264
10533,2.277273941040039
10534,2.5735967636108397
10535,2.006970977783203
10536,2.3005369186401365
10537,2.1247737884521483
10538,2.1865734100341796
10539,2.104327583312988
10540,2.360573959350586
10541,2.325006675720215
10542,1.9714458465576172
10543,2.2305912017822265
10544,2.1018463134765626
10545,2.206972122192383
10546,2.1749473571777345
10547,2.287483024597168
10548,2.0814496994018556
10549,2.330989646911621
10550,2.3137981414794924
10551,2.5099998474121095
10552,1.8234506607055665
10553,1.990373420715332
10554,2.093593978881836
10555,2.231731414794922
10556,2.1385614395141603
10557,1.9544775009155273
10558,1.9582258224487306
10559,2.462440299987793
10560,1.8016056060791015
10561,1.9518938064575195
10562,2.1698226928710938
10563,2.2231632232666017
10564,2.4560531616210937
10565,2.116568946838379
10566,2.6863658905029295
10567,1.9730260848999024
10568,2.2481290817260744
10569,2.1659435272216796
10570,2.2982725143432616
10571,1.9869207382202148
10572,2.4002286911010744
10573,2.1509761810302734
10574,2.3103607177734373
10575,2.4098886489868163
10576,2.4917158126831054
10577,2.2720878601074217
10578,2.1448440551757812
10579,1.866217041015625
10580,2.4389238357543945
10581,1.974142837524414
10582,2.152806854248047
10583,2.3927804946899416
10584,2.2144617080688476
10585,2.5227338790893556
10586,2.011800003051758
10587,2.1856969833374023
10588,2.2097599029541017
10589,2.068867874145508
10590,2.2843883514404295
10591,2.1408206939697267
10592,2.367949867248535
10593,1.7793777465820313
10594,2.247572326660156
10595,1.9741167068481444
10596,2.2660715103149416
10597,2.4162771224975588
10598,2.300701904296875
10599,2.3731416702270507
10600,2.376817321777344
10601,1.9568880081176758
10602,2.233683204650879
10603,2.0068552017211916
10604,2.4071306228637694
10605,2.11181640625
10606,2.0365652084350585
10607,2.317913818359375
10608,2.392823600769043
10609,1.9727834701538085
10610,2.355782127380371
10611,2.107272148132324
10612,1.9287023544311523
10613,2.2094568252563476
10614,2.1725000381469726
10615,2.3310293197631835
10616,2.4192331314086912
10617,2.3572885513305666
10618,2.2431726455688477
10619,2.6402101516723633
10620,2.1088493347167967
10621,2.3541566848754885
10622,2.1373340606689455
10623,2.217276382446289
10624,2.1099266052246093
10625,1.986536979675293
10626,2.52063102722168
10627,2.326881217956543
10628,2.2900997161865235
10629,2.1238203048706055
10630,2.0911012649536134
10631,1.7596067428588866
10632,2.198593521118164
10633,2.1939292907714845
10634,2.6227132797241213
10635,2.1072452545166014
10636,2.0956411361694336
10637,2.265360450744629
10638,2.398054313659668
10639,2.6812150955200194
10640,2.3125816345214845
10641,2.2836837768554688
10642,2.1148775100708006
10643,2.043752098083496
10644,2.5399961471557617
10645,2.5391538619995115
10646,2.22723445892334
10647,2.238911437988281
10648,2.386420249938965
10649,2.3716588973999024
10650,2.477946090698242
10651,2.1972808837890625
10652,2.011831855773926
10653,2.31198787689209
10654,2.204059028625488
10655,2.159092903137207
10656,2.111271286010742
10657,2.138327407836914
10658,2.4997537612915037
10659,2.476400947570801
10660,1.9690603256225585
10661,2.1785741806030274
10662,2.612636756896973
10663,2.2952260971069336
10664,2.457157325744629
10665,2.019721031188965
10666,2.2294939041137694
10667,2.0611297607421877
10668,2.0587080001831053
10669,2.1579959869384764
10670,1.928410530090332
10671,2.153843307495117
10672,2.3289510726928713
10673,2.2530521392822265
10674,2.1343130111694335
10675,2.6805076599121094
10676,2.0239841461181642
10677,2.3156455993652343
10678,2.271973419189453
10679,1.8816543579101563
10680,2.18845157623291
10681,2.113907051086426
10682,2.150389862060547
10683,2.330216979980469
10684,2.353101921081543
10685,2.271286201477051
10686,2.2672048568725587
10687,2.334076690673828
10688,2.065275955200195
10689,2.001984977722168
10690,2.128054618835449
10691,2.0820777893066404
10692,2.263530158996582
10693,2.25904541015625
10694,2.2678627014160155
10695,2.215039825439453
10696,2.233761215209961
10697,2.0452850341796873
10698,2.0278247833251952
10699,2.227360153198242
10700,2.1631317138671875
10701,2.081643486022949
10702,1.9158550262451173
10703,2.1417253494262694
10704,2.2157379150390626
10705,2.0719961166381835
10706,1.6884269714355469
10707,2.4619640350341796
10708,2.2695135116577148
10709,1.805410385131836
10710,1.8135330200195312
10711,2.241892623901367
10712,2.1280813217163086
10713,2.2125349044799805
10714,1.7338462829589845
10715,2.1145021438598635
10716,2.2847795486450195
10717,2.2516435623168944
10718,1.9951517105102539
10719,2.1560689926147463
10720,2.046099853515625
10721,2.660732650756836
10722,2.2731197357177733
10723,2.4750110626220705
10724,2.108364295959473
10725,1.9790000915527344
10726,2.194660758972168
10727,2.1751419067382813
10728,2.420952033996582
10729,2.496858024597168
10730,2.133790969848633
10731,2.0968738555908204
10732,2.1376075744628906
10733,2.3976818084716798
10734,2.1488903045654295
10735,2.3879098892211914
10736,2.4061866760253907
10737,1.9117338180541992
10738,1.9396522521972657
10739,2.286595916748047
10740,2.167736625671387
10741,2.2893001556396486
10742,2.530905914306641
10743,2.4373022079467774
10744,2.2950048446655273
10745,2.284950065612793
10746,2.179241943359375
10747,2.3527349472045898
10748,2.086574745178223
10749,2.26173095703125
10750,1.9584112167358398
10751,2.0946496963500976
10752,2.0518472671508787
10753,2.1113714218139648
10754,2.040730857849121
10755,2.2581342697143554
10756,2.238849639892578
10757,2.3383337020874024
10758,2.556270217895508
10759,2.643537139892578
10760,2.5865476608276365
10761,2.0089651107788087
10762,2.1343057632446287
10763,2.383452224731445
10764,2.0231117248535155
10765,2.0580739974975586
10766,2.372022247314453
10767,1.9239456176757812
10768,1.972028923034668
10769,1.9358133316040038
10770,2.1885351181030273
10771,2.4897640228271483
10772,1.6796218872070312
10773,2.1336774826049805
10774,2.081413459777832
10775,2.1616899490356447
10776,2.19174861907959
10777,2.0683189392089845
10778,2.129952239990234
10779,2.260476303100586
10780,2.2573829650878907
10781,2.3316341400146485
10782,2.4143842697143554
10783,2.3820917129516603
10784,1.9136333465576172
10785,2.1969367980957033
10786,2.381951904296875
10787,2.4801876068115236
10788,1.8867221832275392
10789,2.1942728042602537
10790,2.488546371459961
10791,2.308196449279785
10792,2.150800323486328
10793,2.1031366348266602
10794,2.4805442810058596
10795,2.344364356994629
10796,2.1563339233398438
10797,2.1575702667236327
10798,2.303526496887207
10799,2.403934860229492
10800,1.9393653869628906
10801,2.240557861328125
10802,1.9389297485351562
10803,2.011785888671875
10804,2.2208919525146484
10805,2.565891456604004
10806,2.3051218032836913
10807,1.9053333282470704
10808,2.360984039306641
10809,1.9365201950073243
10810,2.562233734130859
10811,2.3295572280883787
10812,2.177008628845215
10813,2.2613109588623046
10814,1.9745588302612305
10815,2.059731864929199
10816,1.98310546875
10817,2.427639198303223
10818,2.129819869995117
10819,2.3177968978881838
10820,2.335042381286621
10821,2.018306350708008
10822,2.0626068115234375
10823,2.3220495223999023
10824,2.2385013580322264
10825,2.0791419982910155
10826,2.061660575866699
10827,2.1100284576416017
10828,2.253959083557129
10829,2.117967987060547
10830,2.0303279876708986
10831,2.2328369140625
10832,2.5947826385498045
10833,2.1366024017333984
10834,2.5792634963989256
10835,2.0540178298950194
10836,2.326812744140625
10837,2.218165969848633
10838,1.9915496826171875
10839,2.1135299682617186
10840,2.3503095626831056
10841,2.4022682189941404
10842,2.0930723190307616
10843,2.2137939453125
10844,2.1228155136108398
10845,2.3554094314575194
10846,2.2903587341308596
10847,2.496181678771973
10848,2.338129234313965
10849,2.422746276855469
10850,2.5850730895996095
10851,2.271110725402832
10852,2.2533884048461914
10853,2.3380458831787108
10854,2.3279685974121094
10855,2.400905990600586
10856,2.057540512084961
10857,1.86767578125
10858,2.304551887512207
10859,2.5249420166015626
10860,2.1074239730834963
10861,2.345424461364746
10862,2.2666513442993166
10863,2.0880434036254885
10864,2.266918754577637
10865,2.760496139526367
10866,2.093863868713379
10867,2.0628120422363283
10868,2.218754005432129
10869,2.2573598861694335
10870,2.098321723937988
10871,2.340896987915039
10872,2.2818798065185546
10873,2.193197822570801
10874,2.1666046142578126
10875,1.9734664916992188
10876,2.0822822570800783
10877,2.6961421966552734
10878,1.9425668716430664
10879,2.0068435668945312
10880,1.9579286575317383
10881,2.8082706451416017
10882,2.442507743835449
10883,1.9396921157836915
10884,2.4448484420776366
10885,1.8568395614624023
10886,2.1242258071899416
10887,2.3947046279907225
10888,2.475199890136719
10889,2.208871269226074
10890,2.171012115478516
10891,1.9402833938598634
10892,2.031351661682129
10893,2.552107810974121
10894,2.1820411682128906
10895,2.1483743667602537
10896,2.5123146057128904
10897,2.377409744262695
10898,2.294352912902832
10899,2.2627758026123046
10900,2.0276798248291015
10901,2.1557714462280275
10902,1.9448644638061523
10903,2.2128227233886717
10904,2.267714500427246
10905,2.3059871673583983
10906,2.495025062561035
10907,2.64575309753418
10908,2.268221855163574
10909,1.7324670791625976
10910,2.217314910888672
10911,1.9367753982543945
10912,2.2138656616210937
10913,2.1138050079345705
10914,2.3605113983154298
10915,1.9086786270141602
10916,2.1190073013305666
10917,2.23105411529541
10918,2.0906471252441405
10919,2.1216739654541015
10920,2.7153987884521484
10921,2.0752607345581056
10922,2.0180614471435545
10923,2.0519035339355467
10924,2.423994445800781
10925,2.110834312438965
10926,1.965113639831543
10927,2.2449838638305666
10928,2.2574010848999024
10929,2.17794189453125
10930,2.034317398071289
10931,2.506152534484863
10932,2.0852077484130858
10933,1.9599613189697265
10934,2.1101707458496093
10935,2.4822982788085937
10936,2.1006521224975585
10937,2.046098518371582
10938,2.451924514770508
10939,2.509623718261719
10940,2.0779159545898436
10941,2.4814884185791017
10942,2.330624008178711
10943,2.208961296081543
10944,2.2750265121459963
10945,2.173073387145996
10946,1.982132911682129
10947,2.297957992553711
10948,1.8937904357910156
10949,2.2211002349853515
10950,2.5737384796142577
10951,2.2093997955322267
10952,2.4978557586669923
10953,2.4295652389526365
10954,2.2109695434570313
10955,2.6344091415405275
10956,2.502989959716797
10957,2.166854667663574
10958,2.624165916442871
10959,2.493794631958008
10960,2.1025157928466798
10961,2.222189712524414
10962,2.39764461517334
10963,2.414366340637207
10964,2.3494787216186523
10965,2.096345901489258
10966,2.3397310256958006
10967,2.201304054260254
10968,2.2712213516235353
10969,2.071842575073242
10970,2.106827735900879
10971,2.189936637878418
10972,2.4904512405395507
10973,2.2196298599243165
10974,2.41162109375
10975,1.9183914184570312
10976,2.023783302307129
10977,2.466990089416504
10978,2.5645725250244142
10979,2.0856706619262697
10980,2.4783956527709963
10981,2.070182037353516
10982,2.2441547393798826
10983,2.374296951293945
10984,2.2665891647338867
10985,2.332219886779785
10986,2.342963218688965
10987,2.0008209228515623
10988,2.4988365173339844
10989,2.2383419036865235
10990,1.8565361022949218
10991,2.135507011413574
10992,1.9511486053466798
10993,2.3482244491577147
10994,2.358285140991211
10995,2.2370567321777344
10996,2.3239553451538084
10997,2.3157758712768555
10998,2.031956100463867
10999,2.6158702850341795
11000,2.3099355697631836
11001,2.517739105224609
11002,2.4635137557983398
11003,2.243893051147461
11004,2.405015754699707
11005,2.422525978088379
11006,2.3312902450561523
11007,2.153187370300293
11008,1.8152545928955077
11009,2.175827217102051
11010,2.364016532897949
11011,2.8345478057861326
11012,1.9867422103881835
11013,2.2737592697143554
11014,1.9501296997070312
11015,2.281447410583496
11016,2.1469802856445312
11017,2.6582883834838866
11018,2.089485740661621
11019,2.0639932632446287
11020,2.3301551818847654
11021,2.3403831481933595
11022,2.25775032043457
11023,2.33679084777832
11024,2.1827394485473635
11025,2.029697799682617
11026,1.9995820999145508
11027,2.231753921508789
11028,2.3507503509521483
11029,1.9977149963378906
11030,2.3597700119018556
11031,2.1812417984008787
11032,1.9374792098999023
11033,2.1323968887329103
11034,2.2200607299804687
11035,2.114955520629883
11036,2.4064712524414062
11037,2.5181488037109374
11038,2.2776966094970703
11039,1.9888671875
11040,2.0753610610961912
11041,2.2585384368896486
11042,2.234469413757324
11043,1.931461715698242
11044,1.9039751052856446
11045,2.1916074752807617
11046,2.406464958190918
11047,2.2459953308105467
11048,2.445231628417969
11049,2.0512428283691406
11050,2.330053520202637
11051,2.5841848373413088
11052,2.506722831726074
11053,2.32305965423584
11054,2.574091911315918
11055,2.0369937896728514
11056,2.0864259719848635
11057,2.2249032974243166
11058,2.452805519104004
11059,2.108521842956543
11060,2.117070960998535
11061,1.977729606628418
11062,2.2811553955078123
11063,2.5416847229003907
11064,2.199375343322754
11065,2.4885332107543947
11066,2.120980644226074
11067,2.3745208740234376
11068,2.677933120727539
11069,1.9407054901123046
11070,2.5124128341674803
11071,2.2505777359008787
11072,2.572398567199707
11073,2.064798355102539
11074,2.117114448547363
11075,2.4784013748168947
11076,2.0271244049072266
11077,2.2280981063842775
11078,2.333439064025879
11079,2.179365539550781
11080,2.220784568786621
11081,1.999481201171875
11082,2.1649303436279297
11083,2.0593034744262697
11084,2.2048885345458986
11085,2.204364013671875
11086,2.5476119995117186
11087,2.390773391723633
11088,2.2442901611328123
11089,2.3878198623657227
11090,2.7026954650878907
11091,2.4006866455078124
11092,1.956078338623047
11093,2.264749526977539
11094,2.2787342071533203
11095,2.4536630630493166
11096,2.142653465270996
11097,1.9292818069458009
11098,2.1954172134399412
11099,2.3355674743652344
11100,1.9667221069335938
11101,2.1245096206665037
11102,2.2655391693115234
11103,2.1484785079956055
11104,2.067586898803711
11105,2.249461364746094
11106,2.103744125366211
11107,2.1542144775390626
11108,2.305436706542969
11109,2.269230079650879
11110,2.0620893478393554
11111,2.345385932922363
11112,2.10794677734375
11113,2.102852630615234
11114,2.070212745666504
11115,2.4591670989990235
11116,1.9418909072875976
11117,2.2055080413818358
11118,2.6003870010375976
11119,1.7259599685668945
11120,2.321620750427246
11121,2.2519989013671875
11122,1.758203125
11123,2.3240036010742187
11124,2.2547388076782227
11125,2.071000099182129
11126,1.9725244522094727
11127,2.1824010848999023
11128,2.0574886322021486
11129,1.801651954650879
11130,2.0915393829345703
11131,1.8168737411499023
11132,2.2978811264038086
11133,2.0423263549804687
11134,2.1727884292602537
11135,2.7196157455444334
11136,2.3313369750976562
11137,1.7404970169067382
11138,2.7001506805419924
11139,2.081307601928711
11140,2.3633047103881837
11141,2.078901481628418
11142,2.4328454971313476
11143,1.9519702911376953
11144,1.8967514038085938
11145,2.1438320159912108
11146,1.8819360733032227
11147,2.4589702606201174
11148,2.2605905532836914
11149,2.480680465698242
11150,2.1586114883422853
11151,2.276981735229492
11152,2.465755271911621
11153,2.1820610046386717
11154,2.2838478088378906
11155,2.408568000793457
11156,2.3603693008422852
11157,2.3879283905029296
11158,2.4027233123779297
11159,2.2060741424560546
11160,2.464385414123535
11161,2.4055925369262696
11162,2.3582622528076174
11163,2.2057994842529296
11164,2.6128767013549803
11165,2.484266662597656
11166,2.149378776550293
11167,2.2804729461669924
11168,2.395201873779297
11169,2.3415679931640625
11170,2.3990715026855467
11171,2.05874080657959
11172,2.1188543319702147
11173,2.3419574737548827
11174,2.178741455078125
11175,2.3836362838745115
11176,1.9908884048461915
11177,2.093260383605957
11178,2.138561248779297
11179,2.16346435546875
11180,2.506410026550293
11181,2.3605974197387694
11182,2.393752861022949
11183,2.2979366302490236
11184,2.3286834716796876
11185,2.0295013427734374
11186,2.187311553955078
11187,2.2621158599853515
11188,2.09887580871582
11189,1.9047502517700194
11190,2.5202713012695312
11191,2.679441452026367
11192,2.407944679260254
11193,2.6190263748168947
11194,2.0123464584350588
11195,2.184146690368652
11196,2.2603429794311523
11197,2.719049072265625
11198,2.5396724700927735
11199,2.4279811859130858
11200,2.2225740432739256
11201,2.088123321533203
11202,2.2433719635009766
11203,2.297057342529297
11204,2.296233558654785
11205,2.1223913192749024
11206,2.3234590530395507
11207,2.1960494995117186
11208,2.355339241027832
11209,2.327109527587891
11210,2.141937255859375
11211,2.347370910644531
11212,2.1203405380249025
11213,2.002027702331543
11214,2.3408977508544924
11215,2.486866569519043
11216,1.977655792236328
11217,2.091645622253418
11218,2.1825475692749023
11219,2.0796382904052733
11220,2.3864707946777344
11221,2.190403366088867
11222,2.184559440612793
11223,1.8622997283935547
11224,1.9949460983276368
11225,2.2859424591064452
11226,2.331981658935547
11227,2.1249279022216796
11228,2.0468286514282226
11229,2.583354187011719
11230,2.1038503646850586
11231,2.2826587677001955
11232,2.1686607360839845
11233,2.526570129394531
11234,2.586700439453125
11235,2.333821487426758
11236,2.0470760345458983
11237,2.2288606643676756
11238,1.8952383041381835
11239,2.0531606674194336
11240,2.0914487838745117
11241,2.443979835510254
11242,2.615688514709473
11243,2.2175870895385743
11244,2.109332466125488
11245,2.2759815216064454
11246,2.1139583587646484
11247,2.1465377807617188
11248,2.3133214950561523
11249,2.335840606689453
11250,2.156759834289551
11251,2.1528837203979494
11252,2.2188222885131834
11253,2.108350944519043
11254,2.3216951370239256
11255,2.5872318267822267
11256,2.0819576263427733
11257,2.3278308868408204
11258,2.400015640258789
11259,1.9558181762695312
11260,2.16043643951416
11261,1.977982521057129
11262,2.0682395935058593
11263,2.4652431488037108
11264,2.1783687591552736
11265,2.0279815673828123
11266,2.1437673568725586
11267,2.89752254486084
11268,2.195682334899902
11269,1.8650911331176758
11270,1.9793869018554688
11271,2.2231271743774412
11272,2.2902505874633787
11273,2.2324342727661133
11274,1.654322624206543
11275,2.0629804611206053
11276,2.2567371368408202
11277,1.977853012084961
11278,2.605204772949219
11279,2.3522592544555665
11280,2.1982141494750977
11281,2.1340869903564452
11282,2.3984750747680663
11283,2.0031856536865233
11284,2.413796806335449
11285,2.0822290420532226
11286,2.061127281188965
11287,2.0726884841918944
11288,2.2601961135864257
11289,2.161112594604492
11290,2.510357475280762
11291,2.1603504180908204
11292,2.1212369918823244
11293,2.1596435546875
11294,2.2481367111206056
11295,1.8371803283691406
11296,1.9215246200561524
11297,2.0672346115112306
11298,2.367879104614258
11299,2.258597183227539
11300,2.0945934295654296
11301,2.11822566986084
11302,2.250556755065918
11303,2.056752014160156
11304,1.993332862854004
11305,2.395945358276367
11306,2.1165342330932617
11307,2.3921695709228517
11308,2.295736312866211
11309,2.0592168807983398
11310,2.0453243255615234
11311,2.207952117919922
11312,2.098251533508301
11313,2.093936538696289
11314,2.2452810287475584
11315,2.0273799896240234
11316,2.6259176254272463
11317,2.063410758972168
11318,2.061620903015137
11319,2.3738632202148438
11320,2.134279251098633
11321,2.2824588775634767
11322,2.545545768737793
11323,2.3697628021240233
11324,2.009916877746582
11325,2.3309764862060547
11326,2.350575256347656
11327,2.4453248977661133
11328,2.0727617263793947
11329,2.6014436721801757
11330,2.1432281494140626
11331,2.2952428817749024
11332,2.2171022415161135
11333,2.339006042480469
11334,2.154657554626465
11335,1.9327733993530274
11336,2.4428152084350585
11337,1.8800081253051757
11338,2.3134307861328125
11339,2.263475227355957
11340,2.3470062255859374
11341,2.0975101470947264
11342,1.9210529327392578
11343,2.256243133544922
11344,2.2333288192749023
11345,2.3505634307861327
11346,1.8435609817504883
11347,2.1255468368530273
11348,2.2017753601074217
11349,2.349065399169922
11350,2.2991004943847657
11351,1.9418251037597656
11352,2.2457225799560545
11353,2.283021354675293
11354,2.220705986022949
11355,1.8208051681518556
11356,2.294807243347168
11357,2.2696195602416993
11358,2.1092958450317383
11359,1.9123844146728515
11360,2.2727436065673827
11361,2.2763351440429687
11362,2.351673126220703
11363,2.114225959777832
11364,2.0183683395385743
11365,2.5954593658447265
11366,2.1855812072753906
11367,2.1654197692871096
11368,2.3138622283935546
11369,2.1977983474731446
11370,2.291433334350586
11371,2.183125114440918
11372,2.414212226867676
11373,2.480927658081055
11374,2.1482688903808596
11375,2.541183280944824
11376,2.1909446716308594
11377,2.11901741027832
11378,2.6109186172485352
11379,1.9613990783691406
11380,2.4857881546020506
11381,2.1624961853027345
11382,2.3439399719238283
11383,2.279326629638672
11384,1.8652950286865235
11385,2.111461639404297
11386,2.392004203796387
11387,2.4227951049804686
11388,2.282111930847168
11389,2.797808074951172
11390,2.3110126495361327
11391,2.0469030380249023
11392,2.0809295654296873
11393,2.470709037780762
11394,2.3054716110229494
11395,2.159927749633789
11396,2.536668395996094
11397,2.275099754333496
11398,1.9305431365966796
11399,2.2694734573364257
11400,2.2308429718017577
11401,2.36077938079834
11402,2.1989585876464846
11403,2.260559844970703
11404,2.0152423858642576
11405,2.468410110473633
11406,2.3888612747192384
11407,2.2865705490112305
11408,1.9996788024902343
11409,2.3557743072509765
11410,2.111481475830078
11411,2.3788629531860352
11412,1.9274850845336915
11413,2.3535696029663087
11414,2.346271514892578
11415,2.3526500701904296
11416,2.2447452545166016
11417,2.3421913146972657
11418,2.273938751220703
11419,2.3276544570922852
11420,2.3429161071777345
11421,2.0793878555297853
11422,2.1269283294677734
11423,2.0811954498291017
11424,2.1600112915039062
11425,2.232373046875
11426,2.5390029907226563
11427,2.3117950439453123
11428,1.687099075317383
11429,2.6296995162963865
11430,2.112394332885742
11431,2.1310644149780273
11432,1.9090988159179687
11433,2.1630367279052733
11434,2.319330024719238
11435,2.175787925720215
11436,2.4091464996337892
11437,2.1144130706787108
11438,2.3417476654052733
11439,2.085735321044922
11440,2.038740348815918
11441,2.455319404602051
11442,2.20229549407959
11443,2.3827733993530273
11444,2.167819595336914
11445,2.132632827758789
11446,2.1283248901367187
11447,1.4585580825805664
11448,2.2014144897460937
11449,2.456208419799805
11450,2.0544925689697267
11451,1.7687915802001952
11452,1.885016632080078
11453,2.17101936340332
11454,2.0178457260131837
11455,2.4832340240478517
11456,2.3899450302124023
11457,2.7415145874023437
11458,2.362031173706055
11459,2.4440933227539063
11460,2.0376474380493166
11461,2.11331787109375
11462,2.1634565353393556
11463,2.3609418869018555
11464,2.2496305465698243
11465,2.3548913955688477
11466,2.3151620864868163
11467,2.409819793701172
11468,2.225152015686035
11469,2.1567781448364256
11470,2.5135866165161134
11471,2.0836572647094727
11472,1.897504997253418
11473,1.8677438735961913
11474,1.9170114517211914
11475,2.190761375427246
11476,2.6761943817138674
11477,2.2912776947021483
11478,1.8883928298950194
11479,1.9523033142089843
11480,2.384292221069336
11481,2.533265495300293
11482,2.4111806869506838
11483,2.158700180053711
11484,1.9211488723754884
11485,2.1443161010742187
11486,1.967361068725586
11487,2.1569990158081054
11488,2.4308128356933594
11489,2.4917932510375977
11490,2.009499359130859
11491,2.2031246185302735
11492,2.1134054183959963
11493,2.043850898742676
11494,2.0880645751953124
11495,1.8475648880004882
11496,2.004307746887207
11497,2.584248352050781
11498,1.8879417419433593
11499,1.8752365112304688
11500,2.1769119262695313
11501,1.9738092422485352
11502,2.222102737426758
11503,2.602934646606445
11504,1.9796337127685546
11505,2.2098617553710938
11506,2.229425048828125
11507,2.110525894165039
11508,2.361594390869141
11509,2.058460807800293
11510,2.442838668823242
11511,2.385447883605957
11512,2.3387872695922853
11513,2.453036880493164
11514,2.1367916107177733
11515,2.427960968017578
11516,2.0069931030273436
11517,2.1934335708618162
11518,2.2334991455078126
11519,2.146599769592285
11520,2.1131948471069335
11521,2.228506660461426
11522,2.541610908508301
11523,2.2316659927368163
11524,2.1618452072143555
11525,1.9971021652221679
11526,2.1655899047851563
11527,2.4930789947509764
11528,2.1456026077270507
11529,2.2323495864868166
11530,2.4417295455932617
11531,2.490005111694336
11532,2.6578176498413084
11533,2.1815475463867187
11534,1.969472885131836
11535,2.2466793060302734
11536,2.095173454284668
11537,2.3050817489624023
11538,2.1809696197509765
11539,2.0775632858276367
11540,2.01315975189209
11541,2.5830148696899413
11542,2.1754655838012695
11543,2.1777711868286134
11544,2.7688409805297853
11545,2.3810449600219727
11546,2.114571380615234
11547,2.269034004211426
11548,1.8196918487548828
11549,2.242184638977051
11550,2.198276710510254
11551,2.2328006744384767
11552,2.4331686019897463
11553,2.3628726959228517
11554,2.345061683654785
11555,2.3467601776123046
11556,2.317667770385742
11557,2.2719377517700194
11558,2.062270927429199
11559,2.1676563262939452
11560,2.243524360656738
11561,2.2203718185424806
11562,2.054561233520508
11563,2.4527557373046873
11564,1.7982086181640624
11565,2.10037899017334
11566,1.9627408981323242
11567,2.305075263977051
11568,2.3585556030273436
11569,2.3831144332885743
11570,2.7644411087036134
11571,2.4063472747802734
11572,2.5706354141235352
11573,2.146759033203125
11574,2.333705711364746
11575,1.8630708694458007
11576,2.0884822845458983
11577,2.072214698791504
11578,2.276638221740723
11579,2.1529563903808593
11580,2.0986610412597657
11581,2.05426082611084
11582,2.145421600341797
11583,2.337063026428223
11584,2.1960609436035154
11585,2.1398696899414062
11586,2.2025640487670897
11587,2.1653110504150392
11588,2.0932273864746094
11589,3.242391586303711
11590,2.4051862716674806
11591,1.910513687133789
11592,1.960992431640625
11593,2.1916051864624024
11594,1.989896011352539
11595,2.199808883666992
11596,2.4317049026489257
11597,2.2791315078735352
11598,2.5619586944580077
11599,2.057717132568359
11600,1.947496223449707
11601,2.1768754959106444
11602,2.2384922027587892
11603,2.227768898010254
11604,2.264286231994629
11605,2.6280908584594727
11606,2.477747344970703
11607,2.1101503372192383
11608,2.156768035888672
11609,1.9709575653076172
11610,2.269944953918457
11611,1.6522232055664063
11612,2.6418638229370117
11613,2.4224374771118162
11614,1.8707500457763673
11615,2.061981201171875
11616,2.289048767089844
11617,1.8770118713378907
11618,2.0508264541625976
11619,3.162685012817383
11620,2.144256019592285
11621,1.6541934967041017
11622,2.3938623428344727
11623,1.942385482788086
11624,2.359045219421387
11625,2.1185024261474608
11626,2.47735538482666
11627,2.1525644302368163
11628,2.1553934097290037
11629,2.275087356567383
11630,2.3745323181152345
11631,2.341168212890625
11632,2.2908506393432617
11633,2.4000675201416017
11634,2.424420166015625
11635,2.2637279510498045
11636,2.380499839782715
11637,2.1850349426269533
11638,1.9150659561157226
11639,2.1796064376831055
11640,2.309487724304199
11641,2.306633949279785
11642,2.317584419250488
11643,2.025166893005371
11644,2.573023223876953
11645,1.8272514343261719
11646,1.9013172149658204
11647,2.2784408569335937
11648,2.285487747192383
11649,2.3161476135253904
11650,2.6461442947387694
11651,2.281724739074707
11652,2.526280403137207
11653,2.132904815673828
11654,2.321953010559082
11655,2.5844795227050783
11656,2.1815235137939455
11657,2.147129249572754
11658,2.8090118408203124
11659,2.1623327255249025
11660,2.7013248443603515
11661,2.1105714797973634
11662,2.6903894424438475
11663,2.3258792877197267
11664,2.3223957061767577
11665,1.9925497055053711
11666,2.3805826187133787
11667,2.3650091171264647
11668,2.4667470932006834
11669,2.287277412414551
11670,2.2126653671264647
11671,2.1887802124023437
11672,2.307777976989746
11673,2.765356254577637
11674,2.314726448059082
11675,2.0309858322143555
11676,2.1674318313598633
11677,1.9781469345092773
11678,2.052756690979004
11679,2.2708503723144533
11680,2.304777145385742
11681,2.5042259216308596
11682,2.2987125396728514
11683,2.6552648544311523
11684,2.1176532745361327
11685,2.3643234252929686
11686,2.1745018005371093
11687,2.032872772216797
11688,2.153776168823242
11689,2.6033435821533204
11690,2.3077064514160157
11691,2.404734992980957
11692,2.344700050354004
11693,1.9743919372558594
11694,2.2123390197753907
11695,1.8155433654785156
11696,2.2173877716064454
11697,2.2455821990966798
11698,2.126649284362793
11699,2.196254348754883
11700,2.300296401977539
11701,2.0070287704467775
11702,2.0843568801879884
11703,2.587906265258789
11704,2.161234474182129
11705,2.245411491394043
11706,2.2425888061523436
11707,2.223997688293457
11708,2.3271560668945312
11709,2.4389699935913085
11710,2.6412847518920897
11711,2.310795211791992
11712,2.265863609313965
11713,2.017633628845215
11714,2.12813777923584
11715,2.0603334426879885
11716,2.435529327392578
11717,2.1835874557495116
11718,2.7918703079223635
11719,2.1713111877441404
11720,1.9773433685302735
11721,2.238319969177246
11722,2.191416549682617
11723,2.5755842208862303
11724,2.4505905151367187
11725,2.3620141983032226
11726,1.928034782409668
11727,2.3151702880859375
11728,2.5420631408691405
11729,1.8621353149414062
11730,2.194184112548828
11731,2.1958337783813477
11732,2.4021345138549806
11733,2.5937414169311523
11734,2.5648015975952148
11735,2.3574760437011717
11736,2.5113552093505858
11737,2.3287351608276365
11738,2.0652036666870117
11739,2.452311134338379
11740,2.3836721420288085
11741,2.2450235366821287
11742,2.5640703201293946
11743,2.3912628173828123
11744,2.3308650970458986
11745,1.8926042556762694
11746,2.002437210083008
11747,2.1288825988769533
11748,2.3023002624511717
11749,2.3457462310791017
11750,1.998804473876953
11751,2.0071964263916016
11752,2.0366147994995116
11753,2.456449508666992
11754,2.4863002777099608
11755,1.8575542449951172
11756,2.143346405029297
11757,2.2119632720947267
11758,2.2543548583984374
11759,2.3544984817504884
11760,2.137619972229004
11761,2.3706439971923827
11762,2.113007926940918
11763,2.012166213989258
11764,2.0870908737182616
11765,2.22827262878418
11766,2.3210235595703126
11767,2.1052759170532225
11768,2.180877113342285
11769,2.203811836242676
11770,2.5358098983764648
11771,2.399379920959473
11772,2.1556045532226564
11773,2.290369415283203
11774,1.9939519882202148
11775,2.1090511322021483
11776,2.667461967468262
11777,1.961501121520996
11778,1.8459224700927734
11779,2.2880592346191406
11780,2.1544000625610353
11781,2.3671543121337892
11782,2.5273147583007813
11783,2.302764129638672
11784,2.289698028564453
11785,2.3698633193969725
11786,2.277571678161621
11787,2.1778186798095702
11788,2.2055877685546874
11789,2.2821527481079102
11790,2.2314075469970702
11791,1.8524829864501953
11792,2.4328250885009766
11793,2.32165641784668
11794,2.2529390335083006
11795,2.2931020736694334
11796,2.232815170288086
11797,2.579477310180664
11798,2.532908058166504
11799,1.9932422637939453
11800,2.1118722915649415
11801,2.0373357772827148
11802,2.1568218231201173
11803,2.0734127044677733
11804,2.162909507751465
11805,2.033305549621582
11806,2.413050651550293
11807,2.356023406982422
11808,2.136752128601074
11809,2.560749626159668
11810,2.3722164154052736
11811,2.381996917724609
11812,1.9598186492919922
11813,2.422369194030762
11814,2.053941535949707
11815,2.2765081405639647
11816,1.905309295654297
11817,2.3990739822387694
11818,2.0656259536743162
11819,1.962044906616211
11820,1.8896167755126954
11821,2.1976507186889647
11822,2.0655134201049803
11823,2.491590881347656
11824,2.2140918731689454
11825,2.1313808441162108
11826,2.043145942687988
11827,2.4164915084838867
11828,2.3660795211791994
11829,2.1936641693115235
11830,2.303292655944824
11831,2.457242012023926
11832,2.3390069961547852
11833,2.3477104187011717
11834,2.1931283950805662
11835,1.9996381759643556
11836,1.738776397705078
11837,2.3581192016601564
11838,2.3969448089599608
11839,2.2637088775634764
11840,1.9784900665283203
11841,2.1828849792480467
11842,2.439116668701172
11843,2.2969669342041015
11844,2.8330913543701173
11845,2.0360185623168947
11846,2.583559989929199
11847,1.9449302673339843
11848,1.898383903503418
11849,1.9019039154052735
11850,1.7320978164672851
11851,2.3733699798583983
11852,2.385987091064453
11853,2.2837284088134764
11854,2.343215560913086
11855,2.102483558654785
11856,2.6282270431518553
11857,2.3045732498168947
11858,2.169027900695801
11859,2.402863883972168
11860,2.1125635147094726
11861,2.252578926086426
11862,2.35416259765625
11863,2.0435943603515625
11864,1.9496381759643555
11865,2.233509635925293
11866,2.274791145324707
11867,2.0525094985961916
11868,2.100429916381836
11869,2.1013343811035154
11870,2.352248764038086
11871,1.9158226013183595
11872,2.5493404388427736
11873,2.177078056335449
11874,2.0750350952148438
11875,2.134648323059082
11876,2.5038120269775392
11877,1.811037254333496
11878,2.112833023071289
11879,2.417183494567871
11880,2.2395105361938477
11881,2.138899230957031
11882,2.039969825744629
11883,2.2042400360107424
11884,2.055529022216797
11885,2.0023223876953127
11886,2.233063507080078
11887,2.295977973937988
11888,2.145231246948242
11889,2.0252059936523437
11890,1.8595260620117187
11891,2.4772485733032226
11892,1.7891267776489257
11893,2.140390396118164
11894,2.4192413330078124
11895,2.0894683837890624
11896,2.1062570571899415
11897,1.9833551406860352
11898,2.1554843902587892
11899,1.901078987121582
11900,2.1803422927856446
11901,2.139026069641113
11902,2.355368995666504
11903,2.438010597229004
11904,1.6452138900756836
11905,2.3850242614746096
11906,1.991755485534668
11907,2.097941207885742
11908,2.0914249420166016
11909,2.2707284927368163
11910,1.9196853637695312
11911,2.1907428741455077
11912,2.1976890563964844
11913,2.19249267578125
11914,2.2660057067871096
11915,2.2627944946289062
11916,2.857605743408203
11917,2.258076286315918
11918,1.8789117813110352
11919,2.263290786743164
11920,2.468297004699707
11921,1.7770416259765625
11922,1.9013299942016602
11923,1.945857048034668
11924,2.398055076599121
11925,2.193557357788086
11926,2.3908557891845703
11927,2.290140724182129
11928,2.005927848815918
11929,2.2455982208251952
11930,2.088047409057617
11931,2.3321769714355467
11932,2.1927900314331055
11933,2.284090995788574
11934,2.2369268417358397
11935,1.988286018371582
11936,2.310350799560547
11937,2.113334846496582
11938,2.245538330078125
11939,2.1374700546264647
11940,2.258740997314453
11941,2.1350500106811525
11942,2.4745311737060547
11943,2.6175773620605467
11944,2.1107425689697266
11945,2.3394275665283204
11946,2.1746232986450194
11947,1.9736780166625976
11948,2.721099853515625
11949,2.2183218002319336
11950,2.546172332763672
11951,2.1374977111816404
11952,2.2026575088500975
11953,2.0357992172241213
11954,2.3183366775512697
11955,2.4646005630493164
11956,2.1867170333862305
11957,2.0197214126586913
11958,2.384181594848633
11959,2.423310470581055
11960,2.509368896484375
11961,2.155409240722656
11962,2.2091203689575196
11963,2.5543230056762694
11964,2.3968448638916016
11965,2.107054901123047
11966,2.4596923828125
11967,2.5708152770996096
11968,2.2345453262329102
11969,1.888749122619629
11970,2.26470890045166
11971,2.216861915588379
11972,2.1903078079223635
11973,2.1810981750488283
11974,2.2735523223876952
11975,2.4837373733520507
11976,2.2582931518554688
11977,2.150938606262207
11978,2.2168272018432615
11979,2.4915395736694337
11980,2.2125011444091798
11981,2.0716590881347656
11982,2.1664030075073244
11983,1.9487600326538086
11984,2.133411407470703
11985,2.295443534851074
11986,2.0911731719970703
11987,2.3265262603759767
11988,2.56815185546875
11989,1.7409767150878905
11990,2.003612518310547
11991,2.252079963684082
11992,2.471103858947754
11993,2.507079315185547
11994,2.408009719848633
11995,2.0297882080078127
11996,2.64849739074707
11997,2.2154813766479493
11998,2.486251640319824
11999,1.9772705078125
12000,2.1678016662597654
12001,2.312569427490234
12002,2.1642967224121095
12003,2.237466049194336
12004,2.1652015686035155
12005,2.0899726867675783
12006,2.0834749221801756
12007,2.684370994567871
12008,2.2746658325195312
12009,2.926900863647461
12010,2.1229179382324217
12011,2.6379348754882814
12012,2.6925302505493165
12013,2.3045989990234377
12014,2.1672739028930663
12015,2.3516986846923826
12016,2.084830093383789
12017,2.22847843170166
12018,2.3556074142456054
12019,2.1198143005371093
12020,1.9771764755249024
12021,2.3451536178588865
12022,2.6875612258911135
12023,2.074412155151367
12024,2.0289499282836916
12025,2.3477762222290037
12026,2.2760475158691404
12027,2.11352596282959
12028,1.814409065246582
12029,2.311598777770996
12030,2.1039199829101562
12031,2.004810905456543
12032,2.3721220016479494
12033,2.49417667388916
12034,2.0205244064331054
12035,2.4575923919677733
12036,2.2846670150756836
12037,2.194960021972656
12038,2.0106128692626952
12039,2.3500444412231447
12040,2.2511667251586913
12041,2.2903743743896485
12042,1.9835870742797852
12043,2.0914743423461912
12044,2.0318319320678713
12045,2.3310466766357423
12046,2.2757726669311524
12047,2.353591537475586
12048,2.1097585678100588
12049,2.1493722915649416
12050,2.235394287109375
12051,2.1544797897338865
12052,2.158476448059082
12053,2.225915718078613
12054,2.1893308639526365
12055,2.4310367584228514
12056,2.366136169433594
12057,2.2739917755126955
12058,2.3016204833984375
12059,2.0417716979980467
12060,2.4779918670654295
12061,2.1296180725097655
12062,2.3285190582275392
12063,2.470035934448242
12064,2.1831769943237305
12065,2.2663738250732424
12066,1.8122352600097655
12067,2.4202707290649412
12068,2.3996513366699217
12069,1.9027349472045898
12070,2.366545486450195
12071,2.088217926025391
12072,2.083077239990234
12073,2.4819507598876953
12074,2.2567895889282226
12075,2.388126564025879
12076,2.1968164443969727
12077,2.2421077728271483
12078,2.279707908630371
12079,2.149879264831543
12080,2.1741426467895506
12081,2.1677980422973633
12082,2.0052703857421874
12083,2.5211679458618166
12084,1.9623048782348633
12085,2.8215999603271484
12086,2.378989028930664
12087,2.358958053588867
12088,2.3315927505493166
12089,2.555925178527832
12090,2.1493873596191406
12091,2.0082841873168946
12092,2.488129234313965
12093,2.0320669174194337
12094,2.3349369049072264
12095,2.175101089477539
12096,2.3173904418945312
12097,2.194445037841797
12098,2.0169567108154296
12099,2.3099117279052734
12100,2.1858291625976562
12101,2.1941112518310546
12102,2.6560956954956056
12103,2.2066930770874023
12104,2.312238883972168
12105,2.2352569580078123
12106,2.499384880065918
12107,1.9113121032714844
12108,2.2880502700805665
12109,2.319461441040039
12110,2.311766242980957
12111,2.1925506591796875
12112,2.1380146026611326
12113,1.768120574951172
12114,2.1940149307250976
12115,2.013370895385742
12116,2.405301094055176
12117,2.275567054748535
12118,1.8410709381103516
12119,2.184797668457031
12120,2.051571273803711
12121,2.212147521972656
12122,2.3686546325683593
12123,2.3815298080444336
12124,2.0735153198242187
12125,1.965340805053711
12126,2.187753677368164
12127,2.357487678527832
12128,2.187245178222656
12129,2.4026811599731444
12130,2.5859968185424806
12131,2.2659366607666014
12132,2.30816707611084
12133,2.355101203918457
12134,2.3071573257446287
12135,1.9661172866821288
12136,2.1931812286376955
12137,2.408472442626953
12138,2.257496643066406
12139,2.246333122253418
12140,2.1907371520996093
12141,2.5135805130004885
12142,2.486588478088379
12143,2.2585565567016603
12144,2.3463066101074217
12145,2.5642122268676757
12146,1.9450166702270508
12147,2.6141677856445313
12148,2.0494447708129884
12149,2.4832538604736327
12150,2.3959630966186523
12151,2.1615375518798827
12152,2.2184804916381835
12153,2.301096725463867
12154,2.144627571105957
12155,2.181557846069336
12156,2.086684989929199
12157,1.9747314453125
12158,2.7468175888061523
12159,2.416476821899414
12160,2.106563949584961
12161,2.4201629638671873
12162,2.2841068267822267
12163,2.056371879577637
12164,2.041267967224121
12165,2.4051353454589846
12166,2.372433090209961
12167,2.231972312927246
12168,1.8608623504638673
12169,1.9398286819458008
12170,2.358629608154297
12171,2.2377092361450197
12172,2.5628475189208983
12173,2.0415218353271483
12174,2.44643611907959
12175,2.1734289169311523
12176,2.156156539916992
12177,2.3997520446777343
12178,2.079722213745117
12179,2.0381658554077147
12180,2.26476993560791
12181,2.1915004730224608
12182,2.7253522872924805
12183,1.85531005859375
12184,2.4241756439208983
12185,2.497953414916992
12186,2.2233325958251955
12187,2.3265569686889647
12188,2.054775428771973
12189,2.399038887023926
12190,2.3326305389404296
12191,2.409759521484375
12192,2.008395767211914
12193,1.8870746612548828
12194,2.304307746887207
12195,2.301090431213379
12196,2.0299518585205076
12197,2.396031951904297
12198,1.892791748046875
12199,1.779898452758789
12200,2.3512651443481447
12201,2.0701950073242186
12202,2.015961456298828
12203,2.204433250427246
12204,2.2641677856445312
12205,2.171897125244141
12206,2.6259475708007813
12207,2.46065616607666
12208,2.2066862106323244
12209,2.4785507202148436
12210,2.528080368041992
12211,2.4194459915161133
12212,1.933077049255371
12213,2.094025421142578
12214,2.256575584411621
12215,2.6082479476928713
12216,2.3165550231933594
12217,1.9385251998901367
12218,2.0768150329589843
12219,2.3379083633422852
12220,2.5041431427001952
12221,2.300801086425781
12222,2.4861682891845702
12223,2.126540756225586
12224,1.8056041717529296
12225,1.800809097290039
12226,2.3159645080566404
12227,2.4940399169921874
12228,2.1715372085571287
12229,2.3832435607910156
12230,2.421380043029785
12231,2.352015495300293
12232,2.2502988815307616
12233,2.6129632949829102
12234,2.453699493408203
12235,2.514250373840332
12236,2.2076114654541015
12237,2.4226041793823243
12238,2.4570507049560546
12239,1.9231868743896485
12240,2.112677574157715
12241,2.3925251007080077
12242,1.9820892333984375
12243,2.526093101501465
12244,2.207295036315918
12245,1.8928977966308593
12246,2.1915103912353517
12247,2.155873107910156
12248,2.047992134094238
12249,2.0104122161865234
12250,2.267366409301758
12251,2.2697954177856445
12252,2.2755565643310547
12253,2.1737083435058593
12254,2.2798818588256835
12255,2.4434913635253905
12256,2.479557991027832
12257,1.814011001586914
12258,2.23780517578125
12259,2.312874412536621
12260,2.542713737487793
12261,2.116427421569824
12262,1.9103755950927734
12263,2.082949638366699
12264,2.377375030517578
12265,2.020176887512207
12266,2.1884456634521485
12267,2.467177391052246
12268,1.9296455383300781
12269,2.1990097045898436
12270,2.1063793182373045
12271,2.264348602294922
12272,2.772335243225098
12273,2.189362907409668
12274,2.2718671798706054
12275,2.039341163635254
12276,2.0613945007324217
12277,2.122849464416504
12278,2.240852928161621
12279,2.156925010681152
12280,2.7149480819702148
12281,1.988364028930664
12282,2.088286018371582
12283,2.4858171463012697
12284,2.4856756210327147
12285,2.0280900955200196
12286,2.0527793884277346
12287,2.005727767944336
12288,2.2393531799316406
12289,2.0940176010131837
12290,2.3168209075927733
12291,1.8133922576904298
12292,2.550141143798828
12293,2.3084026336669923
12294,2.0524417877197267
12295,2.1260845184326174
12296,2.2838855743408204
12297,1.9530338287353515
12298,1.9304506301879882
12299,2.1235889434814452
12300,2.3972541809082033
12301,2.1884624481201174
12302,2.2959543228149415
12303,2.346116638183594
12304,2.2885019302368166
12305,2.1533910751342775
12306,2.3897565841674804
12307,2.3426445007324217
12308,2.5164552688598634
12309,2.0989938735961915
12310,2.3512187957763673
12311,1.9146827697753905
12312,2.0198135375976562
12313,2.0237918853759767
12314,1.9917892456054687
12315,2.4506662368774412
12316,1.9745828628540039
12317,1.998969268798828
12318,2.37029914855957
12319,2.393666458129883
12320,2.3095577239990233
12321,2.5425838470458983
12322,2.204799270629883
12323,2.1275625228881836
12324,2.0589576721191407
12325,2.2371225357055664
12326,2.214902877807617
12327,1.9179433822631835
12328,2.0228801727294923
12329,2.5896280288696287
12330,2.464704704284668
12331,2.2141395568847657
12332,2.0728378295898438
12333,2.0398237228393556
12334,2.3086408615112304
12335,2.0234869003295897
12336,2.4953535079956053
12337,2.313148307800293
12338,2.0233022689819338
12339,2.095380401611328
12340,2.015645980834961
12341,1.9099119186401368
12342,2.2053367614746096
12343,2.3208890914916993
12344,2.226852226257324
12345,2.649295616149902
12346,2.3500492095947267
12347,2.2116535186767576
12348,1.890391731262207
12349,2.1380779266357424
12350,2.4525850296020506
12351,2.0670398712158202
12352,2.573516082763672
12353,2.3371841430664064
12354,2.143647575378418
12355,2.0732311248779296
12356,2.361444282531738
12357,2.289981651306152
12358,2.0369190216064452
12359,2.575705718994141
12360,2.12331485748291
12361,2.151681327819824
12362,2.330668830871582
12363,2.270163345336914
12364,2.5359249114990234
12365,2.337820053100586
12366,2.371929740905762
12367,2.3040647506713867
12368,2.5983999252319334
12369,2.341464042663574
12370,2.535648155212402
12371,2.0518455505371094
12372,2.2049766540527345
12373,2.2448617935180666
12374,2.2732147216796874
12375,2.501967430114746
12376,2.328701972961426
12377,2.204707145690918
12378,2.338309669494629
12379,1.985140037536621
12380,2.4674509048461912
12381,2.1577911376953125
12382,2.314413070678711
12383,2.1438499450683595
12384,1.8498470306396484
12385,2.1050724029541015
12386,2.125149154663086
12387,2.553379249572754
12388,2.102334976196289
12389,2.3247295379638673
12390,2.369886589050293
12391,2.3225236892700196
12392,2.647210693359375
12393,2.217838478088379
12394,2.063546562194824
12395,2.439768981933594
12396,1.9314996719360351
12397,2.302718734741211
12398,2.3853176116943358
12399,2.1573272705078126
12400,2.346344757080078
12401,2.138144302368164
12402,2.215023422241211
12403,2.408469581604004
12404,2.537715530395508
12405,1.9559499740600585
12406,2.4015739440917967
12407,2.253651237487793
12408,2.012209892272949
12409,1.869321632385254
12410,1.9578750610351563
12411,2.380004119873047
12412,2.217250633239746
12413,2.1856979370117187
12414,1.969108772277832
12415,2.521532440185547
12416,2.321689224243164
12417,2.428647994995117
12418,2.2560617446899416
12419,2.14807186126709
12420,2.2837570190429686
12421,2.245974540710449
12422,2.237598419189453
12423,1.9497972488403321
12424,2.2877058029174804
12425,2.264354133605957
12426,2.0050674438476563
12427,2.0413686752319338
12428,2.013430595397949
12429,2.057918357849121
12430,2.246544075012207
12431,1.936459732055664
12432,2.103132629394531
12433,2.7202468872070313
12434,2.169885444641113
12435,2.37888240814209
12436,2.3977933883666993
12437,2.2414743423461916
12438,2.5555034637451173
12439,2.6038127899169923
12440,2.25545597076416
12441,2.198159027099609
12442,1.8442331314086915
12443,2.628705596923828
12444,2.5111625671386717
12445,2.3394134521484373
12446,2.19606876373291
12447,2.1487274169921875
12448,2.481691360473633
12449,2.3452131271362306
12450,2.492780876159668
12451,2.138487434387207
12452,2.3969852447509767
12453,2.145998954772949
12454,1.9058124542236328
12455,2.226011276245117
12456,2.0330177307128907
12457,2.121855926513672
12458,2.2193120956420898
12459,2.0327547073364256
12460,2.6097206115722655
12461,1.9709953308105468
12462,2.2383087158203123
12463,2.28064022064209
12464,2.615622901916504
12465,2.322226715087891
12466,2.2275627136230467
12467,2.326776123046875
12468,2.6808019638061524
12469,2.3262680053710936
12470,2.342063140869141
12471,2.400290107727051
12472,2.5391693115234375
12473,2.5159738540649412
12474,2.453194808959961
12475,2.0405378341674805
12476,2.3100475311279296
12477,2.0555774688720705
12478,2.412891387939453
12479,2.491839599609375
12480,2.433613967895508
12481,2.3551876068115236
12482,2.213389587402344
12483,2.143600845336914
12484,2.1475551605224608
12485,2.289286231994629
12486,2.119830322265625
12487,2.2665378570556642
12488,2.2244646072387697
12489,2.172809028625488
12490,2.3069664001464845
12491,2.2499410629272463
12492,2.2489885330200194
12493,2.1349536895751955
12494,2.2261846542358397
12495,2.2313907623291014
12496,2.104713249206543
12497,2.479405403137207
12498,2.6432037353515625
12499,1.7123090744018554
12500,2.3212797164916994
12501,2.0753606796264648
12502,2.069752883911133
12503,2.435257148742676
12504,1.9908916473388671
12505,2.5122001647949217
12506,2.0392738342285157
12507,2.365808868408203
12508,1.9903120040893554
12509,2.232925605773926
12510,2.4900373458862304
12511,2.3317127227783203
12512,2.277265167236328
12513,2.2040468215942384
12514,2.5789409637451173
12515,2.330753517150879
12516,2.495653533935547
12517,2.433258819580078
12518,2.304212760925293
12519,2.3534175872802736
12520,2.5153295516967775
12521,2.086116600036621
12522,2.174439811706543
12523,2.2302928924560548
12524,2.1727203369140624
12525,2.564677429199219
12526,2.1894210815429687
12527,2.2854211807250975
12528,2.4120378494262695
12529,2.1638790130615235
12530,1.940006637573242
12531,2.2740056991577147
12532,2.252029800415039
12533,2.1243755340576174
12534,2.1036344528198243
12535,2.2121112823486326
12536,2.4723026275634767
12537,2.522647666931152
12538,2.3291461944580076
12539,2.092288589477539
12540,2.5571165084838867
12541,2.2899202346801757
12542,2.3038843154907225
12543,2.3842851638793947
12544,1.847870445251465
12545,2.314408874511719
12546,2.3889862060546876
12547,2.071519470214844
12548,2.12900390625
12549,2.3699790954589846
12550,2.6575693130493163
12551,2.165180778503418
12552,2.1691375732421876
12553,2.521619987487793
12554,2.169276809692383
12555,2.229226303100586
12556,2.243269348144531
12557,2.1355695724487305
12558,2.36993522644043
12559,2.337849235534668
12560,1.9248174667358398
12561,2.187287712097168
12562,2.2662641525268556
12563,2.291306495666504
12564,2.710777473449707
12565,2.2890161514282226
12566,2.046480178833008
12567,2.0573272705078125
12568,2.516004180908203
12569,2.021783447265625
12570,2.0659141540527344
12571,2.1602199554443358
12572,2.0620227813720704
12573,2.04296817779541
12574,2.275730514526367
12575,2.242806053161621
12576,2.140112113952637
12577,2.1328773498535156
12578,2.0957223892211916
12579,2.053313064575195
12580,2.0161483764648436
12581,2.070489692687988
12582,2.1881771087646484
12583,2.261275291442871
12584,2.349136543273926
12585,2.248894691467285
12586,2.2904077529907227
12587,2.0795524597167967
12588,2.6069158554077148
12589,2.339552116394043
12590,2.256369400024414
12591,2.1745609283447265
12592,2.2076358795166016
12593,1.9292247772216797
12594,2.419418144226074
12595,2.0567790985107424
12596,2.6029897689819337
12597,1.9086458206176757
12598,2.074202537536621
12599,2.309946823120117
12600,2.2205633163452148
12601,2.3776832580566407
12602,1.9937810897827148
12603,2.152065086364746
12604,2.1430612564086915
12605,2.3475032806396485
12606,2.2703142166137695
12607,2.3730764389038086
12608,2.1596048355102537
12609,2.2410226821899415
12610,2.1167917251586914
12611,1.9263761520385743
12612,2.648340606689453
12613,2.782241439819336
12614,2.2559038162231446
12615,2.172893524169922
12616,2.0984973907470703
12617,2.317961502075195
12618,2.333043098449707
12619,2.1338199615478515
12620,2.2269372940063477
12621,2.252488708496094
12622,2.063149833679199
12623,2.29581356048584
12624,2.0286413192749024
12625,2.613630485534668
12626,2.3067502975463867
12627,2.607016754150391
12628,2.258899688720703
12629,2.2157020568847656
12630,2.3516220092773437
12631,2.142060661315918
12632,2.0315967559814454
12633,2.3110551834106445
12634,2.3810569763183596
12635,1.914072608947754
12636,2.372801971435547
12637,2.180040168762207
12638,2.1085628509521483
12639,2.1658256530761717
12640,2.4605459213256835
12641,2.2543613433837892
12642,2.4005901336669924
12643,2.190787124633789
12644,2.3794322967529298
12645,2.179782485961914
12646,2.2438974380493164
12647,2.223715972900391
12648,2.2325748443603515
12649,2.5354793548583983
12650,2.1963483810424806
12651,2.1691381454467775
12652,2.4298919677734374
12653,2.431797409057617
12654,2.1521537780761717
12655,2.5196100234985352
12656,2.0143621444702147
12657,2.2481340408325194
12658,2.889112854003906
12659,2.4064682006835936
12660,2.709208106994629
12661,2.273116111755371
12662,2.1865001678466798
12663,2.149083709716797
12664,2.2091665267944336
12665,2.0708261489868165
12666,1.9407924652099608
12667,2.4612762451171877
12668,2.464284324645996
12669,2.028240203857422
12670,1.9806991577148438
12671,2.5778579711914062
12672,2.286572074890137
12673,2.060806465148926
12674,2.1775686264038088
12675,2.4403966903686523
12676,2.3621482849121094
12677,2.3760564804077147
12678,2.1509626388549803
12679,2.0935083389282227
12680,2.226662445068359
12681,2.2686100006103516
12682,2.343509864807129
12683,2.7297641754150392
12684,1.6894590377807617
12685,2.4235910415649413
12686,1.974110984802246
12687,2.2658512115478517
12688,2.3984701156616213
12689,2.4617958068847656
12690,2.1678434371948243
12691,2.1490385055541994
12692,2.2880390167236326
12693,1.9812583923339844
12694,2.3146535873413088
12695,2.023905372619629
12696,2.0186527252197264
12697,2.453339767456055
12698,2.1770586013793944
12699,2.3668941497802733
12700,2.3023393630981444
12701,2.643604850769043
12702,2.3382293701171877
12703,2.0741556167602537
12704,2.36783390045166
12705,2.0597513198852537
12706,2.3232181549072264
12707,2.193011665344238
12708,2.0992305755615233
12709,1.9416994094848632
12710,2.1266206741333007
12711,2.5344614028930663
12712,2.329168128967285
12713,2.230952835083008
12714,2.313869857788086
12715,1.929832649230957
12716,2.5094982147216798
12717,2.3048633575439452
12718,2.098822021484375
12719,2.2719635009765624
12720,1.9340944290161133
12721,1.8685888290405273
12722,2.1131072998046876
12723,2.4395587921142576
12724,2.1201358795166017
12725,2.4376415252685546
12726,2.2312847137451173
12727,2.556895637512207
12728,2.1328649520874023
12729,2.134250831604004
12730,2.4817358016967774
12731,2.1262628555297853
12732,2.1611696243286134
12733,2.345474433898926
12734,2.0441701889038084
12735,2.8163179397583007
12736,2.077325630187988
12737,2.442870330810547
12738,2.223326301574707
12739,2.0448095321655275
12740,2.2548908233642577
12741,2.187047004699707
12742,2.1963031768798826
12743,2.0431100845336916
12744,2.321600914001465
12745,2.224605178833008
12746,2.495439338684082
12747,2.096156883239746
12748,2.366383743286133
12749,1.5610786437988282
12750,2.163660430908203
12751,2.1556375503540037
12752,2.2043643951416017
12753,2.3862482070922852
12754,2.448790168762207
12755,2.3120519638061525
12756,2.1941370010375976
12757,2.2225934982299806
12758,2.117310905456543
12759,2.672024154663086
12760,2.328846549987793
12761,2.4007015228271484
12762,2.079947662353516
12763,2.1318092346191406
12764,2.0550451278686523
12765,1.995707893371582
12766,2.132765007019043
12767,2.325511360168457
12768,2.2890750885009767
12769,2.350147819519043
12770,2.166331672668457
12771,2.646264839172363
12772,2.133114051818848
12773,2.202117347717285
12774,2.16720027923584
12775,2.3280927658081056
12776,2.4736265182495116
12777,2.389872169494629
12778,2.5027593612670898
12779,2.1585269927978517
12780,2.575151252746582
12781,2.5369462966918945
12782,2.0484394073486327
12783,2.1611797332763674
12784,2.091360664367676
12785,1.9593568801879884
12786,2.2475046157836913
12787,2.1590435028076174
12788,2.231654739379883
12789,2.233526611328125
12790,2.1070093154907226
12791,2.148650360107422
12792,2.190981864929199
12793,2.2376945495605467
12794,2.2153694152832033
12795,2.319464111328125
12796,2.130427932739258
12797,2.5358339309692384
12798,2.0320281982421875
12799,2.2415048599243166
12800,2.2276851654052736
12801,2.3423593521118162
12802,2.26239013671875
12803,2.0417407989501952
12804,2.165498161315918
12805,2.1943485260009767
12806,2.937663269042969
12807,1.9784772872924805
12808,1.992599105834961
12809,2.2238269805908204
12810,2.6442060470581055
12811,2.379520034790039
12812,2.101972770690918
12813,2.2346500396728515
12814,2.323884963989258
12815,2.380377769470215
12816,2.142198181152344
12817,2.5377803802490235
12818,2.1749168395996095
12819,2.3242759704589844
12820,2.1293207168579102
12821,2.2087926864624023
12822,2.39976806640625
12823,2.257914733886719
12824,2.5525556564331056
12825,1.8685419082641601
12826,2.3432445526123047
12827,1.9716999053955078
12828,2.467692565917969
12829,2.4898590087890624
12830,2.3267162322998045
12831,2.4627553939819338
12832,2.0727033615112305
12833,2.3473215103149414
12834,2.420297622680664
12835,2.197665977478027
12836,2.0823802947998047
12837,2.0194774627685548
12838,2.270806312561035
12839,2.0205224990844726
12840,2.269572448730469
12841,1.879776954650879
12842,2.0332033157348635
12843,2.4476919174194336
12844,2.480380630493164
12845,2.459116744995117
12846,2.0438068389892576
12847,2.3917436599731445
12848,2.2812211990356444
12849,2.2324617385864256
12850,2.2850561141967773
12851,2.7244871139526365
12852,2.069476509094238
12853,2.2689140319824217
12854,2.652888870239258
12855,2.241635322570801
12856,1.8215265274047852
12857,2.281939888000488
12858,2.0249635696411135
12859,1.9766157150268555
12860,2.1980426788330076
12861,2.2774986267089843
12862,2.3217811584472656
12863,2.3706146240234376
12864,2.110188102722168
12865,2.1627904891967775
12866,2.193950080871582
12867,2.074290657043457
12868,2.1354963302612306
12869,2.536287307739258
12870,2.663728713989258
12871,2.545279121398926
12872,2.002774238586426
12873,1.9966995239257812
12874,2.2227313995361326
12875,2.1853305816650392
12876,2.0985595703125
12877,2.2937992095947264
12878,2.275321388244629
12879,2.1678369522094725
12880,2.551265525817871
12881,1.9636554718017578
12882,1.7814107894897462
12883,2.4128864288330076
12884,2.325320243835449
12885,1.9895771026611329
12886,2.4860631942749025
12887,2.0731199264526365
12888,2.472076988220215
12889,2.3152904510498047
12890,2.2469905853271483
12891,2.181437683105469
12892,2.04561710357666
12893,2.003211784362793
12894,1.9025779724121095
12895,2.5115238189697267
12896,2.339908981323242
12897,2.5102405548095703
12898,1.8969018936157227
12899,2.587025451660156
12900,2.406289482116699
12901,2.660015106201172
12902,2.246254730224609
12903,2.2814220428466796
12904,2.28271427154541
12905,1.9887681961059571
12906,2.178418731689453
12907,1.986841583251953
12908,2.4642101287841798
12909,2.1501747131347657
12910,2.1157648086547853
12911,1.936014175415039
12912,2.251525115966797
12913,2.0518814086914063
12914,2.3137544631958007
12915,2.021417236328125
12916,2.071320152282715
12917,2.1556129455566406
12918,2.0161907196044924
12919,2.138118934631348
12920,2.2846755981445312
12921,1.9139163970947266
12922,2.232937240600586
12923,2.1974525451660156
12924,2.0483572006225588
12925,2.1094579696655273
12926,2.424622917175293
12927,1.8707128524780274
12928,2.328159523010254
12929,2.739634323120117
12930,2.016008186340332
12931,2.386948013305664
12932,2.008439826965332
12933,2.151760482788086
12934,2.1928680419921873
12935,2.150007438659668
12936,2.161642646789551
12937,2.25484561920166
12938,2.4182151794433593
12939,2.4729480743408203
12940,2.333640289306641
12941,2.2837245941162108
12942,2.486448287963867
12943,2.0050899505615236
12944,2.1317068099975587
12945,2.179427146911621
12946,1.9533872604370117
12947,2.133747100830078
12948,2.273781967163086
12949,1.8511367797851563
12950,2.2526674270629883
12951,2.188705635070801
12952,1.8961820602416992
12953,2.262065315246582
12954,2.0513145446777346
12955,2.2507913589477537
12956,2.0424285888671876
12957,2.2235584259033203
12958,2.401525688171387
12959,1.9801708221435548
12960,2.372793960571289
12961,2.1724475860595702
12962,2.2475822448730467
12963,2.1796892166137694
12964,2.110355758666992
12965,2.407633399963379
12966,2.1685359954833983
12967,1.990686798095703
12968,2.021540069580078
12969,1.9932123184204102
12970,2.2775247573852537
12971,2.5067817687988283
12972,2.370944595336914
12973,2.27233829498291
12974,2.0956668853759766
12975,2.1004268646240236
12976,2.051821708679199
12977,2.601490020751953
12978,2.3846092224121094
12979,2.482672119140625
12980,2.387840461730957
12981,2.7475500106811523
12982,2.265453910827637
12983,2.1919157028198244
12984,2.1844919204711912
12985,1.984354019165039
12986,2.1644765853881838
12987,2.2977828979492188
12988,2.581783676147461
12989,2.505114936828613
12990,1.9929588317871094
12991,1.8866964340209962
12992,2.1670061111450196
12993,2.1257734298706055
12994,2.0478866577148436
12995,1.7989011764526368
12996,2.3264965057373046
12997,2.3429424285888674
12998,2.343537712097168
12999,2.769864082336426
13000,2.2054828643798827
13001,2.1234373092651366
13002,2.380381965637207
13003,2.227676010131836
13004,2.137226867675781
13005,2.410957908630371
13006,2.246238899230957
13007,2.162489128112793
13008,2.2304454803466798
13009,2.0336706161499025
13010,2.5565921783447267
13011,2.0730216979980467
13012,2.0878686904907227
13013,2.2203365325927735
13014,2.1448637008666993
13015,2.4880619049072266
13016,2.2173179626464843
13017,2.438283157348633
13018,2.0339309692382814
13019,1.873101806640625
13020,2.147062873840332
13021,1.9987010955810547
13022,2.2492956161499023
13023,2.5355554580688477
13024,1.9906618118286132
13025,2.389887237548828
13026,2.1459150314331055
13027,2.214433288574219
13028,2.118178367614746
13029,2.1518070220947267
13030,2.2259565353393556
13031,2.40973014831543
13032,1.929068374633789
13033,2.171620178222656
13034,2.124098777770996
13035,1.998335838317871
13036,2.7340349197387694
13037,2.184469795227051
13038,1.8343265533447266
13039,1.8789756774902344
13040,2.262207794189453
13041,2.0075267791748046
13042,2.17349910736084
13043,2.491451072692871
13044,2.2682777404785157
13045,2.4090902328491213
13046,2.1688798904418944
13047,2.4889583587646484
13048,2.3322954177856445
13049,2.277553367614746
13050,2.2463214874267576
13051,2.5114187240600585
13052,2.237114143371582
13053,2.225201225280762
13054,1.9092819213867187
13055,2.0554840087890627
13056,1.8318046569824218
13057,2.236402130126953
13058,2.2679319381713867
13059,2.3452550888061525
13060,2.4379207611083986
13061,1.990434455871582
13062,2.3491165161132814
13063,2.350797653198242
13064,2.5264074325561525
13065,2.3002849578857423
13066,2.2238204956054686
13067,1.9262125015258789
13068,2.29953556060791
13069,2.3578231811523436
13070,2.302643585205078
13071,1.9963102340698242
13072,2.5099143981933594
13073,2.299614143371582
13074,2.311855697631836
13075,1.9601337432861328
13076,2.483934211730957
13077,2.0648969650268554
13078,1.7166376113891602
13079,2.2876350402832033
13080,2.050920867919922
13081,2.748942184448242
13082,2.176666259765625
13083,2.2050909042358398
13084,2.3045276641845702
13085,2.0966548919677734
13086,2.325856018066406
13087,2.1662220001220702
13088,2.027732276916504
13089,2.46734676361084
13090,2.357948875427246
13091,2.3713281631469725
13092,2.311323356628418
13093,2.2426904678344726
13094,2.3050809860229493
13095,2.354319190979004
13096,2.3641180038452148
13097,2.211882209777832
13098,2.2191656112670897
13099,2.0558691024780273
13100,2.2285526275634764
13101,2.5076826095581053
13102,2.419882965087891
13103,2.245026206970215
13104,1.8837907791137696
13105,2.2616178512573244
13106,2.3501476287841796
13107,2.262283134460449
13108,2.0936044692993163
13109,2.32672233581543
13110,1.8652263641357423
13111,2.6446916580200197
13112,2.112957572937012
13113,2.567794418334961
13114,2.461741065979004
13115,2.2897266387939452
13116,1.9331340789794922
13117,2.3666749954223634
13118,2.2200159072875976
13119,2.2089468002319337
13120,2.418644905090332
13121,2.150534820556641
13122,2.334764099121094
13123,2.1401187896728517
13124,2.109787368774414
13125,2.172209358215332
13126,2.3709007263183595
13127,2.0703409194946287
13128,2.2646865844726562
13129,2.10357666015625
13130,2.170473098754883
13131,2.0121444702148437
13132,2.055671501159668
13133,2.237169647216797
13134,2.260343551635742
13135,2.2179706573486326
13136,2.3129825592041016
13137,2.3683002471923826
13138,1.9882072448730468
13139,2.324818801879883
13140,2.3770318984985352
13141,2.0388887405395506
13142,2.3614267349243163
13143,2.147335433959961
13144,2.1502557754516602
13145,2.235866355895996
13146,2.31478271484375
13147,2.0349100112915037
13148,2.265243911743164
13149,2.1080049514770507
13150,2.0195280075073243
13151,2.0665653228759764
13152,2.6426557540893554
13153,2.250364303588867
13154,2.3669403076171873
13155,2.365471839904785
13156,2.3119342803955076
13157,1.9033935546875
13158,2.35162353515625
13159,2.301654052734375
13160,1.982956886291504
13161,2.35687313079834
13162,2.166551399230957
13163,2.1798355102539064
13164,2.2505279541015626
13165,2.0791364669799806
13166,2.085191345214844
13167,2.313435935974121
13168,2.0076122283935547
13169,2.658360481262207
13170,2.1139963150024412
13171,2.2597173690795898
13172,2.089810371398926
13173,1.888284683227539
13174,2.1934587478637697
13175,1.8237581253051758
13176,2.3121681213378906
13177,2.351406288146973
13178,2.3869016647338865
13179,2.2350902557373047
13180,1.8879072189331054
13181,1.970029067993164
13182,2.0895435333251955
13183,1.8658987045288087
13184,2.385422134399414
13185,2.1819923400878904
13186,2.041868209838867
13187,2.381918525695801
13188,2.5124000549316405
13189,2.2674514770507814
13190,2.268982696533203
13191,2.560826873779297
13192,1.998647689819336
13193,1.8530216217041016
13194,1.8393264770507813
13195,2.049007606506348
13196,2.329303741455078
13197,2.2026567459106445
13198,2.0126068115234377
13199,2.0331443786621093
13200,1.976323699951172
13201,2.3042388916015626
13202,2.1981271743774413
13203,2.4090106964111326
13204,2.1501533508300783
13205,2.159615325927734
13206,2.216444206237793
13207,2.2067068099975584
13208,2.1663436889648438
13209,2.5375696182250977
13210,1.930517578125
13211,1.977869415283203
13212,2.3487581253051757
13213,2.02480411529541
13214,2.2054065704345702
13215,2.382327079772949
13216,2.291953468322754
13217,2.5313722610473635
13218,2.412583923339844
13219,2.3277122497558596
13220,2.344315528869629
13221,2.450750541687012
13222,2.3134408950805665
13223,2.0993892669677736
13224,2.3474979400634766
13225,2.1822948455810547
13226,2.133070373535156
13227,1.8830890655517578
13228,2.2287830352783202
13229,2.3882408142089844
13230,2.2484809875488283
13231,2.4875036239624024
13232,2.043131637573242
13233,2.1378463745117187
13234,1.8718595504760742
13235,2.321978950500488
13236,2.523661422729492
13237,2.227575492858887
13238,2.6155786514282227
13239,2.234218215942383
13240,2.311336135864258
13241,2.09261474609375
13242,2.2321800231933593
13243,1.8987939834594727
13244,2.379977989196777
13245,2.1082334518432617
13246,2.3062484741210936
13247,2.1713050842285155
13248,2.1689624786376953
13249,1.9331531524658203
13250,2.0484127044677733
13251,2.6018802642822267
13252,2.3326160430908205
13253,2.2697116851806642
13254,2.200496292114258
13255,2.505569839477539
13256,2.250058174133301
13257,2.5294769287109373
13258,2.591826057434082
13259,2.221293640136719
13260,2.260003089904785
13261,2.034714126586914
13262,2.6818048477172853
13263,2.3718664169311525
13264,2.3030014038085938
13265,2.384563446044922
13266,2.1650081634521485
13267,2.2578941345214845
13268,2.210809516906738
13269,2.135151672363281
13270,1.9065872192382813
13271,2.506931114196777
13272,2.1547449111938475
13273,2.3540420532226562
13274,2.204213523864746
13275,2.0792884826660156
13276,2.4170146942138673
13277,2.159187889099121
13278,1.9623115539550782
13279,2.146852493286133
13280,2.147220230102539
13281,2.4370906829833983
13282,2.0523805618286133
13283,2.3201530456542967
13284,2.703841972351074
13285,1.9532785415649414
13286,2.1463226318359374
13287,2.8516918182373048
13288,2.2026735305786134
13289,2.200122261047363
13290,2.275741767883301
13291,2.067668151855469
13292,2.187923812866211
13293,2.599105644226074
13294,1.7839300155639648
13295,1.9405939102172851
13296,2.218522834777832
13297,2.484334945678711
13298,2.380135154724121
13299,2.015629768371582
13300,2.681470489501953
13301,2.1330875396728515
13302,2.5985641479492188
13303,2.060655403137207
13304,2.6259639739990233
13305,2.053362274169922
13306,2.473917770385742
13307,2.245492362976074
13308,2.3639787673950194
13309,2.2602651596069334
13310,2.2531753540039063
13311,2.3212602615356444
13312,2.1745983123779298
13313,2.549058532714844
13314,2.0395042419433596
13315,1.7295171737670898
13316,2.401261329650879
13317,2.2080692291259765
13318,2.4688720703125
13319,2.6652143478393553
13320,2.2766912460327147
13321,2.570088005065918
13322,2.3258508682250976
13323,2.6086214065551756
13324,2.180835723876953
13325,2.2129034042358398
13326,2.0525276184082033
13327,1.937698745727539
13328,2.2929534912109375
13329,2.5366914749145506
13330,2.1439239501953127
13331,2.433358001708984
13332,2.2606473922729493
13333,2.2186155319213867
13334,2.1628814697265626
13335,1.9819368362426757
13336,2.342724609375
13337,2.3372100830078124
13338,2.222766876220703
13339,2.5302703857421873
13340,2.4962244033813477
13341,2.3001359939575194
13342,2.5475603103637696
13343,2.169521141052246
13344,2.621139717102051
13345,2.521158981323242
13346,2.2982545852661134
13347,2.3776853561401365
13348,2.1844783782958985
13349,2.0161176681518556
13350,2.663422203063965
13351,2.4478422164916993
13352,2.1145177841186524
13353,2.0513898849487306
13354,2.0056352615356445
13355,2.0991371154785154
13356,2.447611999511719
13357,2.1549613952636717
13358,2.2496618270874023
13359,2.2970462799072267
13360,2.3182262420654296
13361,1.9017553329467773
13362,2.1943830490112304
13363,2.041230010986328
13364,2.2457372665405275
13365,2.7239850997924804
13366,2.450822448730469
13367,2.0573619842529296
13368,2.2229822158813475
13369,2.22882137298584
13370,2.2487316131591797
13371,2.482873725891113
13372,2.423064422607422
13373,2.146390914916992
13374,2.3392364501953127
13375,2.0669301986694335
13376,2.5379331588745115
13377,2.1419023513793944
13378,2.4485614776611326
13379,2.244792175292969
13380,2.117774772644043
13381,2.3297958374023438
13382,2.1364109039306642
13383,2.1849763870239256
13384,2.05224723815918
13385,2.0759244918823243
13386,2.1320077896118166
13387,2.581068420410156
13388,2.1317495346069335
13389,2.6496883392333985
13390,2.0723262786865235
13391,2.415814208984375
13392,2.4505849838256837
13393,2.445185089111328
13394,2.3415599822998048
13395,2.244864273071289
13396,1.9766124725341796
13397,2.3612895965576173
13398,2.112069320678711
13399,2.451045608520508
13400,2.490056610107422
13401,1.9431737899780273
13402,2.154054641723633
13403,2.2283390045166014
13404,2.159221076965332
13405,2.3350704193115233
13406,2.1351902008056642
13407,1.932413673400879
13408,2.225408935546875
13409,2.5244558334350584
13410,2.108449935913086
13411,1.8536836624145507
13412,2.266741180419922
13413,2.504648971557617
13414,2.481572151184082
13415,2.4593992233276367
13416,2.305170440673828
13417,2.5546039581298827
13418,2.0629878997802735
13419,2.1226934432983398
13420,2.2251398086547853
13421,2.390537643432617
13422,1.7735931396484375
13423,2.248882293701172
13424,2.018278121948242
13425,2.2918928146362303
13426,2.167599105834961
13427,2.1515003204345704
13428,2.0632549285888673
13429,2.3655733108520507
13430,2.030852699279785
13431,1.933702278137207
13432,2.332334518432617
13433,2.1497787475585937
13434,2.366336631774902
13435,1.9174959182739257
13436,2.371744155883789
13437,2.173044776916504
13438,2.7388637542724608
13439,2.2302391052246096
13440,1.9285694122314454
13441,2.103358268737793
13442,2.1372556686401367
13443,2.1204046249389648
13444,2.0865882873535155
13445,2.1330371856689454
13446,2.3399259567260744
13447,2.3544050216674806
13448,2.7233848571777344
13449,2.091093063354492
13450,2.4144418716430662
13451,2.3689559936523437
13452,2.3290109634399414
13453,1.8824840545654298
13454,1.9687969207763671
13455,2.2346601486206055
13456,2.3872936248779295
13457,2.4609006881713866
13458,2.329584503173828
13459,2.2617311477661133
13460,2.6067276000976562
13461,2.746159553527832
13462,2.188410758972168
13463,2.2536840438842773
13464,2.468950080871582
13465,1.842498207092285
13466,2.1469425201416015
13467,2.3106460571289062
13468,2.3231250762939455
13469,2.153900718688965
13470,2.45367546081543
13471,2.216377067565918
13472,2.4151165008544924
13473,2.6263826370239256
13474,2.4076911926269533
13475,2.6228729248046876
13476,2.4805217742919923
13477,2.1044696807861327
13478,2.5142650604248047
13479,2.0924915313720702
13480,2.452073097229004
13481,2.5239389419555662
13482,2.218997573852539
13483,2.116306686401367
13484,2.1518953323364256
13485,2.1323991775512696
13486,2.3309192657470703
13487,2.437508392333984
13488,2.6209054946899415
13489,2.3795923233032226
13490,2.5115682601928713
13491,2.3495229721069335
13492,2.1913074493408202
13493,2.306559371948242
13494,2.114063835144043
13495,2.496796989440918
13496,2.0640274047851563
13497,2.5859567642211916
13498,2.18690185546875
13499,2.4176618576049806
13500,2.79113883972168
13501,2.169881820678711
13502,2.252041244506836
13503,2.314748764038086
13504,2.0492162704467773
13505,2.043065071105957
13506,2.2145246505737304
13507,2.4086658477783205
13508,2.442270278930664
13509,2.344213104248047
13510,1.980661964416504
13511,2.1890676498413084
13512,2.4598716735839843
13513,2.103204536437988
13514,2.454359245300293
13515,2.1400747299194336
13516,2.0568498611450194
13517,2.301029396057129
13518,2.192246437072754
13519,2.189968299865723
13520,2.1304073333740234
13521,2.3345943450927735
13522,2.0007112503051756
13523,2.5098634719848634
13524,2.3455364227294924
13525,2.3292003631591798
13526,2.0889892578125
13527,1.8747940063476562
13528,2.450840950012207
13529,2.236827278137207
13530,2.0763330459594727
13531,2.1985401153564452
13532,1.994028091430664
13533,2.206213188171387
13534,2.1582590103149415
13535,2.412469673156738
13536,1.8841941833496094
13537,2.176919174194336
13538,2.3283246994018554
13539,2.077585220336914
13540,2.2434005737304688
13541,2.3565492630004883
13542,2.6484821319580076
13543,2.3222320556640623
13544,2.373342514038086
13545,1.9908077239990234
13546,2.2844259262084963
13547,2.3769861221313477
13548,2.564454460144043
13549,2.1493762969970702
13550,1.9056650161743165
13551,2.134797286987305
13552,2.5402883529663085
13553,2.213654708862305
13554,1.9930133819580078
13555,1.9550724029541016
13556,2.5181648254394533
13557,2.030695343017578
13558,2.5072254180908202
13559,2.0192371368408204
13560,2.144858741760254
13561,2.31278076171875
13562,2.368898391723633
13563,2.3894453048706055
13564,2.47481746673584
13565,1.8914888381958008
13566,2.3337333679199217
13567,2.314738655090332
13568,2.337399482727051
13569,2.254787254333496
13570,2.636441230773926
13571,2.511299896240234
13572,2.2961551666259767
13573,2.1351154327392576
13574,2.3434110641479493
13575,2.235958290100098
13576,2.467302703857422
13577,2.48687744140625
13578,2.089067077636719
13579,2.414811897277832
13580,2.429169273376465
13581,2.0119888305664064
13582,2.6623355865478517
13583,2.4787784576416017
13584,2.2162200927734377
13585,2.1649765014648437
13586,2.102558135986328
13587,2.2968217849731447
13588,2.4648189544677734
13589,2.234309768676758
13590,2.1009347915649412
13591,2.5396455764770507
13592,2.080059814453125
13593,2.4021142959594726
13594,1.9979652404785155
13595,1.9590181350708007
13596,2.09002628326416
13597,2.908084487915039
13598,2.598568916320801
13599,2.079544258117676
13600,2.46639347076416
13601,2.2498500823974608
13602,2.20230712890625
13603,2.449197769165039
13604,2.3277070999145506
13605,2.3759639739990233
13606,2.1950387954711914
13607,2.006494140625
13608,2.4679388046264648
13609,2.1831790924072267
13610,2.334828567504883
13611,2.199239158630371
13612,2.098369026184082
13613,2.4174076080322267
13614,2.1028589248657226
13615,2.0711034774780273
13616,2.5109472274780273
13617,2.3564273834228517
13618,1.660980224609375
13619,2.242450141906738
13620,2.437331771850586
13621,2.16001033782959
13622,1.9796667098999023
13623,1.9628007888793946
13624,2.327941131591797
13625,2.133974075317383
13626,2.338697624206543
13627,2.334433174133301
13628,2.0631731033325194
13629,2.5233180999755858
13630,2.2726823806762697
13631,2.282075309753418
13632,2.6185842514038087
13633,1.7798025131225585
13634,2.039241600036621
13635,1.7588035583496093
13636,2.412387466430664
13637,2.2428876876831056
13638,2.4639345169067384
13639,2.172390937805176
13640,2.049545669555664
13641,2.066665840148926
13642,2.2366065979003906
13643,2.159339714050293
13644,2.118760108947754
13645,2.0475576400756834
13646,1.9716760635375976
13647,1.9849943161010741
13648,2.0744579315185545
13649,1.9913057327270507
13650,2.5462947845458985
13651,2.1621957778930665
13652,2.3050230026245115
13653,2.050593948364258
13654,2.4622671127319338
13655,2.281363296508789
13656,2.6628391265869142
13657,2.4761785507202148
13658,2.178716468811035
13659,2.2355571746826173
13660,2.315694236755371
13661,2.666944885253906
13662,2.2239862442016602
13663,2.3899492263793944
13664,2.6299009323120117
13665,2.2094247817993162
13666,2.325545883178711
13667,2.5049064636230467
13668,2.625584030151367
13669,2.1935827255249025
13670,2.227400779724121
13671,2.0334964752197267
13672,2.138110542297363
13673,1.916048240661621
13674,1.9200725555419922
13675,2.641225814819336
13676,2.1529029846191405
13677,2.2581226348876955
13678,2.4352724075317385
13679,2.30371036529541
13680,2.265797805786133
13681,2.4428897857666017
13682,2.6686111450195313
13683,1.9083965301513672
13684,2.4402050018310546
13685,2.4144756317138674
13686,2.2958147048950197
13687,1.9300146102905273
13688,2.136722183227539
13689,2.1985998153686523
13690,2.366483688354492
13691,2.3070093154907227
13692,2.013924789428711
13693,2.209844398498535
13694,2.0138912200927734
13695,1.855985450744629
13696,2.3960119247436524
13697,2.1519712448120116
13698,2.2280921936035156
13699,2.270657539367676
13700,2.173192596435547
13701,2.2386449813842773
13702,2.427291488647461
13703,2.1252761840820313
13704,2.2052680969238283
13705,2.631804275512695
13706,2.0695062637329102
13707,1.9059358596801759
13708,2.2359287261962892
13709,1.8499977111816406
13710,1.978312873840332
13711,2.3184072494506838
13712,2.0867149353027346
13713,2.3777360916137695
13714,2.2521358489990235
13715,2.403762626647949
13716,2.519807052612305
13717,2.1960481643676757
13718,2.3990200042724608
13719,2.1238813400268555
13720,2.3177852630615234
13721,2.2925844192504883
13722,2.0258588790893555
13723,2.281184196472168
13724,2.0033075332641603
13725,2.310482215881348
13726,2.298618698120117
13727,2.1154050827026367
13728,2.4140377044677734
13729,2.389681816101074
13730,2.1463199615478517
13731,2.6066734313964846
13732,2.2802114486694336
13733,2.017368698120117
13734,2.390145111083984
13735,2.171535301208496
13736,2.3484582901000977
13737,2.0483880996704102
13738,2.454417419433594
13739,2.358631706237793
13740,2.3535343170166017
13741,2.1992202758789063
13742,2.257048797607422
13743,2.348543167114258
13744,2.291213607788086
13745,2.4930038452148438
13746,2.199990653991699
13747,2.4469886779785157
13748,2.1833475112915037
13749,2.514573669433594
13750,2.190059852600098
13751,2.069556999206543
13752,2.2960187911987306
13753,2.481205177307129
13754,2.1913320541381838
13755,2.33016357421875
13756,2.2671125411987303
13757,2.3452308654785154
13758,2.327972412109375
13759,2.2103437423706054
13760,2.2253433227539063
13761,2.3418426513671875
13762,2.197099494934082
13763,1.9898244857788085
13764,2.1171762466430666
13765,2.053556442260742
13766,2.1451557159423826
13767,1.9113361358642578
13768,2.2763973236083985
13769,2.439101791381836
13770,2.1517618179321287
13771,2.3955314636230467
13772,2.2356184005737303
13773,2.1152681350708007
13774,2.393100929260254
13775,2.2981683731079103
13776,2.6887639999389648
13777,2.3005271911621095
13778,1.9984502792358398
13779,2.083109474182129
13780,2.213038444519043
13781,2.283184623718262
13782,2.210204315185547
13783,2.055130195617676
13784,2.3957468032836915
13785,1.9366100311279297
13786,1.9360570907592773
13787,2.1071386337280273
13788,2.61917724609375
13789,2.2755758285522463
13790,2.1402963638305663
13791,1.9216670989990234
13792,2.354104423522949
13793,2.400645446777344
13794,2.4943603515625
13795,2.224204444885254
13796,2.4033798217773437
13797,2.5327585220336912
13798,2.3350587844848634
13799,2.165004348754883
13800,2.4304746627807616
13801,2.0214744567871095
13802,2.2688064575195312
13803,2.5449939727783204
13804,2.169479751586914
13805,2.0767238616943358
13806,2.3026294708251953
13807,2.234264945983887
13808,2.401871681213379
13809,2.135623550415039
13810,2.5149747848510744
13811,2.256793212890625
13812,2.128944206237793
13813,2.457746887207031
13814,2.322647285461426
13815,2.2421751022338867
13816,2.2563188552856444
13817,2.2414478302001952
13818,2.2053106307983397
13819,1.9778743743896485
13820,2.0440927505493165
13821,1.9152645111083983
13822,2.3874189376831056
13823,2.5254526138305664
13824,1.9416641235351562
13825,3.1765323638916017
13826,1.9822460174560548
13827,2.2477256774902346
13828,2.2630802154541017
13829,2.1125324249267576
13830,2.2721370697021483
13831,2.4392553329467774
13832,2.3941360473632813
13833,2.345753860473633
13834,2.432809066772461
13835,2.077914810180664
13836,2.052518844604492
13837,2.178923416137695
13838,1.7784120559692382
13839,2.1787853240966797
13840,1.919317626953125
13841,2.2199100494384765
13842,2.101784515380859
13843,2.3219276428222657
13844,2.471258354187012
13845,2.1255537033081056
13846,2.1838003158569337
13847,2.5034578323364256
13848,2.229416847229004
13849,2.472628593444824
13850,2.1402664184570312
13851,2.2904272079467773
13852,2.257053565979004
13853,2.2660520553588865
13854,2.266305351257324
13855,2.185587501525879
13856,2.60095100402832
13857,2.256463623046875
13858,2.140651512145996
13859,2.0174442291259767
13860,2.321249580383301
13861,2.392250823974609
13862,2.1762882232666017
13863,2.154795455932617
13864,2.2214731216430663
13865,2.32885799407959
13866,2.2562713623046875
13867,2.1078670501708983
13868,2.1294633865356447
13869,2.1086376190185545
13870,2.1233654022216797
13871,2.0107967376708986
13872,1.9016229629516601
13873,2.541477584838867
13874,2.357645606994629
13875,2.113582801818848
13876,2.4028751373291017
13877,2.568902778625488
13878,2.271777534484863
13879,2.2298221588134766
13880,2.3319812774658204
13881,2.1786996841430666
13882,2.535788917541504
13883,2.1425119400024415
13884,2.1463529586791994
13885,2.7919357299804686
13886,2.4045646667480467
13887,2.212171936035156
13888,2.5107789993286134
13889,2.439492416381836
13890,2.0870073318481444
13891,2.2971614837646483
13892,2.3075408935546875
13893,2.1295005798339846
13894,2.3407464981079102
13895,2.0040908813476563
13896,2.2324758529663087
13897,2.3182962417602537
13898,1.93692626953125
13899,2.3562623977661135
13900,2.0566280364990233
13901,2.415155220031738
13902,2.321903419494629
13903,2.332042121887207
13904,2.174121284484863
13905,2.1289648056030273
13906,2.1144041061401366
13907,1.8377212524414062
13908,2.1672389984130858
13909,2.452937698364258
13910,2.170575714111328
13911,2.2072998046875
13912,2.098814010620117
13913,2.274650001525879
13914,2.6296030044555665
13915,2.503799057006836
13916,2.8301673889160157
13917,2.2278404235839844
13918,2.3064517974853516
13919,2.200138473510742
13920,2.621224021911621
13921,2.3875354766845702
13922,2.193570137023926
13923,2.396890068054199
13924,2.456648826599121
13925,2.695469284057617
13926,2.5409255981445313
13927,2.1646568298339846
13928,1.7898544311523437
13929,2.0114538192749025
13930,2.333542823791504
13931,2.054628372192383
13932,2.417981719970703
13933,2.892586898803711
13934,2.0066633224487305
13935,2.0481645584106447
13936,2.1205982208251952
13937,2.1040611267089844
13938,2.2617345809936524
13939,2.7992713928222654
13940,1.9937660217285156
13941,2.308361053466797
13942,2.242021369934082
13943,1.953962516784668
13944,3.2536285400390623
13945,2.4484931945800783
13946,2.5456918716430663
13947,2.261893081665039
13948,2.127467155456543
13949,1.9974096298217774
13950,2.1812250137329103
13951,2.432976722717285
13952,2.2618284225463867
13953,2.0645610809326174
13954,2.2746747970581054
13955,2.1893695831298827
13956,2.3838483810424806
13957,2.4584676742553713
13958,2.019968605041504
13959,2.022464370727539
13960,2.2527416229248045
13961,2.1035392761230467
13962,2.1843635559082033
13963,2.0572376251220703
13964,2.238981819152832
13965,2.438008499145508
13966,2.0595043182373045
13967,2.1042526245117186
13968,2.8042861938476564
13969,2.4124273300170898
13970,2.2954029083251952
13971,2.272644805908203
13972,1.961961555480957
13973,2.226727294921875
13974,2.354599952697754
13975,2.546225929260254
13976,2.2633432388305663
13977,2.555019569396973
13978,1.9028684616088867
13979,1.8218397140502929
13980,2.05944766998291
13981,2.192559242248535
13982,2.231588935852051
13983,2.3959938049316407
13984,2.087995147705078
13985,2.084680938720703
13986,2.106609344482422
13987,2.1095375061035155
13988,2.477634048461914
13989,2.5949069976806642
13990,2.202821159362793
13991,1.9881834030151366
13992,2.3462289810180663
13993,2.120474624633789
13994,2.181188774108887
13995,2.005313491821289
13996,2.530360984802246
13997,2.4161745071411134
13998,2.1440223693847655
13999,1.9124814987182617
14000,2.2893756866455077
14001,2.3296451568603516
14002,2.212530517578125
14003,2.190017890930176
14004,2.5766448974609375
14005,2.3311742782592773
14006,2.24263916015625
14007,2.482248878479004
14008,2.2474391937255858
14009,1.9660280227661133
14010,2.5707603454589845
14011,2.27850399017334
14012,2.3361461639404295
14013,2.6293663024902343
14014,2.493155670166016
14015,2.531287956237793
14016,2.757463264465332
14017,1.7999813079833984
14018,2.2386903762817383
14019,2.435072898864746
14020,2.0539134979248046
14021,2.5342151641845705
14022,2.0054252624511717
14023,2.1931760787963865
14024,2.087225151062012
14025,2.4899839401245116
14026,2.1700571060180662
14027,2.316516876220703
14028,2.2111040115356446
14029,2.2027847290039064
14030,2.9187665939331056
14031,2.242162895202637
14032,2.0436691284179687
14033,2.4038936614990236
14034,2.2262247085571287
14035,2.4453947067260744
14036,2.2875795364379883
14037,2.323381805419922
14038,2.125895118713379
14039,2.3637462615966798
14040,2.424573516845703
14041,2.446381759643555
14042,1.938106155395508
14043,2.1096940994262696
14044,2.169135856628418
14045,2.1803226470947266
14046,1.9837905883789062
14047,2.4921829223632814
14048,1.9970081329345704
14049,2.2034185409545897
14050,2.051111602783203
14051,2.070273590087891
14052,2.048017692565918
14053,2.1610416412353515
14054,2.2471134185791017
14055,2.272998046875
14056,2.1247016906738283
14057,2.111081123352051
14058,2.188334274291992
14059,2.7241596221923827
14060,2.7337512969970703
14061,2.0649646759033202
14062,2.3690004348754883
14063,2.265788459777832
14064,2.105850410461426
14065,2.1283960342407227
14066,2.651304817199707
14067,1.939822006225586
14068,2.244917869567871
14069,2.144394111633301
14070,1.8845584869384766
14071,2.0027128219604493
14072,2.066594123840332
14073,2.62661190032959
14074,1.8820064544677735
14075,2.1537296295166017
14076,2.4438455581665037
14077,2.203667640686035
14078,2.6473121643066406
14079,2.3338171005249024
14080,2.4694862365722656
14081,2.342643928527832
14082,2.224277687072754
14083,2.1128896713256835
14084,2.3059261322021483
14085,2.286490058898926
14086,2.2635980606079102
14087,2.436570930480957
14088,2.0708335876464843
14089,2.000774383544922
14090,2.256036949157715
14091,2.4926578521728517
14092,2.2691986083984377
14093,2.4314489364624023
14094,2.280847358703613
14095,2.34960994720459
14096,2.274300765991211
14097,1.8666000366210938
14098,1.8183582305908204
14099,2.1153440475463867
14100,2.1414716720581053
14101,2.3207035064697266
14102,2.1367225646972656
14103,2.1721635818481446
14104,2.0446678161621095
14105,1.940629005432129
14106,2.277017593383789
14107,2.2711854934692384
14108,2.2642839431762694
14109,2.47982234954834
14110,2.2206716537475586
14111,2.2731864929199217
14112,2.508023262023926
14113,2.4166023254394533
14114,2.160388946533203
14115,2.130258560180664
14116,2.4391603469848633
14117,2.2762523651123048
14118,2.1949859619140626
14119,2.2137372970581053
14120,2.357193183898926
14121,2.7541934967041017
14122,2.4278661727905275
14123,2.199152374267578
14124,2.253915786743164
14125,2.3096824645996095
14126,2.651419258117676
14127,2.207515335083008
14128,2.0783872604370117
14129,2.0375560760498046
14130,2.532964515686035
14131,2.1973186492919923
14132,2.183874320983887
14133,2.1688329696655275
14134,2.2265172958374024
14135,2.4925493240356444
14136,1.861236572265625
14137,2.02655029296875
14138,2.2481481552124025
14139,2.0571243286132814
14140,2.317323684692383
14141,2.1715618133544923
14142,2.2370548248291016
14143,2.3300945281982424
14144,2.3338666915893556
14145,1.9804397583007813
14146,2.3031356811523436
14147,2.537814140319824
14148,2.1663978576660154
14149,2.3814006805419923
14150,2.3452457427978515
14151,2.0440980911254885
14152,2.006074142456055
14153,2.364998435974121
14154,2.202441596984863
14155,1.8606996536254883
14156,2.3118358612060548
14157,2.0150968551635744
14158,2.6570341110229494
14159,2.1529304504394533
14160,2.1319101333618162
14161,2.1049579620361327
14162,2.5297267913818358
14163,2.074932861328125
14164,2.11832332611084
14165,2.434010124206543
14166,2.0662067413330076
14167,2.360273742675781
14168,2.218016242980957
14169,2.415048027038574
14170,2.5709793090820314
14171,2.7129688262939453
14172,1.9927484512329101
14173,2.535284996032715
14174,1.8970195770263671
14175,2.281826210021973
14176,2.438364028930664
14177,2.460863494873047
14178,2.294467544555664
14179,2.1477413177490234
14180,2.2280282974243164
14181,2.0203481674194337
14182,2.3536420822143556
14183,2.23105411529541
14184,2.6927726745605467
14185,2.0928556442260744
14186,2.168972969055176
14187,1.987084197998047
14188,1.9682962417602539
14189,2.272764778137207
14190,2.5494783401489256
14191,2.12292594909668
14192,2.166767883300781
14193,2.3077878952026367
14194,2.055957221984863
14195,2.3159351348876953
14196,2.2652456283569338
14197,2.271570014953613
14198,2.1913917541503904
14199,2.3518192291259767
14200,2.000881385803223
14201,2.384878158569336
14202,2.249777984619141
14203,2.155863380432129
14204,1.8576534271240235
14205,2.462743949890137
14206,2.2192529678344726
14207,2.014246940612793
14208,2.4036699295043946
14209,2.1973217010498045
14210,2.2670991897583006
14211,2.4978065490722656
14212,2.8737205505371093
14213,2.4271352767944334
14214,2.0210676193237305
14215,2.1392120361328124
14216,2.514388656616211
14217,2.1457218170166015
14218,2.402425765991211
14219,2.333578681945801
14220,2.3949256896972657
14221,2.058004379272461
14222,2.1079654693603516
14223,2.034755516052246
14224,2.400424766540527
14225,2.543109321594238
14226,2.172552490234375
14227,1.968715286254883
14228,2.2159189224243163
14229,2.0775453567504885
14230,2.2263362884521483
14231,2.4088159561157227
14232,2.164928436279297
14233,2.154098701477051
14234,2.3498390197753904
14235,2.3365270614624025
14236,1.942373275756836
14237,2.1174381256103514
14238,2.0537757873535156
14239,2.1881248474121096
14240,2.2457847595214844
14241,2.2336376190185545
14242,1.9395601272583007
14243,2.315544319152832
14244,2.2673295974731444
14245,2.170682907104492
14246,2.2136423110961916
14247,2.045927047729492
14248,1.9419200897216797
14249,2.3750436782836912
14250,2.299773025512695
14251,2.2997720718383787
14252,2.2637256622314452
14253,2.0346662521362306
14254,2.135405921936035
14255,2.303617477416992
14256,2.3067819595336916
14257,2.561916732788086
14258,2.4650468826293945
14259,2.457304573059082
14260,2.4330991744995116
14261,2.079401397705078
14262,2.1740289688110352
14263,1.9970396041870118
14264,2.442844772338867
14265,2.3496784210205077
14266,2.0501012802124023
14267,2.3621341705322267
14268,2.2839630126953123
14269,2.165530204772949
14270,2.055039978027344
14271,2.288959503173828
14272,2.339635467529297
14273,1.9579095840454102
14274,2.355626678466797
14275,2.5338613510131838
14276,2.0339155197143555
14277,2.397556686401367
14278,1.9428682327270508
14279,1.933318519592285
14280,2.073044204711914
14281,2.549095344543457
14282,2.409779357910156
14283,2.10327205657959
14284,2.1112701416015627
14285,2.546999931335449
14286,2.180681610107422
14287,1.9959571838378907
14288,2.5004024505615234
14289,2.4612159729003906
14290,2.4477108001708983
14291,2.2312929153442385
14292,2.238174247741699
14293,2.123200798034668
14294,2.091897964477539
14295,2.124466133117676
14296,2.014149475097656
14297,2.2651531219482424
14298,2.0753807067871093
14299,2.471464729309082
14300,2.3808477401733397
14301,2.479496955871582
14302,1.7654689788818358
14303,2.3341449737548827
14304,2.1623214721679687
14305,2.309311866760254
14306,2.5493566513061525
14307,2.6532880783081056
14308,2.511476516723633
14309,2.184714508056641
14310,2.206812858581543
14311,2.166134071350098
14312,2.1820842742919924
14313,2.6407445907592773
14314,2.3844367980957033
14315,2.286670684814453
14316,2.7772754669189452
14317,2.1452674865722656
14318,2.06068115234375
14319,2.387787437438965
14320,2.3579145431518556
14321,2.182822608947754
14322,2.2801198959350586
14323,2.1726734161376955
14324,1.880112648010254
14325,2.256963539123535
14326,1.953325080871582
14327,2.1873651504516602
14328,1.825306510925293
14329,1.9871496200561523
14330,2.189325714111328
14331,2.319683837890625
14332,2.533340644836426
14333,2.3718109130859375
14334,2.075816535949707
14335,2.0491317749023437
14336,2.164085578918457
14337,2.419418716430664
14338,2.2698888778686523
14339,2.4812564849853516
14340,2.3940046310424803
14341,2.12050838470459
14342,1.8647333145141602
14343,2.2733325958251953
14344,2.356119918823242
14345,1.8387989044189452
14346,2.338104248046875
14347,2.3053375244140626
14348,2.14709529876709
14349,2.4262834548950196
14350,2.377482795715332
14351,2.055547523498535
14352,2.5082406997680664
14353,2.129698371887207
14354,1.864517593383789
14355,2.1339611053466796
14356,2.2938606262207033
14357,2.2347164154052734
14358,2.0887813568115234
14359,2.4953433990478517
14360,2.3531803131103515
14361,2.361958694458008
14362,2.237908363342285
14363,2.5760385513305666
14364,1.9748903274536134
14365,2.6842376708984377
14366,2.4400659561157227
14367,1.9609655380249023
14368,2.169453430175781
14369,2.2660945892333983
14370,2.2024145126342773
14371,2.22574520111084
14372,2.1307756423950197
14373,3.5265884399414062
14374,2.169378089904785
14375,2.350421142578125
14376,2.2786874771118164
14377,1.8816106796264649
14378,2.2056629180908205
14379,1.859202003479004
14380,2.2937421798706055
14381,2.159169006347656
14382,2.1671073913574217
14383,2.3331398010253905
14384,1.7163730621337892
14385,1.8236124038696289
14386,2.1595813751220705
14387,2.068097686767578
14388,2.181904602050781
14389,2.3755014419555662
14390,2.11602897644043
14391,2.2002029418945312
14392,2.3018587112426756
14393,2.019562339782715
14394,2.330913543701172
14395,2.309685707092285
14396,2.1110149383544923
14397,2.266761589050293
14398,2.430632781982422
14399,2.1418636322021483
14400,2.05434513092041
14401,2.0998796463012694
14402,1.9663152694702148
14403,2.055815505981445
14404,2.4711044311523436
14405,1.7160655975341796
14406,2.3959909439086915
14407,2.388564872741699
14408,1.9425121307373048
14409,2.156200981140137
14410,2.1613433837890623
14411,2.2173105239868165
14412,2.242679977416992
14413,1.8106124877929688
14414,2.2186534881591795
14415,2.661638069152832
14416,2.451349067687988
14417,2.1588413238525392
14418,2.448353958129883
14419,2.3002243041992188
14420,2.640203285217285
14421,2.3521448135375977
14422,2.2877954483032226
14423,2.149738883972168
14424,2.403984260559082
14425,1.6983449935913086
14426,2.3513511657714843
14427,2.4634323120117188
14428,2.256092834472656
14429,2.4597644805908203
14430,2.4741539001464843
14431,2.286765480041504
14432,2.0866933822631837
14433,2.383226013183594
14434,2.4270339965820313
14435,2.131853485107422
14436,2.0894147872924806
14437,1.8964397430419921
14438,2.2461299896240234
14439,2.053980827331543
14440,2.157231903076172
14441,2.276063919067383
14442,2.3438848495483398
14443,2.2784448623657227
14444,2.2013158798217773
14445,2.214769744873047
14446,2.2653182983398437
14447,2.2449073791503906
14448,2.377144622802734
14449,2.256861114501953
14450,2.05653076171875
14451,2.2005468368530274
14452,2.179226875305176
14453,2.1486778259277344
14454,2.072147178649902
14455,2.3587518692016602
14456,2.1824451446533204
14457,1.7941940307617188
14458,2.31522159576416
14459,2.3925172805786135
14460,2.0937028884887696
14461,2.130154609680176
14462,2.074558639526367
14463,2.2172264099121093
14464,1.988383674621582
14465,2.683503532409668
14466,2.707062530517578
14467,2.0404476165771483
14468,2.142178535461426
14469,2.2591957092285155
14470,2.345711326599121
14471,2.417349624633789
14472,2.4098100662231445
14473,1.9598155975341798
14474,2.0520029067993164
14475,2.3940080642700194
14476,2.1617502212524413
14477,2.2585716247558594
14478,2.226336860656738
14479,2.253166389465332
14480,2.2382150650024415
14481,2.146491050720215
14482,2.3235404968261717
14483,2.1325698852539063
14484,2.019535255432129
14485,2.6035282135009767
14486,1.9531030654907227
14487,2.3123615264892576
14488,2.6012594223022463
14489,2.361336517333984
14490,2.3291324615478515
14491,2.292205238342285
14492,2.267467498779297
14493,2.3064300537109377
14494,2.5855535507202148
14495,2.0614704132080077
14496,2.035093307495117
14497,2.0620891571044924
14498,2.0032154083251954
14499,2.3135169982910155
14500,2.620492935180664
14501,2.2499153137207033
14502,2.3333187103271484
14503,2.131239128112793
14504,2.41304988861084
14505,2.2841028213500976
14506,2.125885581970215
14507,2.3358299255371096
14508,2.5085094451904295
14509,2.539130973815918
14510,2.4011085510253904
14511,2.482578468322754
14512,2.2714067459106446
14513,2.4332834243774415
14514,2.658438873291016
14515,2.336286735534668
14516,2.3147775650024416
14517,2.34686222076416
14518,2.5818687438964845
14519,2.369543266296387
14520,1.985053253173828
14521,2.3919979095458985
14522,2.2305713653564454
14523,2.098017692565918
14524,2.6194988250732423
14525,1.9987543106079102
14526,2.1017398834228516
14527,2.158644104003906
14528,2.112882614135742
14529,2.3656314849853515
14530,2.55478572845459
14531,2.4675546646118165
14532,2.159343719482422
14533,2.513615036010742
14534,2.326302146911621
14535,2.0331817626953126
14536,2.164455032348633
14537,2.1012336730957033
14538,2.236153793334961
14539,2.26968994140625
14540,2.1414566040039062
14541,2.2596338272094725
14542,1.916671371459961
14543,2.050965118408203
14544,2.0720481872558594
14545,2.1959489822387694
14546,2.4799016952514648
14547,2.200326919555664
14548,2.024845314025879
14549,2.3371477127075195
14550,1.8045083999633789
14551,2.518638038635254
14552,2.163417434692383
14553,2.099407958984375
14554,2.3309436798095704
14555,2.0180641174316407
14556,2.4193519592285155
14557,2.2412992477416993
14558,2.0320287704467774
14559,2.6507989883422853
14560,2.257460021972656
14561,1.8707672119140626
14562,2.0220518112182617
14563,1.955361557006836
14564,2.178472900390625
14565,1.967587661743164
14566,2.2541006088256834
14567,2.3260730743408202
14568,1.9900634765625
14569,2.2690862655639648
14570,2.391705322265625
14571,2.001280975341797
14572,2.5628936767578123
14573,2.1318780899047853
14574,2.2957717895507814
14575,2.6731245040893556
14576,2.3786552429199217
14577,2.1865745544433595
14578,2.2983896255493166
14579,2.247764015197754
14580,1.980978775024414
14581,2.7980140686035155
14582,2.0190616607666017
14583,2.1997194290161133
14584,2.299180030822754
14585,2.118216323852539
14586,2.025948905944824
14587,2.32305965423584
14588,2.6851757049560545
14589,2.162717819213867
14590,2.213591766357422
14591,2.2725955963134767
14592,2.341826057434082
14593,1.8299407958984375
14594,2.3634124755859376
14595,1.8735523223876953
14596,2.1577545166015626
14597,2.0468162536621093
14598,1.997629737854004
14599,2.2347293853759767
14600,2.5405288696289063
14601,2.122252655029297
14602,2.334839630126953
14603,1.9108394622802733
14604,1.9929603576660155
14605,2.4713680267333986
14606,2.2362693786621093
14607,1.7148605346679688
14608,2.2223527908325194
14609,2.056404685974121
14610,2.503379058837891
14611,2.4675577163696287
14612,2.3330955505371094
14613,2.502372932434082
14614,2.2927886962890627
14615,2.487291717529297
14616,2.183060073852539
14617,2.3507383346557615
14618,2.173584747314453
14619,2.445122718811035
14620,2.2980983734130858
14621,2.4540971755981444
14622,2.4688442230224608
14623,2.398105812072754
14624,2.468536376953125
14625,2.7577116012573244
14626,2.1929000854492187
14627,2.3955806732177733
14628,2.0686206817626953
14629,2.156698989868164
14630,2.3628519058227537
14631,2.269338607788086
14632,2.1965145111083983
14633,2.3947071075439452
14634,2.2859798431396485
14635,1.8457134246826172
14636,2.1207576751708985
14637,2.3397119522094725
14638,2.3185907363891602
14639,2.7017772674560545
14640,2.1081674575805662
14641,2.242129325866699
14642,2.078795051574707
14643,2.296896553039551
14644,2.1593332290649414
14645,2.250936508178711
14646,2.1571754455566405
14647,2.0165815353393555
14648,2.510849380493164
14649,2.1234151840209963
14650,2.246500778198242
14651,1.9157020568847656
14652,2.4015520095825194
14653,2.7337364196777343
14654,2.385777473449707
14655,2.366595649719238
14656,2.059421920776367
14657,2.070710563659668
14658,2.240992546081543
14659,2.2526182174682616
14660,2.123623085021973
14661,2.593525695800781
14662,2.3438640594482423
14663,2.3982208251953123
14664,2.1587030410766603
14665,2.290810966491699
14666,2.397164535522461
14667,2.4158084869384764
14668,2.5147687911987306
14669,2.2986820220947264
14670,2.3927501678466796
14671,2.4077169418334963
14672,2.1302024841308596
14673,2.358853340148926
14674,2.2266429901123046
14675,1.9005643844604492
14676,2.25323600769043
14677,2.3180294036865234
14678,2.741977882385254
14679,2.1198165893554686
14680,2.1595691680908202
14681,2.040342330932617
14682,2.1646705627441407
14683,1.8436779022216796
14684,2.3289005279541017
14685,2.0921730041503905
14686,2.233911323547363
14687,2.3605743408203126
14688,2.1568391799926756
14689,2.4980918884277346
14690,2.3375
14691,2.4252130508422853
14692,2.1169408798217773
14693,2.078474235534668
14694,2.3963644027709963
14695,2.2044906616210938
14696,2.326169967651367
14697,2.738549995422363
14698,1.9143560409545899
14699,2.3589624404907226
14700,2.1107887268066405
14701,2.0613075256347657
14702,2.1608333587646484
14703,2.151137351989746
14704,2.144509506225586
14705,2.25827579498291
14706,1.8927892684936523
14707,2.359292221069336
14708,2.3911388397216795
14709,1.9245311737060546
14710,2.4820655822753905
14711,2.264055633544922
14712,2.108217239379883
14713,2.0912776947021485
14714,2.3409423828125
14715,2.3873682022094727
14716,2.2538005828857424
14717,2.4766244888305664
14718,2.2866758346557616
14719,2.3311187744140627
14720,2.0961509704589845
14721,2.451842498779297
14722,2.3278520584106444
14723,2.006307601928711
14724,2.166059684753418
14725,2.159681510925293
14726,2.815399932861328
14727,2.139525604248047
14728,2.2603851318359376
14729,2.3846668243408202
14730,2.144526481628418
14731,1.9907546997070313
14732,2.0395694732666017
14733,2.034341239929199
14734,1.883366584777832
14735,2.1506338119506836
14736,2.2474128723144533
14737,2.295878791809082
14738,2.0956153869628906
14739,2.2706445693969726
14740,1.989160919189453
14741,2.0537315368652345
14742,2.446660041809082
14743,2.4489723205566407
14744,2.2614288330078125
14745,2.3113433837890627
14746,2.1476558685302733
14747,2.0793949127197267
14748,2.1051692962646484
14749,2.2469120025634766
14750,2.267500114440918
14751,2.049770736694336
14752,2.27939453125
14753,2.0828582763671877
14754,2.290632438659668
14755,2.3476158142089845
14756,1.8866424560546875
14757,2.154159355163574
14758,2.2238027572631838
14759,2.083668899536133
14760,2.449724006652832
14761,2.078802299499512
14762,2.213938522338867
14763,2.284765625
14764,2.418010711669922
14765,2.1570396423339844
14766,1.9584728240966798
14767,2.407276916503906
14768,2.4779266357421874
14769,2.3229135513305663
14770,2.5015884399414063
14771,2.067124366760254
14772,2.5274457931518555
14773,1.905503273010254
14774,2.1465330123901367
14775,2.280322265625
14776,2.124484062194824
14777,2.0425018310546874
14778,2.253108596801758
14779,2.070611763000488
14780,2.0024879455566404
14781,1.7306758880615234
14782,2.115786552429199
14783,2.464944839477539
14784,2.1620508193969727
14785,2.192852020263672
14786,2.066024398803711
14787,2.340414047241211
14788,2.1601327896118163
14789,2.2284244537353515
14790,2.5176856994628904
14791,2.1750534057617186
14792,2.494174766540527
14793,2.29871826171875
14794,2.210919189453125
14795,2.2034723281860353
14796,1.950895118713379
14797,2.386989212036133
14798,2.0339115142822264
14799,2.334628677368164
14800,2.014450454711914
14801,2.266440200805664
14802,2.079805374145508
14803,2.1087806701660154
14804,2.0945608139038088
14805,2.039069938659668
14806,1.8581148147583009
14807,2.244862174987793
14808,2.3014759063720702
14809,2.450070381164551
14810,2.369308090209961
14811,2.1746967315673826
14812,2.2978208541870115
14813,2.210755729675293
14814,2.291454315185547
14815,2.1302492141723635
14816,2.222238540649414
14817,2.5244686126708986
14818,2.3056264877319337
14819,2.361531639099121
14820,1.9814725875854493
14821,2.3196277618408203
14822,2.8079463958740236
14823,2.1404151916503906
14824,2.2538211822509764
14825,2.134039115905762
14826,2.357122802734375
14827,2.2965526580810547
14828,2.3382841110229493
14829,2.4906278610229493
14830,1.9418584823608398
14831,2.1550115585327148
14832,2.170343017578125
14833,2.2272785186767576
14834,2.306191062927246
14835,2.9431381225585938
14836,2.178257179260254
14837,2.2491472244262694
14838,2.5700780868530275
14839,2.0961437225341797
14840,2.3792139053344727
14841,2.399058151245117
14842,2.1073186874389647
14843,2.133392333984375
14844,2.175710678100586
14845,2.3056053161621093
14846,2.169169616699219
14847,1.8845848083496093
14848,2.050670623779297
14849,2.379367446899414
14850,2.0435436248779295
14851,2.4350906372070313
14852,2.130208969116211
14853,1.9723335266113282
14854,1.8920648574829102
14855,1.9663799285888672
14856,2.054280471801758
14857,2.4817167282104493
14858,2.1271291732788087
14859,2.4704669952392577
14860,2.1755184173583983
14861,2.0328981399536135
14862,2.7201120376586916
14863,2.193315124511719
14864,2.1180307388305666
14865,2.4058834075927735
14866,1.9824457168579102
14867,2.2313461303710938
14868,2.513050651550293
14869,2.4602548599243166
14870,2.2805646896362304
14871,2.227493667602539
14872,2.5504423141479493
14873,2.213805389404297
14874,2.186069679260254
14875,2.464873123168945
14876,2.3180940628051756
14877,2.342814826965332
14878,2.2103866577148437
14879,2.217670440673828
14880,2.429745101928711
14881,2.112061309814453
14882,2.3107805252075195
14883,2.6103078842163088
14884,2.3598947525024414
14885,2.6874908447265624
14886,2.493682098388672
14887,2.2766960144042967
14888,2.828595733642578
14889,2.221169662475586
14890,2.5959409713745116
14891,2.0676513671875
14892,2.2260805130004884
14893,2.4629644393920898
14894,2.2676916122436523
14895,2.258640480041504
14896,2.346182441711426
14897,2.7634860992431642
14898,2.0634157180786135
14899,2.1066766738891602
14900,2.0700920104980467
14901,2.5072490692138674
14902,2.6170448303222655
14903,2.465789794921875
14904,1.9516571044921875
14905,2.3638391494750977
14906,2.566045951843262
14907,1.9611835479736328
14908,2.1387327194213865
14909,2.1604623794555664
14910,2.5493555068969727
14911,2.1264020919799806
14912,2.6742328643798827
14913,1.943385124206543
14914,2.793693733215332
14915,2.3759910583496096
14916,2.128089714050293
14917,2.248632621765137
14918,2.3918813705444335
14919,2.1851827621459963
14920,2.249951171875
14921,1.8836662292480468
14922,1.9635705947875977
14923,2.238791275024414
14924,2.2254058837890627
14925,2.273223876953125
14926,2.355702209472656
14927,2.3723876953125
14928,2.3502828598022463
14929,2.1442052841186525
14930,2.331843376159668
14931,2.4564462661743165
14932,2.055860710144043
14933,2.4480552673339844
14934,2.541138458251953
14935,2.543493461608887
14936,2.1017339706420897
14937,2.22112922668457
14938,2.293161964416504
14939,2.2144964218139647
14940,2.2786026000976562
14941,2.109608459472656
14942,2.1831445693969727
14943,2.9701623916625977
14944,2.286770248413086
14945,2.26082706451416
14946,2.1721364974975588
14947,2.0085275650024412
14948,2.4339969635009764
14949,2.152797317504883
14950,2.07757568359375
14951,2.122322654724121
14952,2.3443666458129884
14953,2.2735692977905275
14954,2.3397878646850585
14955,2.4612302780151367
14956,1.9748802185058594
14957,2.6819269180297853
14958,2.253082847595215
14959,2.6105175018310547
14960,2.5870574951171874
14961,2.0457632064819338
14962,2.559796142578125
14963,2.607962989807129
14964,2.302993965148926
14965,2.0396408081054687
14966,2.4645111083984377
14967,2.276058578491211
14968,2.3463985443115236
14969,2.2118873596191406
14970,2.389187812805176
14971,2.329149627685547
14972,2.3953632354736327
14973,2.7171298980712892
14974,2.2503421783447264
14975,1.9753793716430663
14976,2.2371589660644533
14977,2.4548833847045897
14978,2.3039154052734374
14979,1.9695528030395508
14980,2.409885597229004
14981,2.739172172546387
14982,2.3645795822143554
14983,2.1986618041992188
14984,2.0186269760131834
14985,2.1676559448242188
14986,2.125943183898926
14987,2.157906341552734
14988,2.2111572265625
14989,2.653093719482422
14990,2.1637460708618166
14991,2.2972509384155275
14992,2.0486642837524416
14993,1.9166311264038085
14994,2.3933759689331056
14995,2.31636962890625
14996,2.0046884536743166
14997,2.1287311553955077
14998,2.051983451843262
14999,2.4669824600219727
15000,2.0673093795776367
15001,2.0773361206054686
15002,2.1983549118041994
15003,2.547211456298828
15004,2.2645668029785155
15005,2.3107488632202147
15006,2.439705657958984
15007,2.4975866317749023
15008,2.2330503463745117
15009,2.397227668762207
15010,2.2832279205322266
15011,2.1657676696777344
15012,2.2931964874267576
15013,1.9859619140625
15014,2.4876407623291015
15015,2.0323436737060545
15016,2.568277359008789
15017,1.980244255065918
15018,2.140176773071289
15019,2.4282205581665037
15020,2.0378660202026366
15021,2.56634464263916
15022,1.8898841857910156
15023,2.1963838577270507
15024,2.2103675842285155
15025,2.540976142883301
15026,2.273567962646484
15027,2.7656780242919923
15028,2.2855615615844727
15029,2.535836029052734
15030,2.260768699645996
15031,2.187040901184082
15032,2.2328386306762695
15033,1.8959342956542968
15034,2.2637205123901367
15035,2.3837451934814453
15036,2.17974739074707
15037,2.3664270401000977
15038,2.3585088729858397
15039,2.384769058227539
15040,2.533072090148926
15041,2.3451663970947267
15042,2.128111457824707
15043,2.1132791519165037
15044,2.5901960372924804
15045,2.1041744232177733
15046,2.216071891784668
15047,2.2903152465820313
15048,2.309357452392578
15049,2.165318489074707
15050,2.4695772171020507
15051,2.3689050674438477
15052,2.219559097290039
15053,2.6543102264404297
15054,2.0756324768066405
15055,2.0385522842407227
15056,2.070607566833496
15057,2.327445220947266
15058,2.4112220764160157
15059,2.3131669998168944
15060,2.1316383361816404
15061,2.3731807708740233
15062,2.094304847717285
15063,2.2520523071289062
15064,2.5971139907836913
15065,1.9433757781982421
15066,2.6208259582519533
15067,2.0258731842041016
15068,2.2865535736083986
15069,2.189398002624512
15070,2.4698951721191404
15071,2.2256887435913084
15072,2.0880126953125
15073,2.3427499771118163
15074,2.409696578979492
15075,2.223612403869629
15076,2.077056884765625
15077,2.671653175354004
15078,2.3881975173950196
15079,2.348495864868164
15080,2.263759231567383
15081,2.4400957107543944
15082,2.3242525100708007
15083,2.1815774917602537
15084,2.4487279891967773
15085,2.4232952117919924
15086,2.29010066986084
15087,2.4661233901977537
15088,2.2261886596679688
15089,2.1188255310058595
15090,2.249965476989746
15091,2.4722406387329103
15092,2.1564189910888674
15093,2.3652706146240234
15094,2.3020248413085938
15095,2.340203285217285
15096,2.4407176971435547
15097,1.9270626068115235
15098,2.0249216079711916
15099,2.607052803039551
15100,2.3022846221923827
15101,2.2430866241455076
15102,2.3729574203491213
15103,2.3252691268920898
15104,1.9733137130737304
15105,2.0229454040527344
15106,2.4745864868164062
15107,1.931112289428711
15108,2.719999885559082
15109,2.3430408477783202
15110,2.2484869003295898
15111,2.75445671081543
15112,2.1735795974731444
15113,2.154591941833496
15114,2.540182876586914
15115,2.260990333557129
15116,2.4860761642456053
15117,2.469436454772949
15118,2.5088003158569334
15119,2.382013130187988
15120,2.174381446838379
15121,2.1639827728271483
15122,2.069422149658203
15123,2.2745710372924806
15124,2.26076602935791
15125,2.0588579177856445
15126,2.1909032821655274
15127,2.1351619720458985
15128,1.9487781524658203
15129,2.4639116287231446
15130,2.291250991821289
15131,2.2409078598022463
15132,2.4059877395629883
15133,2.565532112121582
15134,2.0503360748291017
15135,2.2927631378173827
15136,1.7631135940551759
15137,2.159395217895508
15138,2.5118431091308593
15139,2.299032211303711
15140,2.0667144775390627
15141,2.1324316024780274
15142,2.529115104675293
15143,2.5379743576049805
15144,2.3347917556762696
15145,2.3022546768188477
15146,2.201259231567383
15147,2.2287410736083983
15148,2.47359561920166
15149,2.0567743301391603
15150,2.5560546875
15151,2.4186330795288087
15152,2.626325798034668
15153,2.463468551635742
15154,2.419211769104004
15155,2.1794204711914062
15156,2.317982482910156
15157,2.1223278045654297
15158,2.3703310012817385
15159,2.2119272232055662
15160,2.0908689498901367
15161,2.220636558532715
15162,2.4443649291992187
15163,2.0228813171386717
15164,2.23101921081543
15165,2.2604204177856446
15166,2.4137414932250976
15167,2.22967472076416
15168,2.2850757598876954
15169,2.3359024047851564
15170,2.5865713119506837
15171,2.5349613189697267
15172,1.9607816696166993
15173,2.4101421356201174
15174,2.5660348892211915
15175,2.584783935546875
15176,2.1764102935791017
15177,2.0193553924560548
15178,2.3923044204711914
15179,2.571036529541016
15180,1.9638988494873046
15181,2.0589483261108397
15182,2.316765022277832
15183,2.2810840606689453
15184,2.602926826477051
15185,2.0651607513427734
15186,2.4064292907714844
15187,2.631524085998535
15188,2.487801170349121
15189,2.538458251953125
15190,2.0446950912475588
15191,2.515674018859863
15192,2.502933883666992
15193,2.4273187637329103
15194,2.4049503326416017
15195,2.2883907318115235
15196,2.5274547576904296
15197,2.307393264770508
15198,2.4191423416137696
15199,2.5370109558105467
15200,2.2504642486572264
15201,2.512858772277832
15202,2.0586877822875977
15203,2.227696990966797
15204,2.2404556274414062
15205,2.7695896148681642
15206,2.1888919830322267
15207,1.8924219131469726
15208,2.050223731994629
15209,2.0858654022216796
15210,2.3593822479248048
15211,2.1752817153930666
15212,2.090020179748535
15213,2.4515457153320312
15214,2.0505043029785157
15215,2.035783576965332
15216,2.259963607788086
15217,2.4008934020996096
15218,2.7855907440185548
15219,2.460480880737305
15220,2.261809158325195
15221,2.2011844635009767
15222,2.0402505874633787
15223,2.297611045837402
15224,1.9968742370605468
15225,2.316157913208008
15226,2.5117166519165037
15227,2.4920698165893556
15228,2.597930145263672
15229,2.02508430480957
15230,2.112737846374512
15231,2.3347774505615235
15232,2.45611686706543
15233,2.421684455871582
15234,2.2574285507202148
15235,2.276541519165039
15236,2.434192657470703
15237,2.2430662155151366
15238,2.2486921310424806
15239,2.246042251586914
15240,2.3529592514038087
15241,2.5531744003295898
15242,2.371410942077637
15243,1.8655609130859374
15244,2.3802223205566406
15245,2.317938041687012
15246,2.578972053527832
15247,2.2142822265625
15248,2.479784393310547
15249,2.1983572006225587
15250,1.9163362503051757
15251,1.9313447952270508
15252,2.5799701690673826
15253,1.7821523666381835
15254,2.140924835205078
15255,2.514016342163086
15256,2.414715576171875
15257,1.9652559280395507
15258,2.326086235046387
15259,2.194968414306641
15260,2.1764062881469726
15261,2.7032049179077147
15262,2.463602828979492
15263,2.3144760131835938
15264,2.2128610610961914
15265,2.0671178817749025
15266,1.897134780883789
15267,1.9953908920288086
15268,2.3185907363891602
15269,2.628733825683594
15270,2.3607053756713867
15271,2.2999963760375977
15272,2.4554817199707033
15273,2.2013246536254885
15274,2.0296699523925783
15275,2.2109216690063476
15276,3.0563226699829102
15277,2.216781425476074
15278,2.2819231033325194
15279,2.3290061950683594
15280,2.0686014175415037
15281,2.2095258712768553
15282,2.2361499786376955
15283,1.9989557266235352
15284,2.329285430908203
15285,2.009687614440918
15286,2.3240774154663084
15287,2.0565948486328125
15288,2.215550422668457
15289,2.4046403884887697
15290,2.865826225280762
15291,2.233831787109375
15292,2.5151594161987303
15293,2.3143808364868166
15294,1.9149797439575196
15295,2.5136796951293947
15296,2.3386449813842773
15297,2.224994659423828
15298,2.434396743774414
15299,2.1367292404174805
15300,2.061149024963379
15301,1.966642189025879
15302,2.513095474243164
15303,2.5508365631103516
15304,2.505031776428223
15305,2.140944480895996
15306,2.433849906921387
15307,2.2993303298950196
15308,2.2228677749633787
15309,2.2052129745483398
15310,2.37209415435791
15311,2.1449607849121093
15312,2.4749099731445314
15313,2.224801445007324
15314,2.1136348724365233
15315,2.0741044998168947
15316,2.040919303894043
15317,1.9114194869995118
15318,2.3645694732666014
15319,2.1473535537719726
15320,2.0109302520751955
15321,2.5576126098632814
15322,2.504216957092285
15323,2.4224525451660157
15324,2.403140830993652
15325,2.0695928573608398
15326,2.4037796020507813
15327,2.366100883483887
15328,2.4326196670532227
15329,2.2743234634399414
15330,2.25488224029541
15331,2.1677675247192383
15332,2.2822092056274412
15333,2.6482534408569336
15334,1.879166603088379
15335,2.1631372451782225
15336,2.0495012283325194
15337,2.527923583984375
15338,2.0781484603881837
15339,2.20469970703125
15340,2.1471441268920897
15341,1.9701486587524415
15342,2.3643775939941407
15343,2.1733783721923827
15344,2.484593963623047
15345,2.3364124298095703
15346,2.14996452331543
15347,2.2914031982421874
15348,2.594010353088379
15349,2.1058998107910156
15350,2.1456769943237304
15351,2.2723779678344727
15352,2.665695381164551
15353,2.385640525817871
15354,2.278084373474121
15355,2.27742919921875
15356,2.0786788940429686
15357,2.4968387603759767
15358,1.9056941986083984
15359,2.0241464614868163
15360,2.220758628845215
15361,2.7658706665039063
15362,2.2565399169921876
15363,2.2872955322265627
15364,2.1979042053222657
15365,2.241740417480469
15366,1.9181568145751953
15367,2.3171586990356445
15368,2.2921566009521483
15369,2.3844423294067383
15370,2.6434146881103517
15371,2.122834396362305
15372,2.6239896774291993
15373,2.5209959030151365
15374,2.2743959426879883
15375,2.1772865295410155
15376,2.094103240966797
15377,2.0603137969970704
15378,2.663221740722656
15379,2.236891746520996
15380,2.2654809951782227
15381,2.151622200012207
15382,1.989931869506836
15383,2.3538604736328126
15384,2.4471437454223635
15385,2.4599985122680663
15386,2.3097951889038084
15387,2.087668800354004
15388,2.28101806640625
15389,2.212333869934082
15390,2.163913917541504
15391,2.137349510192871
15392,2.1317588806152346
15393,2.3793817520141602
15394,2.2379709243774415
15395,2.425306701660156
15396,2.1846393585205077
15397,2.469512939453125
15398,2.178022003173828
15399,2.309467315673828
15400,2.406040000915527
15401,2.299175834655762
15402,2.2378608703613283
15403,1.8977041244506836
15404,2.0465625762939452
15405,2.38131046295166
15406,2.4729682922363283
15407,3.2581764221191407
15408,1.9686466217041017
15409,2.645143508911133
15410,2.5814693450927733
15411,2.2044553756713867
15412,2.5448713302612305
15413,2.0105144500732424
15414,2.1311710357666014
15415,2.539417266845703
15416,2.377055358886719
15417,2.2272502899169924
15418,2.4012420654296873
15419,2.335434341430664
15420,2.0624008178710938
15421,2.149311828613281
15422,2.0039400100708007
15423,1.8602218627929688
15424,2.2462690353393553
15425,2.106593704223633
15426,2.2365478515625
15427,2.221526336669922
15428,2.3447694778442383
15429,2.1449697494506834
15430,2.185737419128418
15431,2.1436927795410154
15432,2.2438344955444336
15433,2.380915641784668
15434,2.201558303833008
15435,2.19006404876709
15436,2.3897233963012696
15437,2.118571090698242
15438,2.2882574081420897
15439,2.1625959396362306
15440,2.7526695251464846
15441,2.1199409484863283
15442,2.3056665420532227
15443,2.154775047302246
15444,2.0417713165283202
15445,2.439494323730469
15446,2.3794485092163087
15447,2.3815053939819335
15448,2.1715871810913088
15449,2.0221750259399416
15450,2.1467187881469725
15451,2.6508306503295898
15452,2.2607717514038086
15453,2.3884536743164064
15454,2.212812614440918
15455,2.028141212463379
15456,1.89245662689209
15457,2.1978132247924806
15458,2.5109638214111327
15459,2.54614143371582
15460,2.2423320770263673
15461,2.1581649780273438
15462,2.0505254745483397
15463,2.3724857330322267
15464,2.317308044433594
15465,2.093188667297363
15466,2.3336088180541994
15467,2.3387929916381838
15468,2.398750877380371
15469,2.2581539154052734
15470,2.158918762207031
15471,2.218768501281738
15472,2.3095724105834963
15473,2.015235710144043
15474,2.3591180801391602
15475,2.0535566329956056
15476,2.068695640563965
15477,1.7899402618408202
15478,2.366589164733887
15479,2.0491315841674806
15480,2.1194345474243166
15481,1.8633989334106444
15482,2.3886552810668946
15483,2.331846809387207
15484,2.345099449157715
15485,2.1991390228271483
15486,2.316349983215332
15487,2.7120105743408205
15488,2.207347297668457
15489,2.132058334350586
15490,2.018645668029785
15491,2.036570167541504
15492,2.1738454818725588
15493,2.063705253601074
15494,2.3516717910766602
15495,2.3253509521484377
15496,2.588520812988281
15497,2.0234516143798826
15498,2.339913749694824
15499,1.686353874206543
15500,2.168567085266113
15501,2.509988784790039
15502,2.16278133392334
15503,2.696858215332031
15504,2.180217742919922
15505,2.3649152755737304
15506,2.2057247161865234
15507,2.065447235107422
15508,2.2103755950927733
15509,2.320076751708984
15510,1.9624170303344726
15511,2.5509851455688475
15512,2.205154609680176
15513,2.1557098388671876
15514,2.0138763427734374
15515,2.345769691467285
15516,2.510908317565918
15517,1.9627452850341798
15518,2.366510772705078
15519,2.2151437759399415
15520,2.3889413833618165
15521,2.2479827880859373
15522,2.6961702346801757
15523,2.3363677978515627
15524,2.571828269958496
15525,1.9495731353759767
15526,1.9451597213745118
15527,2.401302719116211
15528,2.355933952331543
15529,2.0572782516479493
15530,2.0435558319091798
15531,2.5755542755126952
15532,1.8881114959716796
15533,2.183873176574707
15534,2.4899213790893553
15535,2.063027191162109
15536,2.034251403808594
15537,2.0332733154296876
15538,2.224066734313965
15539,2.228675651550293
15540,2.1748540878295897
15541,2.334318161010742
15542,2.431584930419922
15543,2.9048593521118162
15544,2.4711713790893555
15545,2.1472875595092775
15546,2.3665390014648438
15547,2.1446887969970705
15548,2.3146799087524412
15549,1.978518295288086
15550,2.8772451400756838
15551,2.323756980895996
15552,1.954823112487793
15553,2.0672019958496093
15554,2.134210395812988
15555,2.5378110885620115
15556,1.9922002792358398
15557,2.2611810684204103
15558,1.6871767044067383
15559,2.564529800415039
15560,2.320511054992676
15561,2.564794731140137
15562,2.2688196182250975
15563,2.3016483306884767
15564,2.536105728149414
15565,2.431655693054199
15566,1.9985532760620117
15567,2.3265050888061523
15568,2.4944059371948244
15569,2.5509695053100585
15570,2.0448575973510743
15571,2.202254295349121
15572,2.304597854614258
15573,2.227183151245117
15574,2.2295768737792967
15575,2.136277198791504
15576,2.460212516784668
15577,2.1494415283203123
15578,2.518156051635742
15579,2.4646413803100584
15580,2.293751525878906
15581,2.324715423583984
15582,1.9476263046264648
15583,2.136483001708984
15584,2.085600662231445
15585,2.421552848815918
15586,2.092741012573242
15587,2.4114484786987305
15588,2.040177917480469
15589,2.509904670715332
15590,2.8915767669677734
15591,2.3023242950439453
15592,2.168618011474609
15593,2.3417205810546875
15594,1.9157241821289062
15595,2.565923309326172
15596,1.7977029800415039
15597,2.4915254592895506
15598,1.9682558059692383
15599,2.117641258239746
15600,2.0531875610351564
15601,2.1456008911132813
15602,2.320242691040039
15603,2.1962085723876954
15604,2.144300651550293
15605,2.3382289886474608
15606,2.1601818084716795
15607,1.8373607635498046
15608,2.3040294647216797
15609,2.460690498352051
15610,2.2857627868652344
15611,2.2770429611206056
15612,1.979243278503418
15613,2.272222328186035
15614,2.539607048034668
15615,2.2274925231933596
15616,1.9699623107910156
15617,1.8622116088867187
15618,2.0748735427856446
15619,2.102898597717285
15620,1.874827003479004
15621,2.1885889053344725
15622,2.3994421005249023
15623,2.241080093383789
15624,1.862363052368164
15625,2.4581716537475584
15626,2.3553016662597654
15627,2.286863327026367
15628,1.8830541610717773
15629,2.1408580780029296
15630,2.232657051086426
15631,2.345591735839844
15632,2.370587921142578
15633,2.3945932388305664
15634,2.094438362121582
15635,2.392295265197754
15636,2.6202417373657227
15637,2.258527374267578
15638,2.062335205078125
15639,2.2337026596069336
15640,1.9272188186645507
15641,2.5802434921264648
15642,2.051934814453125
15643,2.4939369201660155
15644,2.290226364135742
15645,2.3569263458251952
15646,2.5953874588012695
15647,2.2855598449707033
15648,2.309792327880859
15649,2.4318721771240233
15650,2.2762477874755858
15651,2.052158546447754
15652,2.1893075942993163
15653,2.0341588973999025
15654,2.187814140319824
15655,2.240961456298828
15656,2.131601905822754
15657,2.2546497344970704
15658,2.565414810180664
15659,2.2057504653930664
15660,2.4859645843505858
15661,2.447337341308594
15662,2.5082658767700194
15663,2.231332015991211
15664,2.2132686614990233
15665,2.359607124328613
15666,2.591127395629883
15667,2.1669212341308595
15668,2.1162933349609374
15669,2.2663036346435548
15670,2.1659242630004885
15671,2.388212776184082
15672,1.970311164855957
15673,2.5492666244506834
15674,2.412653160095215
15675,1.7452537536621093
15676,2.667117691040039
15677,2.314057731628418
15678,1.9810396194458009
15679,2.486282730102539
15680,2.2301509857177733
15681,2.146066093444824
15682,2.239622688293457
15683,2.4799341201782226
15684,2.2178096771240234
15685,2.482283020019531
15686,2.5509008407592773
15687,2.5553306579589843
15688,2.1649465560913086
15689,2.1463350296020507
15690,2.39248104095459
15691,1.9816503524780273
15692,2.0548633575439452
15693,2.2057363510131838
15694,2.44610595703125
15695,2.238069534301758
15696,2.3249670028686524
15697,2.1978769302368164
15698,2.0791196823120117
15699,2.5385295867919924
15700,2.336173248291016
15701,2.0769657135009765
15702,2.2848058700561524
15703,2.3841585159301757
15704,2.451163482666016
15705,2.0703786849975585
15706,2.7413963317871093
15707,1.9003854751586915
15708,2.5517580032348635
15709,2.1485664367675783
15710,2.1011409759521484
15711,1.9500844955444336
15712,2.2943599700927733
15713,2.207597541809082
15714,2.0163944244384764
15715,2.5977710723876952
15716,2.054904556274414
15717,2.399374771118164
15718,2.1222387313842774
15719,2.3681955337524414
15720,2.1679994583129885
15721,2.6584362030029296
15722,2.0327455520629885
15723,2.4236310958862304
15724,2.1953451156616213
15725,2.264716148376465
15726,2.5515186309814455
15727,2.092500686645508
15728,2.1942588806152346
15729,2.03609561920166
15730,2.527182769775391
15731,2.3341848373413088
15732,2.2220502853393556
15733,2.474446487426758
15734,2.6255767822265623
15735,2.076737403869629
15736,2.82812442779541
15737,2.7000457763671877
15738,2.1631568908691405
15739,1.9937448501586914
15740,2.138929557800293
15741,2.6932884216308595
15742,2.467002296447754
15743,2.6266897201538084
15744,2.258434867858887
15745,2.2197431564331054
15746,2.388319396972656
15747,2.528647041320801
15748,2.066330146789551
15749,2.6031267166137697
15750,2.3155996322631838
15751,2.3031848907470702
15752,2.323419380187988
15753,1.8955657958984375
15754,2.2291748046875
15755,2.1634038925170898
15756,2.4887535095214846
15757,2.4659955978393553
15758,2.4045488357543947
15759,2.3472366333007812
15760,2.526438903808594
15761,2.312036895751953
15762,2.353409004211426
15763,2.32816104888916
15764,2.3257923126220703
15765,2.5509580612182616
15766,1.9409723281860352
15767,2.3844524383544923
15768,2.442938232421875
15769,2.323686408996582
15770,2.4629549026489257
15771,2.1510848999023438
15772,2.2639122009277344
15773,2.5730449676513674
15774,2.5285587310791016
15775,2.0401081085205077
15776,2.183221435546875
15777,2.43381404876709
15778,2.2143783569335938
15779,2.4455450057983397
15780,2.4836057662963866
15781,2.452175331115723
15782,2.553196907043457
15783,2.5536211013793944
15784,2.30346622467041
15785,2.6698139190673826
15786,2.644351768493652
15787,2.2616682052612305
15788,1.771346664428711
15789,2.254264259338379
15790,1.6617729187011718
15791,2.4385665893554687
15792,2.115254783630371
15793,1.9800054550170898
15794,2.6790655136108397
15795,2.314359664916992
15796,2.04112548828125
15797,2.2745954513549806
15798,2.801066780090332
15799,2.2792236328125
15800,2.16683406829834
15801,2.310683822631836
15802,1.9903188705444337
15803,2.1949514389038085
15804,2.2326997756958007
15805,2.132831573486328
15806,2.1635480880737306
15807,1.9240259170532226
15808,2.092891883850098
15809,2.616496467590332
15810,2.265574073791504
15811,2.3706438064575197
15812,2.0907379150390626
15813,2.240005302429199
15814,2.156203269958496
15815,2.3594600677490236
15816,1.8068206787109375
15817,1.960220718383789
15818,2.238071250915527
15819,2.181986999511719
15820,2.437906265258789
15821,2.2575815200805662
15822,2.003556823730469
15823,2.277750778198242
15824,1.921821403503418
15825,2.6634010314941405
15826,2.4882097244262695
15827,2.1514942169189455
15828,2.1884984970092773
15829,2.701969528198242
15830,2.4551507949829103
15831,2.148903656005859
15832,2.560267448425293
15833,2.0103481292724608
15834,2.417190170288086
15835,2.198122978210449
15836,2.032396125793457
15837,2.1641304016113283
15838,2.6043926239013673
15839,2.073863220214844
15840,2.3055213928222655
15841,1.8699914932250976
15842,2.423880195617676
15843,2.155571174621582
15844,2.4842967987060547
15845,2.376174736022949
15846,2.3939403533935546
15847,2.401058578491211
15848,2.344247055053711
15849,2.1470340728759765
15850,2.042946624755859
15851,2.696255111694336
15852,2.3467315673828124
15853,2.6989946365356445
15854,2.219804382324219
15855,2.1722183227539062
15856,2.289346694946289
15857,2.6309064865112304
15858,1.8298173904418946
15859,2.4089094161987306
15860,2.1496583938598635
15861,1.9528667449951171
15862,2.3232540130615233
15863,2.847743034362793
15864,2.51524658203125
15865,2.3795724868774415
15866,2.3753427505493163
15867,2.1504236221313477
15868,2.4466630935668947
15869,2.340632438659668
15870,2.0951396942138674
15871,2.35572509765625
15872,2.3057582855224608
15873,2.284112548828125
15874,2.505543327331543
15875,2.1926700592041017
15876,2.4731752395629885
15877,1.9057456970214843
15878,2.223737335205078
15879,2.4187637329101563
15880,1.8988912582397461
15881,2.481937026977539
15882,2.1830177307128906
15883,2.0660030364990236
15884,2.0147737503051757
15885,2.1494993209838866
15886,2.048052215576172
15887,2.295084762573242
15888,2.490047264099121
15889,2.043156051635742
15890,2.317084312438965
15891,2.2068368911743166
15892,2.1579252243041993
15893,2.3506868362426756
15894,2.5992183685302734
15895,2.108718490600586
15896,2.170669364929199
15897,2.3937183380126954
15898,2.6764148712158202
15899,2.3551164627075196
15900,2.2339027404785154
15901,2.4139577865600588
15902,2.0976844787597657
15903,2.41878662109375
15904,2.1105426788330077
15905,2.278037261962891
15906,2.046457290649414
15907,2.337431716918945
15908,2.3741195678710936
15909,2.214052200317383
15910,1.9040525436401368
15911,2.2067024230957033
15912,2.3879356384277344
15913,2.217969512939453
15914,2.2340604782104494
15915,2.3157989501953127
15916,2.230877685546875
15917,2.328055191040039
15918,1.987557601928711
15919,2.1485849380493165
15920,2.4126922607421877
15921,2.1272066116333006
15922,2.2714757919311523
15923,2.1983261108398438
15924,2.333036422729492
15925,2.2171371459960936
15926,1.9858388900756836
15927,1.8952051162719727
15928,2.526516914367676
15929,2.6028385162353516
15930,2.382846450805664
15931,2.1598836898803713
15932,2.5246129989624024
15933,2.5620349884033202
15934,2.4765226364135744
15935,2.3806962966918945
15936,2.268837738037109
15937,2.471195602416992
15938,2.1906713485717773
15939,2.308677864074707
15940,2.106207847595215
15941,2.3456340789794923
15942,2.265793037414551
15943,2.1905586242675783
15944,2.2614946365356445
15945,2.646748924255371
15946,2.4643802642822266
15947,2.2759017944335938
15948,2.0542749404907226
15949,3.008008575439453
15950,2.502637481689453
15951,2.0545387268066406
15952,2.0051889419555664
15953,2.4026514053344727
15954,2.315396308898926
15955,2.1160472869873046
15956,2.4453863143920898
15957,2.1639806747436525
15958,2.960797119140625
15959,2.283450126647949
15960,2.1175975799560547
15961,2.3610759735107423
15962,2.3660968780517577
15963,2.0385086059570314
15964,2.378358840942383
15965,2.333802032470703
15966,2.1780206680297853
15967,2.4927736282348634
15968,1.9560855865478515
15969,2.1525556564331056
15970,2.204629135131836
15971,2.3563385009765625
15972,2.4769832611083986
15973,2.146457862854004
15974,2.149830627441406
15975,2.248606872558594
15976,2.2419076919555665
15977,2.11892147064209
15978,2.6495845794677733
15979,2.426769256591797
15980,2.3678359985351562
15981,2.3051210403442384
15982,2.266799736022949
15983,2.4381296157836916
15984,2.2452461242675783
15985,2.5322717666625976
15986,1.9757944107055665
15987,2.8275131225585937
15988,2.1508953094482424
15989,2.3574993133544924
15990,2.1904876708984373
15991,2.194943428039551
15992,2.2147289276123048
15993,2.2221168518066405
15994,2.369937515258789
15995,2.0978809356689454
15996,2.253534507751465
15997,1.8368621826171876
15998,2.4081674575805665
15999,2.3727033615112303
16000,2.153215026855469
16001,2.4166330337524413
16002,2.198491668701172
16003,1.9721492767333983
16004,2.3969974517822266
16005,2.2929258346557617
16006,1.8827289581298827
16007,2.3744672775268554
16008,2.3843013763427736
16009,2.129572105407715
16010,2.189773178100586
16011,2.242970657348633
16012,2.218926429748535
16013,2.526436996459961
16014,2.326407241821289
16015,2.225590133666992
16016,1.8796319961547852
16017,2.3878517150878906
16018,2.509731674194336
16019,2.4852882385253907
16020,2.395335388183594
16021,1.9619647979736328
16022,2.315520095825195
16023,2.4431848526000977
16024,2.2089876174926757
16025,2.4345733642578127
16026,2.0829336166381838
16027,2.1493532180786135
16028,2.021115303039551
16029,2.6845144271850585
16030,1.927895736694336
16031,2.169391632080078
16032,2.344409942626953
16033,2.1848518371582033
16034,2.133848762512207
16035,2.1817348480224608
16036,2.221197319030762
16037,2.2076133728027343
16038,2.229124641418457
16039,2.0725467681884764
16040,2.4046934127807615
16041,2.1548234939575197
16042,2.0925146102905274
16043,2.1826711654663087
16044,2.1561893463134765
16045,2.22434024810791
16046,2.475394439697266
16047,2.3238147735595702
16048,2.023773765563965
16049,2.3014251708984377
16050,2.1809816360473633
16051,2.2501991271972654
16052,2.0742490768432615
16053,2.2930763244628904
16054,2.803647994995117
16055,2.453841781616211
16056,2.062032699584961
16057,2.2342926025390626
16058,1.8112089157104492
16059,2.2648284912109373
16060,2.3039403915405274
16061,2.4273969650268556
16062,2.3918792724609377
16063,2.608880043029785
16064,2.321969223022461
16065,2.2045566558837892
16066,2.0974517822265626
16067,2.1772882461547853
16068,2.2297529220581054
16069,2.4546733856201173
16070,2.224618339538574
16071,2.3795486450195313
16072,1.9502641677856445
16073,2.0648195266723635
16074,2.3222383499145507
16075,2.236634635925293
16076,2.665629768371582
16077,2.6348268508911135
16078,2.278572845458984
16079,2.1184564590454102
16080,2.07191162109375
16081,2.4125848770141602
16082,2.4066068649291994
16083,2.189046096801758
16084,2.15595703125
16085,2.188636589050293
16086,2.1708505630493162
16087,2.2469818115234377
16088,2.0781641006469727
16089,2.4204540252685547
16090,2.6229681015014648
16091,2.325328826904297
16092,2.3449277877807617
16093,2.0761266708374024
16094,2.0812185287475584
16095,2.2597448348999025
16096,2.2188785552978514
16097,2.371179389953613
16098,2.443063735961914
16099,2.427997589111328
16100,2.2854990005493163
16101,2.213584136962891
16102,2.5134469985961916
16103,2.481157112121582
16104,2.316261863708496
16105,2.1826431274414064
16106,2.0174158096313475
16107,1.9431072235107423
16108,2.4773700714111326
16109,2.5680755615234374
16110,2.1125675201416017
16111,2.425928497314453
16112,2.409866523742676
16113,2.453104019165039
16114,2.1771881103515627
16115,1.8923069000244142
16116,2.800314521789551
16117,2.2863784790039063
16118,2.4123567581176757
16119,2.2219120025634767
16120,2.2561151504516603
16121,2.577651786804199
16122,2.450861167907715
16123,2.3888492584228516
16124,2.3847078323364257
16125,2.5054109573364256
16126,1.905620002746582
16127,2.281962585449219
16128,1.792151641845703
16129,2.280076599121094
16130,2.361872100830078
16131,2.7714590072631835
16132,2.499566841125488
16133,2.446297264099121
16134,2.3078107833862305
16135,2.3533843994140624
16136,2.5218883514404298
16137,2.2451269149780275
16138,2.1092788696289064
16139,2.103655242919922
16140,2.284620475769043
16141,2.4040239334106444
16142,2.1890533447265623
16143,2.8080997467041016
16144,2.7324390411376953
16145,2.436817932128906
16146,2.502456855773926
16147,2.378829002380371
16148,2.078607177734375
16149,2.3787601470947264
16150,2.4720026016235352
16151,2.0805837631225588
16152,2.1153757095336916
16153,2.342543029785156
16154,2.448621368408203
16155,2.148819160461426
16156,2.145493507385254
16157,2.658644104003906
16158,2.033147430419922
16159,2.103792190551758
16160,2.453652572631836
16161,2.552720069885254
16162,2.5825992584228517
16163,2.3678388595581055
16164,2.3383771896362306
16165,2.3549983978271483
16166,2.2837209701538086
16167,2.336923599243164
16168,2.548711585998535
16169,2.094457244873047
16170,2.1784084320068358
16171,2.56241512298584
16172,2.5766056060791014
16173,2.1085893630981447
16174,2.1791744232177734
16175,2.142069435119629
16176,2.569474220275879
16177,2.413858985900879
16178,2.300433540344238
16179,2.1055931091308593
16180,2.47149772644043
16181,2.1742101669311524
16182,2.220048522949219
16183,2.25625
16184,2.306355667114258
16185,2.2604549407958983
16186,2.184672546386719
16187,2.0367942810058595
16188,2.0424272537231447
16189,2.3497699737548827
16190,2.300063705444336
16191,1.9214868545532227
16192,2.079182243347168
16193,2.202488327026367
16194,2.226077842712402
16195,2.096406173706055
16196,2.1013294219970704
16197,2.016968536376953
16198,2.222316932678223
16199,2.483045768737793
16200,2.24871826171875
16201,2.289249610900879
16202,2.4704113006591797
16203,2.248492431640625
16204,2.4451248168945314
16205,2.2813674926757814
16206,2.2122249603271484
16207,2.093735694885254
16208,2.4430826187133787
16209,2.7441858291625976
16210,2.377519989013672
16211,2.0662059783935547
16212,1.9901311874389649
16213,2.5363014221191404
16214,2.010748863220215
16215,2.2805641174316404
16216,2.409629058837891
16217,2.396218109130859
16218,2.4855411529541014
16219,2.7175676345825197
16220,1.9853967666625976
16221,2.4176836013793945
16222,2.368655776977539
16223,2.132034111022949
16224,2.4576513290405275
16225,2.538788986206055
16226,2.0058290481567385
16227,2.1693662643432616
16228,2.0297231674194336
16229,2.1882272720336915
16230,2.222658157348633
16231,1.8358449935913086
16232,2.1370750427246095
16233,1.9767189025878906
16234,2.2713146209716797
16235,2.14593620300293
16236,2.270713043212891
16237,2.5273279190063476
16238,2.289866065979004
16239,2.2197454452514647
16240,2.174266242980957
16241,2.29390869140625
16242,2.271859359741211
16243,2.19620418548584
16244,2.094404602050781
16245,2.127894401550293
16246,2.121247482299805
16247,2.1855796813964843
16248,2.036168670654297
16249,2.101326751708984
16250,2.288248062133789
16251,2.009942626953125
16252,2.3169424057006838
16253,2.4481435775756837
16254,2.01800537109375
16255,2.988238525390625
16256,2.173719596862793
16257,2.0632856369018553
16258,2.390684700012207
16259,2.1765989303588866
16260,2.582745170593262
16261,2.0514787673950194
16262,2.459339904785156
16263,2.6260568618774416
16264,2.3407196044921874
16265,2.225076675415039
16266,1.988945770263672
16267,2.376374435424805
16268,2.4811588287353517
16269,1.943333625793457
16270,2.1328277587890625
16271,2.088504409790039
16272,2.1779687881469725
16273,2.5917245864868166
16274,2.4502315521240234
16275,2.3727745056152343
16276,2.108089828491211
16277,2.3243339538574217
16278,1.8554792404174805
16279,2.3671596527099608
16280,2.143991470336914
16281,2.146605682373047
16282,2.264313507080078
16283,2.226559066772461
16284,2.0764644622802733
16285,2.2841794967651365
16286,2.0390094757080077
16287,2.6053199768066406
16288,2.202436637878418
16289,2.0507251739501955
16290,2.270900344848633
16291,2.2835338592529295
16292,1.8586128234863282
16293,2.6568912506103515
16294,1.9852991104125977
16295,2.457661247253418
16296,2.43001651763916
16297,2.1656061172485352
16298,2.5538673400878906
16299,2.2403949737548827
16300,2.1973073959350584
16301,1.985084342956543
16302,2.0197866439819334
16303,2.211908721923828
16304,2.212957000732422
16305,2.605742263793945
16306,2.235182762145996
16307,2.0702707290649416
16308,2.8817739486694336
16309,2.5668527603149416
16310,2.425728988647461
16311,2.2142169952392576
16312,2.1952865600585936
16313,2.208833694458008
16314,2.7221090316772463
16315,2.194504165649414
16316,2.2693914413452148
16317,2.240803909301758
16318,2.1305782318115236
16319,2.4421361923217773
16320,2.375513458251953
16321,2.384723091125488
16322,2.3882366180419923
16323,2.248678779602051
16324,2.462715911865234
16325,2.2430679321289064
16326,2.0256343841552735
16327,2.6119176864624025
16328,2.366516876220703
16329,2.0776735305786134
16330,2.256178855895996
16331,2.3397489547729493
16332,2.408936309814453
16333,2.313193702697754
16334,2.369704246520996
16335,2.375566101074219
16336,2.033697509765625
16337,2.0875646591186525
16338,2.0291690826416016
16339,2.2842260360717774
16340,2.1885576248168945
16341,2.0810916900634764
16342,2.2215883255004885
16343,2.1809017181396486
16344,2.141091728210449
16345,1.970039176940918
16346,2.4247385025024415
16347,2.421088218688965
16348,1.983827781677246
16349,2.0679916381835937
16350,2.2443925857543947
16351,1.9065471649169923
16352,2.1835748672485353
16353,1.849223518371582
16354,2.345808219909668
16355,2.3529062271118164
16356,1.9560932159423827
16357,2.3718761444091796
16358,2.3470306396484375
16359,2.361802864074707
16360,2.2606311798095704
16361,2.1869049072265625
16362,2.3370906829833986
16363,2.261668014526367
16364,2.2600482940673827
16365,2.1771074295043946
16366,2.2344051361083985
16367,2.2013885498046877
16368,2.3595842361450194
16369,2.4206689834594726
16370,2.5285715103149413
16371,1.8018842697143556
16372,2.1592254638671875
16373,2.293299102783203
16374,2.1598291397094727
16375,2.511405372619629
16376,2.12427978515625
16377,2.2509721755981444
16378,2.1114486694335937
16379,2.6567617416381837
16380,2.478536033630371
16381,2.2481088638305664
16382,2.058219146728516
16383,2.0077301025390626
16384,2.135480499267578
16385,2.0590288162231447
16386,2.146227264404297
16387,2.291416549682617
16388,2.3499523162841798
16389,2.40151424407959
16390,2.317692756652832
16391,2.1542367935180664
16392,2.2746505737304688
16393,2.410378265380859
16394,2.478378486633301
16395,2.1941781997680665
16396,2.596518135070801
16397,2.156636428833008
16398,2.1335165023803713
16399,2.5114437103271485
16400,2.1894792556762694
16401,2.103376007080078
16402,2.297083282470703
16403,2.511096382141113
16404,2.096457672119141
16405,2.1676639556884765
16406,2.5360767364501955
16407,2.3244279861450194
16408,2.273727798461914
16409,2.3075273513793944
16410,2.0914459228515625
16411,2.3801937103271484
16412,2.472393608093262
16413,2.4259185791015625
16414,2.3012567520141602
16415,2.436349296569824
16416,2.178856086730957
16417,2.0333429336547852
16418,2.2048675537109377
16419,1.9926885604858398
16420,1.9829137802124024
16421,2.2837677001953125
16422,2.6548852920532227
16423,2.352772331237793
16424,2.665312957763672
16425,2.215557670593262
16426,2.259105110168457
16427,1.9358591079711913
16428,2.065060615539551
16429,2.1220264434814453
16430,2.514932060241699
16431,2.231753921508789
16432,1.9040239334106446
16433,2.189373588562012
16434,2.0186538696289062
16435,2.197693634033203
16436,1.8340545654296876
16437,2.3480552673339843
16438,2.077252960205078
16439,1.9816509246826173
16440,2.237253761291504
16441,2.254258918762207
16442,2.284078025817871
16443,2.3136198043823244
16444,2.019938087463379
16445,2.1244199752807615
16446,2.3459026336669924
16447,2.3450170516967774
16448,2.4608720779418944
16449,2.2023462295532226
16450,2.177437973022461
16451,2.123635482788086
16452,2.3007707595825195
16453,2.203249931335449
16454,2.6300031661987306
16455,2.2701879501342774
16456,2.100950813293457
16457,2.2195497512817384
16458,2.365711212158203
16459,2.015879821777344
16460,2.1808990478515624
16461,2.5007530212402345
16462,2.381336784362793
16463,2.0503721237182617
16464,2.276942825317383
16465,1.9050386428833008
16466,2.8447334289550783
16467,2.2574752807617187
16468,2.355398178100586
16469,2.3015012741088867
16470,2.121249771118164
16471,2.1008039474487306
16472,2.510814666748047
16473,2.201673889160156
16474,2.277730178833008
16475,2.12130069732666
16476,2.3354360580444338
16477,2.7343210220336913
16478,1.8776006698608398
16479,2.3492382049560545
16480,2.2643070220947266
16481,2.172838592529297
16482,2.3032724380493166
16483,2.524127388000488
16484,2.483712387084961
16485,1.9602914810180665
16486,2.1373756408691404
16487,2.2270601272583006
16488,2.4093799591064453
16489,2.5586578369140627
16490,2.2848669052124024
16491,2.1173831939697267
16492,2.137421417236328
16493,2.3889337539672852
16494,2.3177881240844727
16495,2.6737592697143553
16496,2.2455827713012697
16497,2.0408348083496093
16498,2.3620948791503906
16499,1.9337417602539062
16500,2.4486469268798827
16501,2.3108617782592775
16502,2.1348764419555666
16503,2.0050031661987306
16504,2.1000118255615234
16505,2.542792320251465
16506,2.6082834243774413
16507,2.2278846740722655
16508,2.1455511093139648
16509,2.2503684997558593
16510,1.8097246170043946
16511,2.1202526092529297
16512,2.150564956665039
16513,2.060377311706543
16514,2.315872001647949
16515,2.372649383544922
16516,2.3442983627319336
16517,2.3766956329345703
16518,2.123200225830078
16519,2.2407697677612304
16520,2.180022430419922
16521,2.3937566757202147
16522,2.061092567443848
16523,2.189026641845703
16524,2.5428560256958006
16525,2.37453670501709
16526,2.3332887649536134
16527,2.5007022857666015
16528,2.1536529541015623
16529,2.0869024276733397
16530,2.0387060165405275
16531,2.2458677291870117
16532,1.9315006256103515
16533,2.1993022918701173
16534,2.302831268310547
16535,2.530556488037109
16536,2.2247819900512695
16537,2.25921745300293
16538,2.190776252746582
16539,2.1601894378662108
16540,2.0147985458374023
16541,2.2802360534667967
16542,2.248307800292969
16543,2.2828289031982423
16544,2.2546531677246096
16545,2.3445812225341798
16546,2.5114816665649413
16547,2.334725189208984
16548,2.3074750900268555
16549,2.4074398040771485
16550,2.4161733627319335
16551,2.308276557922363
16552,2.3244195938110352
16553,1.94372501373291
16554,2.286985397338867
16555,2.4092134475708007
16556,2.3795480728149414
16557,2.1453903198242186
16558,2.1253437042236327
16559,2.2393381118774416
16560,2.4064659118652343
16561,2.0163318634033205
16562,2.4341812133789062
16563,2.0191680908203127
16564,2.245979881286621
16565,2.593653678894043
16566,2.053025245666504
16567,2.174405097961426
16568,2.186076354980469
16569,2.2531829833984376
16570,2.322208213806152
16571,2.422028350830078
16572,2.4285451889038088
16573,2.34387092590332
16574,2.0237558364868162
16575,2.23684139251709
16576,2.0619611740112305
16577,2.1340713500976562
16578,2.1223678588867188
16579,2.4359827041625977
16580,2.3026779174804686
16581,2.5285369873046877
16582,2.2154638290405275
16583,2.3295848846435545
16584,2.1394134521484376
16585,2.4220788955688475
16586,2.396255111694336
16587,2.5519535064697267
16588,2.170079231262207
16589,2.0707910537719725
16590,2.3365400314331053
16591,2.169195365905762
16592,2.3533502578735352
16593,2.2992059707641603
16594,2.4112348556518555
16595,2.2934574127197265
16596,2.159310722351074
16597,2.261461639404297
16598,2.1297624588012694
16599,2.7341144561767576
16600,2.507175064086914
16601,2.5815959930419923
16602,2.16373291015625
16603,2.1165655136108397
16604,2.0664560317993166
16605,2.2756155014038084
16606,2.265680503845215
16607,2.6751054763793944
16608,2.649810791015625
16609,2.299366569519043
16610,2.5809783935546875
16611,2.387177085876465
16612,2.252548408508301
16613,2.1312768936157225
16614,1.9762556076049804
16615,2.0425436019897463
16616,2.2521854400634767
16617,2.0023168563842773
16618,2.371815299987793
16619,2.202077102661133
16620,2.4961946487426756
16621,2.107659912109375
16622,2.2412166595458984
16623,2.15783634185791
16624,2.5507041931152346
16625,2.2606760025024415
16626,2.30370979309082
16627,2.496950149536133
16628,2.3218685150146485
16629,2.5225961685180662
16630,2.384382629394531
16631,2.170677375793457
16632,2.615057182312012
16633,2.0258859634399413
16634,2.104974937438965
16635,2.290020561218262
16636,2.090954399108887
16637,2.4773353576660155
16638,2.0907217025756837
16639,2.246001434326172
16640,1.9754270553588866
16641,2.3021392822265625
16642,2.3144708633422852
16643,2.226359558105469
16644,2.1039302825927733
16645,2.226611328125
16646,2.061579132080078
16647,2.478590965270996
16648,2.547610855102539
16649,2.27160758972168
16650,2.5424503326416015
16651,2.359579849243164
16652,2.3688499450683596
16653,2.151213836669922
16654,1.987687110900879
16655,2.1906925201416017
16656,2.1064031600952147
16657,2.3549121856689452
16658,2.1373401641845704
16659,2.3090835571289063
16660,2.4758022308349608
16661,2.2619552612304688
16662,2.0642404556274414
16663,2.068920707702637
16664,2.397445869445801
16665,2.116400718688965
16666,2.3791297912597655
16667,2.379042053222656
16668,2.506524848937988
16669,2.4363784790039062
16670,1.9658384323120117
16671,2.1556652069091795
16672,1.7389720916748046
16673,2.4152849197387694
16674,2.3086688995361326
16675,2.2819122314453124
16676,2.487801361083984
16677,1.9817150115966797
16678,1.8900598526000976
16679,2.2876108169555662
16680,2.391488456726074
16681,2.2375329971313476
16682,2.132244110107422
16683,2.506651496887207
16684,2.3143985748291014
16685,2.348015785217285
16686,2.1541452407836914
16687,2.00527400970459
16688,2.419582557678223
16689,2.129863166809082
16690,2.341434097290039
16691,1.9573514938354493
16692,2.438239097595215
16693,2.2168384552001954
16694,2.4433771133422852
16695,2.3302303314208985
16696,2.34079532623291
16697,1.6648143768310546
16698,2.1541889190673826
16699,2.2227649688720703
16700,2.2712148666381835
16701,2.435035514831543
16702,2.349600601196289
16703,2.2897104263305663
16704,2.185782241821289
16705,2.3457597732543944
16706,2.180066680908203
16707,2.3632259368896484
16708,2.5178476333618165
16709,2.7852054595947267
16710,2.3334333419799806
16711,2.201897621154785
16712,2.1038774490356444
16713,2.1495471954345704
16714,2.3934633255004885
16715,2.4158374786376955
16716,1.8203222274780273
16717,2.262713813781738
16718,2.0918704986572267
16719,2.2023582458496094
16720,2.1811235427856444
16721,1.9958578109741212
16722,2.361466407775879
16723,2.211934471130371
16724,2.6301368713378905
16725,2.0757930755615233
16726,2.2448659896850587
16727,2.0057794570922853
16728,2.336952972412109
16729,2.21874942779541
16730,2.2758199691772463
16731,2.482452964782715
16732,2.091053581237793
16733,2.459842491149902
16734,2.2596193313598634
16735,2.184891700744629
16736,2.2468263626098635
16737,2.6923149108886717
16738,2.2902273178100585
16739,2.1704931259155273
16740,2.2599035263061524
16741,2.4148990631103517
16742,2.0713781356811523
16743,2.521142578125
16744,2.140529441833496
16745,2.1701765060424805
16746,2.0534286499023438
16747,2.2885766983032227
16748,2.29141902923584
16749,2.33590030670166
16750,2.307952308654785
16751,2.0202686309814455
16752,2.2571849822998047
16753,2.3913761138916017
16754,2.3046497344970702
16755,2.2320781707763673
16756,2.276253509521484
16757,2.312502861022949
16758,2.7897090911865234
16759,2.2906864166259764
16760,2.4059701919555665
16761,2.1903091430664063
16762,2.0138803482055665
16763,2.1169921875
16764,2.0417484283447265
16765,2.8108245849609377
16766,1.925250244140625
16767,2.174209785461426
16768,2.319829559326172
16769,2.347671699523926
16770,2.263525390625
16771,2.1459634780883787
16772,2.143684196472168
16773,2.1782737731933595
16774,1.7551389694213868
16775,2.0061716079711913
16776,1.8394699096679688
16777,2.281692695617676
16778,2.5245447158813477
16779,2.0132360458374023
16780,2.189801025390625
16781,2.2329607009887695
16782,2.297490119934082
16783,2.442653465270996
16784,2.616693687438965
16785,2.3158437728881838
16786,2.2995573043823243
16787,2.422541618347168
16788,2.102761650085449
16789,2.26574821472168
16790,3.145710754394531
16791,2.2741846084594726
16792,2.0762779235839846
16793,2.319417190551758
16794,2.5929630279541014
16795,2.0723615646362306
16796,2.040590286254883
16797,2.392132568359375
16798,2.26352481842041
16799,2.1733861923217774
16800,2.033591651916504
16801,2.567189407348633
16802,2.1729141235351563
16803,2.442775535583496
16804,2.427934265136719
16805,2.3855379104614256
16806,2.1267656326293944
16807,2.3585866928100585
16808,2.2473833084106447
16809,2.262843704223633
16810,2.335675811767578
16811,2.248291015625
16812,2.0561256408691406
16813,2.3087188720703127
16814,2.095614433288574
16815,1.936756706237793
16816,2.3184289932250977
16817,2.041705513000488
16818,2.211042594909668
16819,2.4059993743896486
16820,2.5412853240966795
16821,2.2080995559692385
16822,2.351349639892578
16823,2.263365936279297
16824,2.585976219177246
16825,2.310962677001953
16826,2.3971416473388674
16827,2.305634689331055
16828,2.3151947021484376
16829,2.3568452835083007
16830,2.1312252044677735
16831,2.259748649597168
16832,2.421630859375
16833,2.089052200317383
16834,2.4070833206176756
16835,2.205601119995117
16836,2.122143363952637
16837,2.235445022583008
16838,2.4383176803588866
16839,2.2073211669921875
16840,2.4092531204223633
16841,2.092173194885254
16842,2.3136211395263673
16843,2.368330383300781
16844,1.9943235397338868
16845,2.3098997116088866
16846,2.179402732849121
16847,2.119529151916504
16848,2.3986156463623045
16849,2.1953500747680663
16850,2.075606918334961
16851,2.3395605087280273
16852,2.0873287200927733
16853,1.9711338043212892
16854,2.2085874557495115
16855,2.4040254592895507
16856,2.173154830932617
16857,2.375545120239258
16858,2.304157257080078
16859,2.285091209411621
16860,2.653682327270508
16861,2.022488021850586
16862,2.193980026245117
16863,2.370290756225586
16864,2.551024055480957
16865,2.26979923248291
16866,2.399625778198242
16867,2.044194793701172
16868,2.5393001556396486
16869,2.0903141021728517
16870,2.092010498046875
16871,2.2833269119262694
16872,2.096197319030762
16873,2.1761749267578123
16874,2.2984561920166016
16875,2.133065414428711
16876,2.3802520751953127
16877,2.3602434158325196
16878,2.051517105102539
16879,2.2995536804199217
16880,2.249371337890625
16881,2.074583053588867
16882,2.355669403076172
16883,2.2507179260253904
16884,2.1033346176147463
16885,2.095996856689453
16886,2.082570266723633
16887,2.1399276733398436
16888,2.4438486099243164
16889,2.2083667755126952
16890,2.635905647277832
16891,2.3808452606201174
16892,2.460962104797363
16893,2.255174446105957
16894,2.2857648849487306
16895,1.9946018218994142
16896,2.0528003692626955
16897,2.248396110534668
16898,2.513375473022461
16899,2.508386993408203
16900,2.385619354248047
16901,1.8786943435668946
16902,2.1235271453857423
16903,2.281869125366211
16904,2.256369400024414
16905,2.5236257553100585
16906,2.213794136047363
16907,2.020449638366699
16908,2.1320045471191404
16909,2.319230651855469
16910,2.1132083892822267
16911,2.1198709487915037
16912,2.2082645416259767
16913,2.3614036560058596
16914,2.1917444229125977
16915,2.4247865676879883
16916,2.324044418334961
16917,2.267007064819336
16918,2.123451042175293
16919,2.290960693359375
16920,2.1542816162109375
16921,2.2763837814331054
16922,2.3080631256103517
16923,2.389241409301758
16924,2.3139495849609375
16925,2.4557353973388674
16926,1.9535837173461914
16927,2.196728515625
16928,2.5249595642089844
16929,2.138921356201172
16930,1.9820236206054687
16931,2.1517499923706054
16932,2.3755273818969727
16933,2.2144241333007812
16934,2.396286201477051
16935,2.012124252319336
16936,2.4257839202880858
16937,2.3297164916992186
16938,1.9358444213867188
16939,2.1423505783081054
16940,2.451487731933594
16941,2.4400253295898438
16942,2.1991928100585936
16943,2.1707180023193358
16944,2.238827133178711
16945,2.2945978164672853
16946,2.5866846084594726
16947,2.0831220626831053
16948,2.373307228088379
16949,2.099169158935547
16950,2.149852752685547
16951,2.6294694900512696
16952,2.572962760925293
16953,2.133281707763672
16954,1.9116456985473633
16955,2.3182748794555663
16956,2.3712907791137696
16957,2.2012279510498045
16958,2.4182024002075195
16959,2.260292816162109
16960,2.0386234283447267
16961,2.1567331314086915
16962,2.568638229370117
16963,2.060908889770508
16964,2.265058898925781
16965,2.4582406997680666
16966,2.2993350982666017
16967,2.0702802658081056
16968,2.428614616394043
16969,2.39499454498291
16970,2.164527702331543
16971,2.280096435546875
16972,2.2336172103881835
16973,2.197078895568848
16974,2.8535146713256836
16975,2.3162504196166993
16976,2.2403165817260744
16977,2.287471961975098
16978,2.4804121017456056
16979,2.0324028015136717
16980,2.5218532562255858
16981,2.4648900985717774
16982,2.2653762817382814
16983,2.5995407104492188
16984,2.192286491394043
16985,2.5286746978759767
16986,2.4648155212402343
16987,2.284585380554199
16988,2.6273183822631836
16989,2.068127250671387
16990,2.1092962265014648
16991,2.1925069808959963
16992,2.5467395782470703
16993,2.18011474609375
16994,2.291038703918457
16995,2.0537580490112304
16996,2.103806495666504
16997,2.431796073913574
16998,2.2939599990844726
16999,2.711170959472656
17000,2.1430074691772463
17001,2.281797981262207
17002,2.2161275863647463
17003,2.1756242752075194
17004,2.325051498413086
17005,2.2012508392333983
17006,2.0554723739624023
17007,2.0627935409545897
17008,2.413570594787598
17009,2.473115348815918
17010,2.1135238647460937
17011,2.488568878173828
17012,2.3591739654541017
17013,2.8435028076171873
17014,2.2852916717529297
17015,1.9300168991088866
17016,2.568989944458008
17017,2.7234817504882813
17018,2.581819534301758
17019,2.3259561538696287
17020,1.9913801193237304
17021,1.8308019638061523
17022,2.164228057861328
17023,2.381987190246582
17024,2.1262460708618165
17025,2.212586212158203
17026,2.224405860900879
17027,2.0481996536254883
17028,2.6087678909301757
17029,2.4208545684814453
17030,2.3372859954833984
17031,2.0529668807983397
17032,2.386220169067383
17033,2.1862064361572267
17034,2.558910942077637
17035,2.1308292388916015
17036,2.26688289642334
17037,2.274771881103516
17038,2.186309242248535
17039,2.255889129638672
17040,2.4547134399414063
17041,1.9395423889160157
17042,2.5520816802978517
17043,2.1059036254882812
17044,2.4211849212646483
17045,2.535765266418457
17046,2.4144880294799806
17047,1.998033332824707
17048,2.3802091598510744
17049,2.515673828125
17050,2.2407569885253906
17051,1.921619987487793
17052,2.296122932434082
17053,2.426194763183594
17054,2.3257030487060546
17055,2.124139595031738
17056,2.4653341293334963
17057,2.225045013427734
17058,1.9782026290893555
17059,2.243758773803711
17060,2.2948123931884767
17061,2.0730222702026366
17062,2.2264921188354494
17063,2.3901424407958984
17064,1.9209560394287108
17065,2.3105316162109375
17066,2.618947219848633
17067,2.025195503234863
17068,2.4109384536743166
17069,2.4380165100097657
17070,2.4699075698852537
17071,2.2214550018310546
17072,2.2509689331054688
17073,2.384792137145996
17074,2.08215389251709
17075,2.142267417907715
17076,2.120370101928711
17077,1.85191650390625
17078,2.120370101928711
17079,2.5255220413208006
17080,2.185510444641113
17081,1.9784456253051759
17082,2.5975631713867187
17083,2.1409650802612306
17084,2.1493385314941404
17085,2.1622034072875977
17086,2.2545148849487306
17087,2.1901643753051756
17088,2.425528335571289
17089,1.9269374847412108
17090,2.4259328842163086
17091,2.131546211242676
17092,2.1323854446411135
17093,2.2706308364868164
17094,2.5117877960205077
17095,2.1588897705078125
17096,1.9245567321777344
17097,2.1943708419799806
17098,2.5212400436401365
17099,1.9361474990844727
17100,2.194208526611328
17101,2.577005386352539
17102,2.1731279373168944
17103,2.4330013275146483
17104,2.32714729309082
17105,2.2477264404296875
17106,1.9710519790649415
17107,2.0530773162841798
17108,2.2918169021606447
17109,2.7226301193237306
17110,2.178634452819824
17111,2.398463249206543
17112,2.095380973815918
17113,2.382888603210449
17114,2.2051313400268553
17115,2.4250255584716798
17116,2.2514753341674805
17117,2.637550163269043
17118,2.3659297943115236
17119,2.2087806701660155
17120,2.303854751586914
17121,2.3575618743896483
17122,2.6638145446777344
17123,2.4269479751586913
17124,2.320250701904297
17125,2.4374343872070314
17126,1.973892593383789
17127,2.4483322143554687
17128,1.8563493728637694
17129,2.244945526123047
17130,2.234310340881348
17131,2.590248680114746
17132,2.2339504241943358
17133,2.0393955230712892
17134,2.730086326599121
17135,2.252098274230957
17136,2.2696422576904296
17137,2.239960289001465
17138,2.3462299346923827
17139,2.424575614929199
17140,2.7529733657836912
17141,2.4628339767456056
17142,2.2911104202270507
17143,1.9709957122802735
17144,2.0214506149291993
17145,2.209646224975586
17146,2.324627494812012
17147,2.196550178527832
17148,2.3032062530517576
17149,2.4233285903930666
17150,2.095225143432617
17151,2.4166250228881836
17152,2.229246139526367
17153,2.1456344604492186
17154,2.522202491760254
17155,2.497564125061035
17156,2.17803955078125
17157,2.671595001220703
17158,2.349676513671875
17159,2.27618522644043
17160,2.132406234741211
17161,2.039579963684082
17162,2.1862613677978517
17163,2.114527702331543
17164,2.3919748306274413
17165,2.1790386199951173
17166,2.1297634124755858
17167,2.5647987365722655
17168,2.391341972351074
17169,2.645528793334961
17170,2.314905548095703
17171,2.6317846298217775
17172,2.380128288269043
17173,2.598439598083496
17174,2.2171909332275392
17175,2.0545278549194337
17176,2.4944740295410157
17177,2.3533233642578124
17178,2.0369152069091796
17179,2.376961898803711
17180,2.0167821884155273
17181,2.378805923461914
17182,2.7349807739257814
17183,2.1232860565185545
17184,2.277236557006836
17185,2.2336891174316404
17186,1.9266498565673829
17187,2.2343984603881837
17188,2.460739517211914
17189,2.402379035949707
17190,2.597737693786621
17191,2.1542829513549804
17192,1.9679178237915038
17193,2.1166404724121093
17194,2.1331411361694337
17195,2.024740219116211
17196,2.273232269287109
17197,2.3135398864746093
17198,2.308934783935547
17199,2.2634166717529296
17200,2.3228376388549803
17201,2.507267189025879
17202,2.1561050415039062
17203,2.320075798034668
17204,2.2570301055908204
17205,2.135906219482422
17206,2.362143135070801
17207,2.296600341796875
17208,2.5151382446289063
17209,2.2931545257568358
17210,2.0951343536376954
17211,2.256987762451172
17212,2.19763298034668
17213,2.478936195373535
17214,2.210903358459473
17215,2.2438758850097655
17216,2.267843818664551
17217,2.276270294189453
17218,2.261794853210449
17219,1.8636466979980468
17220,2.451823043823242
17221,2.1684188842773438
17222,2.374897766113281
17223,2.0012407302856445
17224,1.8765340805053712
17225,2.3338396072387697
17226,2.5455705642700197
17227,2.0690454483032226
17228,2.220633697509766
17229,2.1475780487060545
17230,2.1961959838867187
17231,2.265472412109375
17232,2.2094547271728517
17233,1.9883325576782227
17234,2.177603530883789
17235,2.774270439147949
17236,2.230206108093262
17237,2.196746253967285
17238,2.512340545654297
17239,2.237567901611328
17240,2.5005292892456055
17241,2.025058555603027
17242,2.2849895477294924
17243,2.471604347229004
17244,2.2921594619750976
17245,2.290452003479004
17246,1.8692384719848634
17247,2.280732536315918
17248,1.960390281677246
17249,2.227922821044922
17250,2.099910926818848
17251,2.544651985168457
17252,2.312417411804199
17253,2.4634096145629885
17254,2.1466814041137696
17255,2.3911867141723633
17256,2.6132648468017576
17257,2.421918487548828
17258,2.3635890960693358
17259,2.0144472122192383
17260,1.8971057891845704
17261,2.432952880859375
17262,2.365574073791504
17263,2.1321437835693358
17264,2.4038827896118162
17265,2.4298192977905275
17266,2.1950332641601564
17267,2.332174301147461
17268,2.4281517028808595
17269,2.4794805526733397
17270,2.855645751953125
17271,2.32647762298584
17272,2.425309944152832
17273,2.1217559814453124
17274,2.6200231552124023
17275,2.2641622543334963
17276,2.189413833618164
17277,2.13723201751709
17278,2.001116943359375
17279,2.3202983856201174
17280,2.0668834686279296
17281,2.5451995849609377
17282,2.5028408050537108
17283,2.396592903137207
17284,2.3579626083374023
17285,2.113789749145508
17286,2.0665470123291017
17287,2.360646438598633
17288,2.1587295532226562
17289,2.095363998413086
17290,2.653917121887207
17291,2.3001836776733398
17292,2.108420181274414
17293,2.280328941345215
17294,2.154514503479004
17295,2.1670257568359377
17296,2.2063045501708984
17297,2.298933982849121
17298,2.2681671142578126
17299,2.323228454589844
17300,2.3023921966552736
17301,2.505076217651367
17302,2.036358451843262
17303,2.181229019165039
17304,2.6891815185546877
17305,1.9937328338623046
17306,2.1769861221313476
17307,2.227434539794922
17308,2.3497495651245117
17309,2.2281450271606444
17310,2.294774055480957
17311,2.3824676513671874
17312,2.590353775024414
17313,2.390222930908203
17314,2.354814338684082
17315,2.011745071411133
17316,2.1059804916381837
17317,2.0375560760498046
17318,2.1853353500366213
17319,2.2486696243286133
17320,2.2117387771606447
17321,2.1956787109375
17322,2.405539321899414
17323,2.2508115768432617
17324,2.571706199645996
17325,2.351657676696777
17326,1.9131479263305664
17327,2.0934370040893553
17328,1.9842382431030274
17329,2.3116952896118166
17330,2.220500946044922
17331,2.0865116119384766
17332,2.8827560424804686
17333,1.9785049438476563
17334,1.9386651992797852
17335,2.3414447784423826
17336,2.276433563232422
17337,2.0065820693969725
17338,2.2368255615234376
17339,1.9850652694702149
17340,2.035064125061035
17341,2.261111259460449
17342,1.972060775756836
17343,2.0859130859375
17344,2.240394401550293
17345,2.453361701965332
17346,2.512339210510254
17347,2.431024742126465
17348,2.311868095397949
17349,1.6315717697143555
17350,1.9488731384277345
17351,2.5150482177734377
17352,2.2455907821655274
17353,2.448919486999512
17354,2.375729560852051
17355,2.318843650817871
17356,2.7716066360473635
17357,2.1531255722045897
17358,2.1471416473388674
17359,2.3711610794067384
17360,2.0161514282226562
17361,2.464769744873047
17362,2.262471580505371
17363,2.4638641357421873
17364,2.3710012435913086
17365,2.0855335235595702
17366,1.9322851181030274
17367,2.2904075622558593
17368,2.549712371826172
17369,1.8726760864257812
17370,2.5598388671875
17371,2.308774948120117
17372,2.4573898315429688
17373,1.992778205871582
17374,2.181177520751953
17375,2.3426492691040037
17376,2.1476953506469725
17377,2.1603748321533205
17378,2.4746360778808594
17379,2.1628564834594726
17380,2.3527900695800783
17381,2.11295166015625
17382,2.067478370666504
17383,2.2254007339477537
17384,2.2937049865722656
17385,2.1511253356933593
17386,2.11815185546875
17387,2.151521682739258
17388,2.0634578704833983
17389,2.4788217544555664
17390,2.3845117568969725
17391,2.1452449798583983
17392,2.075364685058594
17393,2.3368349075317383
17394,2.1406728744506838
17395,2.4023971557617188
17396,2.5326044082641603
17397,2.487716293334961
17398,2.3750328063964843
17399,2.3546119689941407
17400,2.3117088317871093
17401,2.548069190979004
17402,2.250040054321289
17403,2.2560279846191404
17404,1.8823802947998047
17405,2.501089096069336
17406,2.2467988967895507
17407,1.85006103515625
17408,2.2386104583740236
17409,2.488225746154785
17410,2.2628524780273436
17411,2.1627809524536135
17412,2.188129425048828
17413,2.033533477783203
17414,2.4212667465209963
17415,2.3621231079101563
17416,2.2969207763671875
17417,2.08377628326416
17418,2.0430437088012696
17419,2.1525171279907225
17420,2.2984941482543944
17421,2.071575164794922
17422,2.264002227783203
17423,2.20287971496582
17424,2.4980066299438475
17425,2.244593048095703
17426,2.2683006286621095
17427,2.4757246017456054
17428,2.527275276184082
17429,2.064821243286133
17430,2.349464225769043
17431,2.5116504669189452
17432,2.5359785079956056
17433,1.9641105651855468
17434,2.337362861633301
17435,2.5720678329467774
17436,2.2074512481689452
17437,2.2269769668579102
17438,2.0005640029907226
17439,2.510418701171875
17440,2.1693063735961915
17441,2.5690160751342774
17442,2.1683021545410157
17443,2.0627946853637695
17444,2.18063907623291
17445,2.332438278198242
17446,2.2764286041259765
17447,2.2174163818359376
17448,2.0915706634521483
17449,2.2775922775268556
17450,2.1707294464111326
17451,2.674066925048828
17452,2.0472795486450197
17453,2.264628791809082
17454,2.5247583389282227
17455,2.2084604263305665
17456,2.1135534286499023
17457,2.5091915130615234
17458,2.196149444580078
17459,2.248000144958496
17460,2.3628820419311523
17461,2.3112375259399416
17462,2.3363452911376954
17463,2.3103586196899415
17464,2.707863426208496
17465,2.2850374221801757
17466,2.517435073852539
17467,2.255862236022949
17468,2.365456390380859
17469,2.0867450714111326
17470,2.0554704666137695
17471,2.3643312454223633
17472,2.323084831237793
17473,1.771356201171875
17474,2.0477094650268555
17475,2.2116111755371093
17476,2.535256576538086
17477,2.5514413833618166
17478,2.1649667739868166
17479,2.402008628845215
17480,2.0162601470947266
17481,2.098539352416992
17482,2.3553428649902344
17483,2.092151069641113
17484,2.0805986404418944
17485,2.3832141876220705
17486,2.0005517959594727
17487,2.432611083984375
17488,2.327919769287109
17489,2.170484733581543
17490,1.9644906997680665
17491,2.556794357299805
17492,2.3707820892333986
17493,2.2403797149658202
17494,2.404133605957031
17495,2.327595901489258
17496,2.0622787475585938
17497,2.079142951965332
17498,2.109354782104492
17499,2.161763000488281
17500,2.6170658111572265
17501,2.3330265045166017
17502,2.3669939041137695
17503,1.97581787109375
17504,2.2962499618530274
17505,2.4367713928222656
17506,2.198490524291992
17507,2.511950874328613
17508,2.0816049575805664
17509,2.5775339126586916
17510,2.683675765991211
17511,2.2373003005981444
17512,2.1316904067993163
17513,2.0437240600585938
17514,2.3398344039916994
17515,2.130657768249512
17516,1.8901988983154296
17517,2.3333831787109376
17518,2.8357688903808596
17519,2.3708576202392577
17520,2.0733011245727537
17521,2.142610549926758
17522,1.9198266983032226
17523,2.036582374572754
17524,2.120658111572266
17525,2.0769481658935547
17526,2.136186408996582
17527,2.2308914184570314
17528,1.865427589416504
17529,2.3253915786743162
17530,2.186924934387207
17531,2.0895538330078125
17532,2.232075881958008
17533,2.2489749908447267
17534,2.653498077392578
17535,2.2451913833618162
17536,2.1915706634521483
17537,2.113648223876953
17538,2.304800033569336
17539,2.3745046615600587
17540,2.0915433883666994
17541,2.2203779220581055
17542,2.250710296630859
17543,2.469638442993164
17544,2.653414726257324
17545,2.491379165649414
17546,2.5840085983276366
17547,2.1492263793945314
17548,2.1246692657470705
17549,2.3631223678588866
17550,2.2687990188598635
17551,1.970975685119629
17552,2.3298952102661135
17553,2.450048065185547
17554,2.265707778930664
17555,2.1486024856567383
17556,2.42006778717041
17557,2.3229516983032226
17558,2.2142438888549805
17559,2.463846206665039
17560,2.093310546875
17561,2.3402175903320312
17562,2.3346445083618166
17563,2.589066505432129
17564,2.0432464599609377
17565,2.403460693359375
17566,2.1140565872192383
17567,1.9218278884887696
17568,2.299014091491699
17569,2.04992561340332
17570,2.4183992385864257
17571,2.1832502365112303
17572,2.3988470077514648
17573,2.4710676193237306
17574,2.5611446380615233
17575,2.5217409133911133
17576,2.252141571044922
17577,2.6178962707519533
17578,2.066010856628418
17579,2.4153984069824217
17580,2.4749460220336914
17581,2.37530403137207
17582,2.4363393783569336
17583,2.3312211990356446
17584,2.154413414001465
17585,2.1113210678100587
17586,2.2899770736694336
17587,2.482355308532715
17588,2.2920528411865235
17589,2.4957901000976563
17590,2.5148523330688475
17591,2.4595027923583985
17592,1.9529701232910157
17593,2.404103660583496
17594,2.1842090606689455
17595,2.3054830551147463
17596,2.2138580322265624
17597,2.2974180221557616
17598,2.1697309494018553
17599,2.4757711410522463
17600,2.069330406188965
17601,2.3612787246704103
17602,2.478342819213867
17603,2.1304698944091798
17604,2.047878074645996
17605,2.42883243560791
17606,2.0578046798706056
17607,2.5003753662109376
17608,2.0901426315307616
17609,2.1420360565185548
17610,2.122057342529297
17611,2.1936532974243166
17612,2.1240798950195314
17613,2.2867008209228517
17614,2.284986686706543
17615,2.367777633666992
17616,2.3521514892578126
17617,2.492214012145996
17618,2.1660587310791017
17619,2.1756193161010744
17620,2.435028648376465
17621,2.052721405029297
17622,2.168751525878906
17623,2.329617500305176
17624,1.9991205215454102
17625,2.1655738830566404
17626,1.9944185256958007
17627,2.3056543350219725
17628,2.0105098724365233
17629,2.449068069458008
17630,1.9649145126342773
17631,2.3127696990966795
17632,2.4661874771118164
17633,2.002634620666504
17634,2.057504081726074
17635,2.122358703613281
17636,2.303386116027832
17637,2.22238712310791
17638,2.0179702758789064
17639,2.3374624252319336
17640,2.5098636627197264
17641,2.477571487426758
17642,2.3748458862304687
17643,2.4884056091308593
17644,2.1369726181030275
17645,2.328031539916992
17646,1.9575311660766601
17647,1.9104799270629882
17648,1.979201889038086
17649,2.3261587142944338
17650,2.4167505264282227
17651,2.398787498474121
17652,1.8724782943725586
17653,2.5015737533569338
17654,2.1873296737670898
17655,2.4271427154541017
17656,2.284006881713867
17657,2.1475284576416014
17658,2.2001920700073243
17659,2.672784996032715
17660,2.352356719970703
17661,2.2891632080078126
17662,2.055576705932617
17663,2.1647623062133787
17664,2.477764701843262
17665,1.9661314010620117
17666,2.160368537902832
17667,2.3546628952026367
17668,2.011966514587402
17669,2.3778379440307615
17670,2.7070852279663087
17671,1.9299398422241212
17672,2.151851272583008
17673,2.105049705505371
17674,1.9138528823852539
17675,2.2489267349243165
17676,1.9225322723388671
17677,2.4243526458740234
17678,2.0063144683837892
17679,2.2701202392578126
17680,2.2629018783569337
17681,1.9986692428588868
17682,2.320320701599121
17683,2.338915252685547
17684,2.5131704330444338
17685,2.459450912475586
17686,2.1421268463134764
17687,2.098585319519043
17688,2.187043380737305
17689,2.3815216064453124
17690,2.415380668640137
17691,1.9727705001831055
17692,2.2839479446411133
17693,2.3235876083374025
17694,2.1007974624633787
17695,1.8915369033813476
17696,2.407771682739258
17697,2.564415168762207
17698,2.2051597595214845
17699,2.3262540817260744
17700,2.2927215576171873
17701,2.4499000549316405
17702,2.3654621124267576
17703,2.121902084350586
17704,2.358661079406738
17705,2.51153678894043
17706,2.193449592590332
17707,2.2820491790771484
17708,2.354833221435547
17709,2.2524364471435545
17710,2.1483346939086916
17711,2.3761430740356446
17712,2.191083526611328
17713,2.333103370666504
17714,2.24722843170166
17715,2.2642452239990236
17716,1.9825811386108398
17717,1.9206855773925782
17718,2.1869903564453126
17719,2.1345569610595705
17720,2.2905248641967773
17721,2.2841415405273438
17722,2.3122581481933593
17723,2.2773553848266603
17724,2.2242034912109374
17725,2.3464746475219727
17726,2.390549087524414
17727,2.5216577529907225
17728,2.1562789916992187
17729,1.844508743286133
17730,2.581809234619141
17731,1.97490234375
17732,2.4169998168945312
17733,2.1892112731933593
17734,2.2377696990966798
17735,2.2033111572265627
17736,2.2179681777954103
17737,2.6415056228637694
17738,2.266184997558594
17739,2.244017791748047
17740,2.0062734603881838
17741,2.176444435119629
17742,2.3321096420288088
17743,2.2591630935668947
17744,1.9933307647705079
17745,2.00856876373291
17746,1.9607046127319336
17747,2.3708871841430663
17748,2.1896533966064453
17749,2.4993276596069336
17750,2.1830678939819337
17751,2.659914016723633
17752,2.0566585540771483
17753,2.341914939880371
17754,2.219110298156738
17755,2.123102569580078
17756,2.3036495208740235
17757,2.5135818481445313
17758,2.1697900772094725
17759,2.298577308654785
17760,1.925424575805664
17761,2.171340751647949
17762,2.2156955718994142
17763,2.4596139907836916
17764,2.2039907455444334
17765,2.080814743041992
17766,2.674665069580078
17767,2.5412885665893556
17768,2.094539833068848
17769,2.378378677368164
17770,2.5888011932373045
17771,2.266783332824707
17772,2.411973571777344
17773,2.0335384368896485
17774,2.224041748046875
17775,2.357119560241699
17776,2.4635360717773436
17777,2.1980432510375976
17778,2.1261167526245117
17779,2.404974937438965
17780,2.2022571563720703
17781,2.4466890335083007
17782,2.1435720443725588
17783,2.373714065551758
17784,2.5096551895141603
17785,2.4210418701171874
17786,2.1385353088378904
17787,2.6165445327758787
17788,2.207831382751465
17789,2.2895265579223634
17790,2.5252264022827147
17791,2.3368160247802736
17792,2.2554317474365235
17793,2.2723331451416016
17794,2.0991985321044924
17795,2.1608148574829102
17796,2.501871681213379
17797,2.0252384185791015
17798,2.528281402587891
17799,2.546396255493164
17800,2.2395755767822267
17801,1.9892019271850585
17802,2.148418998718262
17803,2.375236701965332
17804,2.1985099792480467
17805,2.2668346405029296
17806,2.2888622283935547
17807,2.2165771484375
17808,2.2181827545166017
17809,2.3192264556884767
17810,2.187774658203125
17811,1.9834083557128905
17812,2.5237592697143554
17813,2.5872142791748045
17814,2.304957962036133
17815,1.9688650131225587
17816,2.2113069534301757
17817,2.669410514831543
17818,2.3139841079711916
17819,2.1214263916015623
17820,2.2543947219848635
17821,2.2633848190307617
17822,1.9673343658447267
17823,2.105105400085449
17824,2.1816673278808594
17825,2.2905548095703123
17826,2.348440742492676
17827,2.1751726150512694
17828,2.4107763290405275
17829,2.514856147766113
17830,2.553035545349121
17831,2.3430137634277344
17832,2.092073440551758
17833,2.0507638931274412
17834,2.57759952545166
17835,2.2224626541137695
17836,2.3476043701171876
17837,2.364293670654297
17838,2.254207229614258
17839,2.3960519790649415
17840,2.1102249145507814
17841,2.3145725250244142
17842,2.226581573486328
17843,2.2837533950805664
17844,2.4617286682128907
17845,2.0183292388916017
17846,2.095971870422363
17847,2.531549072265625
17848,2.030002975463867
17849,2.13693790435791
17850,2.097625160217285
17851,2.202584075927734
17852,2.1894317626953126
17853,2.4061969757080077
17854,2.0497453689575194
17855,2.256928253173828
17856,2.014311981201172
17857,2.218943214416504
17858,2.200712776184082
17859,1.9993125915527343
17860,2.3142263412475588
17861,2.4777448654174803
17862,1.9833240509033203
17863,2.2001346588134765
17864,2.466503143310547
17865,2.1203704833984376
17866,2.4344646453857424
17867,2.297293853759766
17868,2.4171871185302733
17869,2.22489070892334
17870,2.1386547088623047
17871,2.733942413330078
17872,2.2852413177490236
17873,2.2195091247558594
17874,2.5221735000610352
17875,2.1221668243408205
17876,2.290104293823242
17877,2.2633377075195313
17878,2.5153457641601564
17879,2.460806655883789
17880,2.241499328613281
17881,2.5794816970825196
17882,2.0805484771728517
17883,2.4372322082519533
17884,2.1737030029296873
17885,2.1048633575439455
17886,2.3118560791015623
17887,2.1337553024291993
17888,2.249380874633789
17889,2.145293426513672
17890,2.2418096542358397
17891,2.264603614807129
17892,2.0377235412597656
17893,2.3090097427368166
17894,2.3050359725952148
17895,2.39516658782959
17896,2.3153491973876954
17897,2.1001535415649415
17898,2.403312873840332
17899,1.9847410202026368
17900,2.4787017822265627
17901,2.2138723373413085
17902,2.450844955444336
17903,2.4876754760742186
17904,2.5603317260742187
17905,2.3604841232299805
17906,2.67169303894043
17907,2.398101043701172
17908,2.0787288665771486
17909,2.4284473419189454
17910,2.1494380950927736
17911,2.088114929199219
17912,2.430754852294922
17913,1.9445945739746093
17914,2.308197593688965
17915,1.8698068618774415
17916,2.1886737823486326
17917,2.642075538635254
17918,2.2894004821777343
17919,2.3674455642700196
17920,2.547988700866699
17921,2.226251411437988
17922,2.058131217956543
17923,2.337509346008301
17924,2.3689584732055664
17925,1.8369831085205077
17926,2.276890182495117
17927,2.6190242767333984
17928,2.160923385620117
17929,2.317074775695801
17930,2.343489074707031
17931,2.090143394470215
17932,1.961022186279297
17933,2.1029176712036133
17934,2.1305004119873048
17935,2.302399826049805
17936,2.1376665115356444
17937,2.299037551879883
17938,2.4329824447631836
17939,2.3904369354248045
17940,2.176793098449707
17941,2.581740379333496
17942,2.547359848022461
17943,2.446299171447754
17944,2.2077203750610352
17945,2.1746122360229494
17946,2.4266521453857424
17947,2.721518898010254
17948,2.1313653945922852
17949,2.1974370956420897
17950,1.9912849426269532
17951,2.1679494857788084
17952,2.2258506774902345
17953,2.3522455215454103
17954,2.2719350814819337
17955,2.260076141357422
17956,2.226141929626465
17957,2.4630805969238283
17958,2.2781591415405273
17959,2.3555635452270507
17960,2.314998435974121
17961,2.1277257919311525
17962,2.5258176803588865
17963,2.352446937561035
17964,2.1562376022338867
17965,2.220640182495117
17966,2.3983461380004885
17967,2.566819190979004
17968,1.941702651977539
17969,2.6563005447387695
17970,2.3997398376464845
17971,2.115048408508301
17972,1.8558137893676758
17973,2.207567596435547
17974,2.1680837631225587
17975,2.126442527770996
17976,2.0657621383666993
17977,2.3129909515380858
17978,2.529073143005371
17979,2.481758689880371
17980,2.3062183380126955
17981,2.1633140563964846
17982,2.1302629470825196
17983,2.174371528625488
17984,2.3762737274169923
17985,2.246799659729004
17986,2.1332393646240235
17987,2.566694641113281
17988,2.4118852615356445
17989,2.434983253479004
17990,2.7117002487182615
17991,1.975040817260742
17992,2.0156057357788084
17993,2.1742048263549805
17994,2.2108360290527345
17995,2.040065956115723
17996,2.3006803512573244
17997,2.014326477050781
17998,2.543109321594238
17999,2.5297100067138674
18000,2.609532356262207
18001,2.1010122299194336
18002,2.8357170104980467
18003,2.2203546524047852
18004,2.2864072799682615
18005,2.5831157684326174
18006,2.387140655517578
18007,2.080360984802246
18008,2.078382873535156
18009,2.185271453857422
18010,2.0805105209350585
18011,2.3362920761108397
18012,1.9834362030029298
18013,2.0755126953125
18014,2.8003868103027343
18015,2.0586477279663087
18016,2.160698890686035
18017,2.5155771255493162
18018,2.4174747467041016
18019,1.8637916564941406
18020,2.0978601455688475
18021,2.0016136169433594
18022,2.4116268157958984
18023,2.418512535095215
18024,2.249226379394531
18025,2.1911794662475588
18026,2.1333086013793947
18027,1.9660690307617188
18028,2.0851959228515624
18029,2.309088134765625
18030,2.558727836608887
18031,2.268442916870117
18032,2.025218200683594
18033,2.010092544555664
18034,2.399016189575195
18035,2.390690231323242
18036,2.659102439880371
18037,2.5123550415039064
18038,2.1554592132568358
18039,2.4070306777954102
18040,2.1990753173828126
18041,2.2763956069946287
18042,2.611589050292969
18043,2.147745704650879
18044,2.4507251739501954
18045,2.136867141723633
18046,2.417607307434082
18047,2.0852251052856445
18048,2.1024532318115234
18049,2.0872398376464845
18050,2.1416963577270507
18051,2.245030975341797
18052,2.4128002166748046
18053,2.6972023010253907
18054,2.6157278060913085
18055,2.3169025421142577
18056,2.289341354370117
18057,2.4885997772216797
18058,2.357083320617676
18059,1.756085205078125
18060,2.4211967468261717
18061,2.2954357147216795
18062,2.211223602294922
18063,3.0243719100952147
18064,2.434035301208496
18065,2.7225368499755858
18066,2.6572202682495116
18067,2.3989715576171875
18068,2.199390411376953
18069,2.2230661392211912
18070,2.2717767715454102
18071,2.618122673034668
18072,2.405762481689453
18073,2.143154335021973
18074,2.3077682495117187
18075,2.4426469802856445
18076,2.5006855010986326
18077,2.4979990005493162
18078,2.3251712799072264
18079,1.956277084350586
18080,2.7494983673095703
18081,2.278995132446289
18082,2.1412458419799805
18083,2.4794536590576173
18084,1.9450931549072266
18085,2.6941152572631837
18086,2.3391044616699217
18087,2.365108680725098
18088,2.2772918701171876
18089,2.3411182403564452
18090,2.146514129638672
18091,2.2242202758789062
18092,2.2955390930175783
18093,2.1311779022216797
18094,2.0769519805908203
18095,2.09027099609375
18096,2.229176712036133
18097,2.1801876068115233
18098,2.5208419799804687
18099,2.168947219848633
18100,2.2337902069091795
18101,2.181610679626465
18102,2.2770280838012695
18103,1.8641767501831055
18104,2.2892375946044923
18105,2.547708511352539
18106,2.257263946533203
18107,2.679309844970703
18108,2.195438194274902
18109,2.7172359466552733
18110,2.4452959060668946
18111,2.0555612564086916
18112,2.2783432006835938
18113,2.487497329711914
18114,2.504241943359375
18115,2.878958320617676
18116,1.8927803039550781
18117,2.109040451049805
18118,2.4423267364501955
18119,2.879372215270996
18120,2.2118101119995117
18121,1.838974380493164
18122,2.5585559844970702
18123,2.2035457611083986
18124,2.4216318130493164
18125,2.228671646118164
18126,2.2329139709472656
18127,2.4400272369384766
18128,2.2812782287597657
18129,2.38140754699707
18130,2.2271156311035156
18131,2.3124332427978516
18132,2.3778545379638674
18133,2.334190559387207
18134,2.4336227416992187
18135,2.306052017211914
18136,2.1536718368530274
18137,2.337948799133301
18138,2.2841007232666017
18139,2.348218536376953
18140,2.0693248748779296
18141,2.392047882080078
18142,2.230593681335449
18143,2.114227294921875
18144,2.494785690307617
18145,2.4924697875976562
18146,2.224928855895996
18147,2.1626989364624025
18148,2.671634864807129
18149,2.302215576171875
18150,2.2472549438476563
18151,2.590890312194824
18152,2.0670150756835937
18153,2.505450630187988
18154,2.429817008972168
18155,2.492276191711426
18156,2.3893585205078125
18157,2.2326967239379885
18158,2.4489957809448244
18159,2.1947910308837892
18160,2.2278234481811525
18161,1.9128263473510743
18162,2.738949012756348
18163,2.0003185272216797
18164,2.115669822692871
18165,2.2581275939941405
18166,2.310850715637207
18167,2.2147125244140624
18168,2.1963150024414064
18169,2.372542381286621
18170,2.46558837890625
18171,2.2989757537841795
18172,2.7043121337890623
18173,2.344223213195801
18174,2.132025146484375
18175,2.354685974121094
18176,2.349805450439453
18177,2.7094789505004884
18178,1.7911779403686523
18179,2.009791946411133
18180,2.2225202560424804
18181,2.3361120223999023
18182,2.278584671020508
18183,2.6317296981811524
18184,2.218547821044922
18185,2.229827117919922
18186,2.1535905838012694
18187,1.9780481338500977
18188,2.4377744674682615
18189,2.6164520263671873
18190,2.008086013793945
18191,2.0777908325195313
18192,2.2392200469970702
18193,2.3915067672729493
18194,2.5254499435424806
18195,2.166763687133789
18196,2.194757843017578
18197,1.9083734512329102
18198,2.3998846054077148
18199,2.265112113952637
18200,2.7429622650146483
18201,2.1186426162719725
18202,2.4864627838134767
18203,2.1833217620849608
18204,2.4449859619140626
18205,2.744052505493164
18206,2.3382944107055663
18207,2.359390640258789
18208,2.6343387603759765
18209,2.3614200592041015
18210,2.03151798248291
18211,2.306122970581055
18212,2.213917541503906
18213,2.634782409667969
18214,2.377167510986328
18215,2.463535118103027
18216,2.0658523559570314
18217,2.268910598754883
18218,2.388646125793457
18219,1.9258676528930665
18220,2.3353023529052734
18221,2.226918029785156
18222,2.346330451965332
18223,2.414341926574707
18224,2.361191177368164
18225,2.4196468353271485
18226,2.42419490814209
18227,2.6415430068969727
18228,2.4967090606689455
18229,2.346991539001465
18230,2.3770009994506838
18231,2.4456300735473633
18232,2.374110984802246
18233,2.25732421875
18234,2.503385543823242
18235,2.1343517303466797
18236,2.195037078857422
18237,2.0345527648925783
18238,1.974463653564453
18239,2.1252222061157227
18240,2.1252567291259767
18241,2.329092597961426
18242,2.001099967956543
18243,1.968682098388672
18244,2.2489238739013673
18245,2.316695213317871
18246,2.437693977355957
18247,2.202656364440918
18248,2.2816638946533203
18249,2.0514440536499023
18250,2.2447542190551757
18251,2.2758764266967773
18252,2.3242040634155274
18253,2.4365123748779296
18254,2.430705451965332
18255,2.3483535766601564
18256,2.259406852722168
18257,2.298731803894043
18258,2.198600196838379
18259,2.27993106842041
18260,2.295427131652832
18261,2.178596305847168
18262,2.2729894638061525
18263,2.388595962524414
18264,2.4902957916259765
18265,2.490483283996582
18266,2.3476160049438475
18267,2.1905691146850588
18268,2.450132369995117
18269,2.035675811767578
18270,2.217035675048828
18271,2.242275619506836
18272,2.4179540634155274
18273,2.349236488342285
18274,2.6563173294067384
18275,2.2473033905029296
18276,2.045221138000488
18277,2.305072021484375
18278,2.0771966934204102
18279,2.1254173278808595
18280,2.675716781616211
18281,2.562306213378906
18282,1.9230279922485352
18283,2.471516799926758
18284,2.377634811401367
18285,2.238277816772461
18286,2.157124328613281
18287,2.4593374252319338
18288,2.1067955017089846
18289,2.3298900604248045
18290,2.196588897705078
18291,2.6559917449951174
18292,2.3638086318969727
18293,2.1842748641967775
18294,2.1884387969970702
18295,2.182177925109863
18296,2.472169303894043
18297,2.244496726989746
18298,2.094870948791504
18299,2.314090347290039
18300,2.150154685974121
18301,1.88622989654541
18302,2.52756404876709
18303,2.3552600860595705
18304,2.407772445678711
18305,2.496149444580078
18306,2.392217254638672
18307,2.0844478607177734
18308,2.3020063400268556
18309,2.3582025527954102
18310,2.6708826065063476
18311,2.721522331237793
18312,2.5322134017944338
18313,2.620848846435547
18314,2.124055290222168
18315,1.952141571044922
18316,2.1045085906982424
18317,2.392898750305176
18318,2.2882862091064453
18319,2.1340316772460937
18320,2.0212074279785157
18321,2.173974800109863
18322,2.148586082458496
18323,2.2755500793457033
18324,2.306511116027832
18325,2.451729583740234
18326,2.4813003540039062
18327,2.2924478530883787
18328,2.227118492126465
18329,2.3949007034301757
18330,2.1599903106689453
18331,2.1941926956176756
18332,2.730350875854492
18333,2.3065073013305666
18334,2.6257259368896486
18335,2.305939292907715
18336,2.364116668701172
18337,2.747898292541504
18338,2.1339881896972654
18339,2.0766231536865236
18340,2.3155757904052736
18341,2.6920761108398437
18342,2.025222969055176
18343,2.2869415283203125
18344,2.444990348815918
18345,2.5869256973266603
18346,2.3098112106323243
18347,1.923025894165039
18348,2.32662410736084
18349,1.775543785095215
18350,2.5294546127319335
18351,2.6227252960205076
18352,2.4503639221191404
18353,2.4561817169189455
18354,2.3781112670898437
18355,2.1173189163208006
18356,1.924672508239746
18357,2.3567338943481446
18358,2.0568252563476563
18359,2.742565155029297
18360,2.244595527648926
18361,2.331282615661621
18362,2.1933820724487303
18363,2.616041374206543
18364,2.142535400390625
18365,2.0542886734008787
18366,2.3473352432250976
18367,2.057216835021973
18368,2.2024311065673827
18369,2.3185308456420897
18370,1.987315559387207
18371,2.037607765197754
18372,2.7045177459716796
18373,2.5730964660644533
18374,2.5131885528564455
18375,2.6103511810302735
18376,2.31829776763916
18377,2.1957469940185548
18378,2.2975257873535155
18379,2.217765045166016
18380,2.2536272048950194
18381,2.0710723876953123
18382,2.0889284133911135
18383,2.4307193756103516
18384,2.257707405090332
18385,2.2226715087890625
18386,2.153968620300293
18387,2.4491043090820312
18388,1.9982585906982422
18389,2.3722063064575196
18390,2.4992584228515624
18391,2.065078544616699
18392,2.2582435607910156
18393,2.3167978286743165
18394,1.9672929763793945
18395,1.9618396759033203
18396,2.2796634674072265
18397,2.4616167068481447
18398,2.2900722503662108
18399,2.3749582290649416
18400,2.2407461166381837
18401,2.2055133819580077
18402,2.2294122695922853
18403,2.200016403198242
18404,2.263990783691406
18405,2.107386016845703
18406,2.381606674194336
18407,2.2392797470092773
18408,2.489193916320801
18409,2.553704261779785
18410,2.3707508087158202
18411,1.7991695404052734
18412,2.0240278244018555
18413,2.162700653076172
18414,2.411636543273926
18415,2.5715972900390627
18416,2.238947296142578
18417,2.460087203979492
18418,2.3105281829833983
18419,2.3274742126464845
18420,2.132609176635742
18421,2.3107704162597655
18422,2.051470947265625
18423,2.25325927734375
18424,2.171000289916992
18425,2.3170427322387694
18426,1.9152545928955078
18427,2.1311166763305662
18428,1.8702070236206054
18429,2.328763008117676
18430,2.1368804931640626
18431,2.1196334838867186
18432,2.2926021575927735
18433,2.3588798522949217
18434,2.2344738006591798
18435,2.2644878387451173
18436,2.3285472869873045
18437,2.1921670913696287
18438,2.036218452453613
18439,2.235651206970215
18440,2.2712358474731444
18441,2.3654415130615236
18442,2.522849273681641
18443,2.3588079452514648
18444,2.034096527099609
18445,2.061840057373047
18446,2.1513431549072264
18447,2.5074941635131838
18448,2.517954444885254
18449,2.29171142578125
18450,2.6964311599731445
18451,2.1156970977783205
18452,2.241153526306152
18453,2.4392602920532225
18454,2.0581600189208986
18455,2.405396842956543
18456,2.2503828048706054
18457,2.5276397705078124
18458,2.420414924621582
18459,2.378520393371582
18460,2.221489143371582
18461,2.339229965209961
18462,2.038155364990234
18463,1.9277170181274415
18464,2.2384563446044923
18465,2.1556884765625
18466,2.422054100036621
18467,2.2761959075927733
18468,2.4893930435180662
18469,1.8520580291748048
18470,2.7761455535888673
18471,2.358640670776367
18472,2.2804166793823244
18473,2.2596391677856444
18474,1.9899251937866211
18475,2.371195411682129
18476,2.415317153930664
18477,2.4198657989501955
18478,2.263266754150391
18479,2.319365882873535
18480,2.311726760864258
18481,2.5530040740966795
18482,2.4902650833129885
18483,2.4720577239990233
18484,2.1193180084228516
18485,2.110109329223633
18486,2.2033964157104493
18487,2.1511999130249024
18488,2.389872741699219
18489,2.0746965408325195
18490,2.485207939147949
18491,2.2227714538574217
18492,2.4214900970458983
18493,2.1264604568481444
18494,2.1851903915405275
18495,2.417044448852539
18496,2.126890754699707
18497,2.296446418762207
18498,2.2198686599731445
18499,2.1490894317626954
18500,2.553520393371582
18501,2.1232141494750976
18502,2.375859832763672
18503,2.488460350036621
18504,2.1880138397216795
18505,2.292776107788086
18506,1.9687139511108398
18507,2.429189682006836
18508,2.237933349609375
18509,2.2163692474365235
18510,2.090079498291016
18511,2.199387550354004
18512,2.4679309844970705
18513,2.3108034133911133
18514,2.242880630493164
18515,2.3198619842529298
18516,2.023238754272461
18517,2.228278160095215
18518,2.4217395782470703
18519,1.9367464065551758
18520,2.351014518737793
18521,2.204482650756836
18522,2.165186882019043
18523,2.2459394454956056
18524,2.339094543457031
18525,2.286940002441406
18526,2.0888118743896484
18527,2.553539276123047
18528,2.0766300201416015
18529,2.2069818496704103
18530,2.255392074584961
18531,2.278157043457031
18532,2.505689239501953
18533,2.714155387878418
18534,2.148625946044922
18535,2.8283514022827148
18536,2.2734323501586915
18537,2.3134273529052733
18538,1.9336807250976562
18539,1.9882408142089845
18540,1.9914995193481446
18541,2.3374391555786134
18542,2.0682214736938476
18543,2.446531867980957
18544,2.354444885253906
18545,2.135630798339844
18546,2.0215038299560546
18547,2.485712432861328
18548,2.1890399932861326
18549,2.383207321166992
18550,2.101070022583008
18551,2.088763427734375
18552,2.3906450271606445
18553,2.3072696685791017
18554,2.4637096405029295
18555,2.4878208160400392
18556,2.43837947845459
18557,2.598958396911621
18558,2.4235389709472654
18559,2.4253776550292967
18560,2.176119804382324
18561,2.608201599121094
18562,2.622384452819824
18563,2.1479867935180663
18564,2.366107368469238
18565,1.9776838302612305
18566,1.9179979324340821
18567,2.1885263442993166
18568,2.0955875396728514
18569,2.351070022583008
18570,2.1748022079467773
18571,2.5163242340087892
18572,2.2935775756835937
18573,2.106611633300781
18574,2.2806358337402344
18575,2.1543359756469727
18576,2.613046646118164
18577,2.1473115921020507
18578,2.157906723022461
18579,2.251993179321289
18580,2.4479761123657227
18581,2.673930549621582
18582,2.3907358169555666
18583,1.914121437072754
18584,2.3186756134033204
18585,2.2785173416137696
18586,2.358494758605957
18587,2.48635196685791
18588,2.612757110595703
18589,2.2666288375854493
18590,2.1799293518066407
18591,2.053173637390137
18592,2.421132469177246
18593,2.610982131958008
18594,2.5156265258789063
18595,2.6004732131958006
18596,2.3136415481567383
18597,2.079412651062012
18598,2.516065979003906
18599,2.083545112609863
18600,2.37752742767334
18601,2.2474285125732423
18602,2.1551551818847656
18603,2.2040952682495116
18604,2.3901981353759765
18605,2.1809677124023437
18606,2.274064826965332
18607,2.2839706420898436
18608,2.0810310363769533
18609,2.4435190200805663
18610,1.9931865692138673
18611,2.1435752868652345
18612,2.157552719116211
18613,2.110111618041992
18614,2.5002159118652343
18615,1.9571191787719726
18616,2.291976737976074
18617,2.404865837097168
18618,2.366566848754883
18619,2.2905242919921873
18620,2.0147510528564454
18621,2.2824867248535154
18622,2.583728790283203
18623,2.116741752624512
18624,2.112921142578125
18625,2.1674097061157225
18626,2.0635259628295897
18627,2.2687889099121095
18628,2.659033012390137
18629,2.2236186981201174
18630,2.2777280807495117
18631,2.380341720581055
18632,2.1630550384521485
18633,2.040399360656738
18634,2.211899185180664
18635,2.6288814544677734
18636,2.489579200744629
18637,2.285382080078125
18638,2.4250917434692383
18639,2.3265804290771483
18640,2.4485889434814454
18641,2.4584259033203124
18642,1.9524534225463868
18643,2.2300798416137697
18644,2.6294246673583985
18645,2.207313346862793
18646,2.2353322982788084
18647,2.23693733215332
18648,2.017871284484863
18649,2.2930814743041994
18650,2.843215751647949
18651,2.0638858795166017
18652,2.2131690979003906
18653,2.214490509033203
18654,2.367371368408203
18655,2.2215555191040037
18656,2.32489128112793
18657,2.3985925674438477
18658,2.5207984924316404
18659,2.269997215270996
18660,2.296458625793457
18661,2.283333587646484
18662,2.3339921951293947
18663,2.449340057373047
18664,2.3120532989501954
18665,2.3629793167114257
18666,2.057626152038574
18667,2.4889127731323244
18668,2.2554576873779295
18669,2.3448482513427735
18670,2.058735466003418
18671,2.288560676574707
18672,2.3608610153198244
18673,2.5548439025878906
18674,2.2640201568603517
18675,2.1452003479003907
18676,2.23498420715332
18677,1.9429500579833985
18678,2.2953662872314453
18679,2.4603410720825196
18680,2.6086706161499023
18681,2.541275215148926
18682,1.899111557006836
18683,2.2419418334960937
18684,2.0627050399780273
18685,2.3336408615112303
18686,2.102003288269043
18687,2.847233009338379
18688,2.581059455871582
18689,2.1549665451049806
18690,2.354644775390625
18691,2.513539123535156
18692,2.1934017181396483
18693,2.010857582092285
18694,2.325412940979004
18695,2.289199447631836
18696,2.6049575805664062
18697,2.2076183319091798
18698,2.182717514038086
18699,2.2101369857788087
18700,2.172838592529297
18701,2.1574966430664064
18702,2.1354467391967775
18703,2.7354164123535156
18704,2.345474624633789
18705,2.2722002029418946
18706,2.5397199630737304
18707,2.876612091064453
18708,2.213968276977539
18709,1.8378288269042968
18710,2.258339691162109
18711,2.244053268432617
18712,2.119798278808594
18713,2.411277961730957
18714,2.3311906814575196
18715,2.588307571411133
18716,2.0760520935058593
18717,2.3590057373046873
18718,2.388004112243652
18719,2.0255836486816405
18720,2.2476408004760744
18721,2.082036781311035
18722,2.7005516052246095
18723,2.1998430252075196
18724,1.7549423217773437
18725,2.3438642501831053
18726,2.459358978271484
18727,2.4316587448120117
18728,2.4993865966796873
18729,2.0599620819091795
18730,2.0587465286254885
18731,2.2927146911621095
18732,2.099537658691406
18733,2.3058984756469725
18734,2.2487205505371093
18735,2.3694957733154296
18736,2.492676544189453
18737,2.288626480102539
18738,2.189454460144043
18739,2.3437210083007813
18740,2.312602424621582
18741,2.6198553085327148
18742,2.332387924194336
18743,2.1819705963134766
18744,2.250639724731445
18745,1.9858190536499023
18746,2.5641992568969725
18747,2.4998638153076174
18748,2.004340934753418
18749,2.1339532852172853
18750,2.3572666168212892
18751,2.185446929931641
18752,2.212535858154297
18753,2.365426254272461
18754,2.3095304489135744
18755,2.4207651138305666
18756,1.984675979614258
18757,2.147638130187988
18758,2.269108009338379
18759,2.3064741134643554
18760,2.0738765716552736
18761,2.2562999725341797
18762,2.138534927368164
18763,1.944706344604492
18764,2.13116512298584
18765,2.3424659729003907
18766,2.1741611480712892
18767,2.498955726623535
18768,2.289153289794922
18769,2.4138402938842773
18770,2.429901123046875
18771,2.1004379272460936
18772,2.0840219497680663
18773,2.557206153869629
18774,2.2992530822753907
18775,2.473307228088379
18776,2.4037908554077148
18777,2.3709156036376955
18778,2.2530473709106444
18779,2.244216728210449
18780,1.737321662902832
18781,2.5707616806030273
18782,2.194376564025879
18783,2.13067626953125
18784,2.5431591033935548
18785,2.047454261779785
18786,2.3060993194580077
18787,2.177830696105957
18788,2.1870758056640627
18789,2.4441415786743166
18790,2.2356809616088866
18791,1.9731889724731446
18792,2.3414178848266602
18793,2.5002408981323243
18794,2.510568618774414
18795,2.312928009033203
18796,2.3088932037353516
18797,2.368905258178711
18798,2.1229726791381838
18799,2.3602685928344727
18800,2.5994394302368162
18801,2.3863855361938477
18802,2.1468162536621094
18803,2.313405990600586
18804,2.2932815551757812
18805,2.1753284454345705
18806,2.2616287231445313
18807,2.1321170806884764
18808,2.224560356140137
18809,1.9689117431640626
18810,2.2295822143554687
18811,2.0838394165039062
18812,1.9936519622802735
18813,2.264638900756836
18814,2.3399032592773437
18815,1.891916275024414
18816,2.3308958053588866
18817,1.9403573989868164
18818,2.241262435913086
18819,2.4246984481811524
18820,2.253562164306641
18821,1.8997243881225585
18822,2.7035160064697266
18823,2.034159469604492
18824,2.3665725708007814
18825,2.1368974685668944
18826,1.8831912994384765
18827,2.1665552139282225
18828,2.1512374877929688
18829,2.0416027069091798
18830,2.2444999694824217
18831,2.2150081634521483
18832,1.9419401168823243
18833,2.1664653778076173
18834,2.053626823425293
18835,2.292425346374512
18836,2.3657188415527344
18837,2.3170705795288087
18838,2.245254898071289
18839,2.2959365844726562
18840,2.3349538803100587
18841,2.200927734375
18842,2.4712684631347654
18843,2.6084316253662108
18844,2.0198150634765626
18845,2.3584733963012696
18846,2.430364990234375
18847,1.9086011886596679
18848,2.2272705078125
18849,2.3438270568847654
18850,2.1838674545288086
18851,2.17748908996582
18852,2.6491823196411133
18853,2.084016036987305
18854,2.114592933654785
18855,2.1623640060424805
18856,2.5131290435791014
18857,2.8072669982910154
18858,2.454129219055176
18859,2.0724620819091797
18860,2.420888328552246
18861,1.8771989822387696
18862,2.324468994140625
18863,2.473306083679199
18864,2.393782615661621
18865,2.072576713562012
18866,2.644903373718262
18867,2.075407600402832
18868,1.7889768600463867
18869,2.1707340240478517
18870,2.3244794845581054
18871,2.4677911758422852
18872,2.184050750732422
18873,2.1838586807250975
18874,2.564967918395996
18875,2.174083709716797
18876,2.2569305419921877
18877,2.2057748794555665
18878,2.0930103302001952
18879,2.5571611404418944
18880,2.011231231689453
18881,2.2156246185302733
18882,2.63083438873291
18883,2.285302925109863
18884,2.2221000671386717
18885,2.590471076965332
18886,2.4015180587768556
18887,2.0432783126831056
18888,2.2932628631591796
18889,2.2295724868774416
18890,2.327736663818359
18891,2.300145721435547
18892,1.961247444152832
18893,2.639846611022949
18894,1.9862947463989258
18895,2.152499771118164
18896,2.3579538345336912
18897,2.649166297912598
18898,2.520966148376465
18899,2.154087448120117
18900,2.268337631225586
18901,2.939112663269043
18902,2.5144203186035154
18903,2.3699104309082033
18904,2.40387020111084
18905,2.2047801971435548
18906,1.9604427337646484
18907,2.1819122314453123
18908,2.340244483947754
18909,2.232430839538574
18910,1.989712905883789
18911,2.5611957550048827
18912,2.6154579162597655
18913,2.2625810623168947
18914,2.187689018249512
18915,2.216954803466797
18916,2.359452247619629
18917,2.2759212493896483
18918,2.01119384765625
18919,2.1724563598632813
18920,2.1131637573242186
18921,1.9243455886840821
18922,2.1622982025146484
18923,2.229239845275879
18924,2.2816295623779297
18925,2.588352012634277
18926,2.450851821899414
18927,2.6669626235961914
18928,2.3879016876220702
18929,2.3542573928833006
18930,2.44775390625
18931,2.526416778564453
18932,1.9381649017333984
18933,2.3196584701538088
18934,2.347955894470215
18935,2.4545047760009764
18936,2.335018539428711
18937,2.393875312805176
18938,1.8569181442260743
18939,2.3857120513916015
18940,2.3037527084350584
18941,2.2238838195800783
18942,2.2622093200683593
18943,2.288325309753418
18944,2.1144830703735353
18945,2.8033395767211915
18946,2.208295440673828
18947,2.5107227325439454
18948,2.6202219009399412
18949,2.132373237609863
18950,1.8763460159301757
18951,2.561259460449219
18952,2.22268123626709
18953,2.0478578567504884
18954,2.448860931396484
18955,2.2268598556518553
18956,1.9734088897705078
18957,2.4309804916381834
18958,2.6044488906860352
18959,2.2655614852905273
18960,2.3170097351074217
18961,2.2015766143798827
18962,2.445413589477539
18963,2.6732898712158204
18964,2.223813056945801
18965,2.151296615600586
18966,2.288731002807617
18967,2.2222854614257814
18968,2.01873722076416
18969,2.2687450408935548
18970,1.99493350982666
18971,2.6498075485229493
18972,2.404157257080078
18973,2.2523569107055663
18974,2.58656005859375
18975,2.2494638442993162
18976,2.294279670715332
18977,2.372975540161133
18978,2.086314392089844
18979,2.1026437759399412
18980,2.19323673248291
18981,2.739880180358887
18982,2.4484735488891602
18983,2.283905029296875
18984,2.284908676147461
18985,2.3242937088012696
18986,2.2564125061035156
18987,2.2109514236450196
18988,2.0098670959472655
18989,2.314885711669922
18990,2.4668954849243163
18991,2.2663381576538084
18992,2.1419921875
18993,1.8733196258544922
18994,2.200584602355957
18995,2.2615888595581053
18996,2.3900426864624023
18997,2.2370315551757813
18998,2.7480899810791017
18999,2.132292556762695
19000,2.41558837890625
19001,2.059881401062012
19002,2.261752128601074
19003,2.247585105895996
19004,2.4180078506469727
19005,2.3956121444702148
19006,2.1365570068359374
19007,2.2168704986572267
19008,2.14117374420166
19009,2.1349987030029296
19010,1.9168819427490233
19011,2.154066467285156
19012,2.694073295593262
19013,2.314723587036133
19014,2.1731964111328126
19015,2.4399023056030273
19016,2.0782407760620116
19017,2.594390106201172
19018,2.3673147201538085
19019,2.176828384399414
19020,2.1108402252197265
19021,2.3930490493774412
19022,1.9275457382202148
19023,2.185285949707031
19024,2.7219655990600584
19025,2.254122734069824
19026,2.392970085144043
19027,2.3664953231811525
19028,2.0318630218505858
19029,2.085940933227539
19030,2.077269172668457
19031,2.3386762619018553
19032,2.212739181518555
19033,2.161123275756836
19034,2.1097755432128906
19035,2.2139266967773437
19036,2.382944869995117
19037,2.1448137283325197
19038,2.4574281692504885
19039,2.4583917617797852
19040,2.165928268432617
19041,2.218393898010254
19042,2.165317153930664
19043,2.113688659667969
19044,2.1384191513061523
19045,2.679817771911621
19046,2.3072231292724608
19047,2.458473777770996
19048,2.331699180603027
19049,2.193356513977051
19050,2.2412363052368165
19051,2.284129333496094
19052,2.2599250793457033
19053,2.5375242233276367
19054,2.3222946166992187
19055,2.300702667236328
19056,2.5682435989379884
19057,2.147561264038086
19058,2.3471555709838867
19059,2.0417850494384764
19060,2.3558422088623048
19061,2.4328155517578125
19062,2.4620765686035155
19063,2.4166629791259764
19064,2.32342529296875
19065,1.7958076477050782
19066,1.9454965591430664
19067,2.2529340744018556
19068,2.267852783203125
19069,2.6112661361694336
19070,2.135965919494629
19071,2.062843132019043
19072,2.151338005065918
19073,2.1945995330810546
19074,2.7550628662109373
19075,2.341946029663086
19076,2.3898963928222656
19077,2.368928909301758
19078,2.3909334182739257
19079,2.1617202758789062
19080,2.334040069580078
19081,2.448872184753418
19082,2.6231206893920898
19083,2.114421081542969
19084,2.6022365570068358
19085,2.2319868087768553
19086,2.4073888778686525
19087,2.079179382324219
19088,2.1725929260253904
19089,2.248133087158203
19090,2.5220882415771486
19091,2.416010284423828
19092,2.132574462890625
19093,2.269500732421875
19094,2.5108381271362306
19095,1.982259178161621
19096,2.554882049560547
19097,2.27086181640625
19098,2.234983444213867
19099,2.6710575103759764
19100,2.2725982666015625
19101,2.1146015167236327
19102,2.181562614440918
19103,2.4480682373046876
19104,2.043985366821289
19105,2.4997724533081054
19106,2.3497798919677733
19107,2.3486400604248048
19108,2.1957529067993162
19109,2.4771984100341795
19110,2.1831769943237305
19111,2.4845300674438477
19112,2.332368087768555
19113,1.9541542053222656
19114,2.0029891967773437
19115,2.445026397705078
19116,2.5542211532592773
19117,2.422774887084961
19118,2.656386947631836
19119,2.29467658996582
19120,1.8853986740112305
19121,2.18546142578125
19122,2.5022531509399415
19123,2.3924480438232423
19124,2.5439598083496096
19125,2.4095169067382813
19126,2.2653711318969725
19127,2.4357852935791016
19128,2.53387451171875
19129,2.426894950866699
19130,2.84896240234375
19131,2.256743621826172
19132,2.1037378311157227
19133,2.3829761505126954
19134,2.2265018463134765
19135,2.3119970321655274
19136,2.133363151550293
19137,2.3352149963378905
19138,1.8638870239257812
19139,2.1673139572143554
19140,2.221263122558594
19141,2.0016319274902346
19142,2.154424285888672
19143,2.2172245025634765
19144,2.1801898956298826
19145,2.377915954589844
19146,2.4918970108032226
19147,2.2240728378295898
19148,2.283431053161621
19149,2.5315711975097654
19150,2.3063711166381835
19151,2.4229955673217773
19152,2.326724624633789
19153,2.5652044296264647
19154,2.2103710174560547
19155,2.1142654418945312
19156,2.426217269897461
19157,2.3841182708740236
19158,2.2558897018432615
19159,2.3066404342651365
19160,2.421307182312012
19161,2.0969945907592775
19162,2.277299690246582
19163,1.7862466812133788
19164,2.3262557983398438
19165,2.2512838363647463
19166,2.46545295715332
19167,2.5294450759887694
19168,2.5251867294311525
19169,2.4006118774414062
19170,2.368340492248535
19171,2.1895467758178713
19172,2.018535614013672
19173,1.913397979736328
19174,2.3434953689575195
19175,2.550878715515137
19176,2.3746719360351562
19177,2.346423530578613
19178,2.1300775527954103
19179,2.3430429458618165
19180,2.5426973342895507
19181,2.377383804321289
19182,2.475839614868164
19183,2.2189117431640626
19184,2.181753158569336
19185,2.1190643310546875
19186,2.773026466369629
19187,2.396622085571289
19188,2.2700420379638673
19189,2.1486322402954103
19190,2.411848258972168
19191,2.3010799407958986
19192,2.373684120178223
19193,2.54111270904541
19194,2.2041015625
19195,1.7516782760620118
19196,2.122491455078125
19197,2.4096515655517576
19198,2.638583946228027
19199,2.2283628463745115
19200,2.362045097351074
19201,2.6434953689575194
19202,2.3602537155151366
19203,2.349727439880371
19204,2.4259666442871093
19205,1.9991971969604492
19206,2.3379804611206056
19207,2.2763860702514647
19208,2.3277490615844725
19209,2.373658561706543
19210,2.135181427001953
19211,2.4320728302001955
19212,2.268214988708496
19213,2.364109420776367
19214,2.0741886138916015
19215,2.0688480377197265
19216,2.0818742752075194
19217,2.460255813598633
19218,2.0732053756713866
19219,2.3281505584716795
19220,2.733669662475586
19221,2.144468879699707
19222,2.3406452178955077
19223,1.9316425323486328
19224,2.268528366088867
19225,2.5164222717285156
19226,2.4103307723999023
19227,2.5024843215942383
19228,2.1390445709228514
19229,1.9345916748046874
19230,2.579338264465332
19231,1.745167350769043
19232,2.3179290771484373
19233,2.7658550262451174
19234,2.684940528869629
19235,2.1848697662353516
19236,2.2886659622192385
19237,2.2881324768066404
19238,2.0737373352050783
19239,2.2024030685424805
19240,2.2185768127441405
19241,2.480319786071777
19242,1.5497686386108398
19243,2.193853569030762
19244,2.310332679748535
19245,2.1016023635864256
19246,1.8970508575439453
19247,1.870374870300293
19248,2.08077392578125
19249,2.298193168640137
19250,2.3265058517456056
19251,2.1111068725585938
19252,2.1309667587280274
19253,2.5901166915893556
19254,2.903594398498535
19255,1.718398666381836
19256,1.9509044647216798
19257,2.5910512924194338
19258,1.9778278350830079
19259,2.3241039276123048
19260,2.468868064880371
19261,2.253733253479004
19262,2.497738075256348
19263,2.3055906295776367
19264,2.1852108001708985
19265,2.398919677734375
19266,2.5703157424926757
19267,2.6070613861083984
19268,2.3048721313476563
19269,2.550057220458984
19270,2.248756980895996
19271,2.781606674194336
19272,2.224430274963379
19273,2.233000564575195
19274,2.451892852783203
19275,2.1483217239379884
19276,2.4468996047973635
19277,2.2320989608764648
19278,2.175099754333496
19279,2.415354347229004
19280,2.270498275756836
19281,2.5583024978637696
19282,2.15712947845459
19283,2.0906068801879885
19284,1.978573989868164
19285,2.5803466796875
19286,1.9012771606445313
19287,2.167563247680664
19288,2.2292879104614256
19289,2.315146255493164
19290,2.341054916381836
19291,2.304778289794922
19292,2.072131538391113
19293,2.3151218414306642
19294,2.365287208557129
19295,2.596643257141113
19296,2.5597198486328123
19297,2.1091012954711914
19298,2.409858512878418
19299,2.3852108001708983
19300,2.2280115127563476
19301,2.4013368606567385
19302,2.28212947845459
19303,2.5855600357055666
19304,2.2700572967529298
19305,2.3878704071044923
19306,2.3369678497314452
19307,2.2423799514770506
19308,2.133376121520996
19309,2.2031673431396483
19310,2.037182426452637
19311,2.277090072631836
19312,2.439459037780762
19313,2.550045967102051
19314,2.496170997619629
19315,2.2890785217285154
19316,2.331435775756836
19317,2.4907461166381837
19318,2.4664758682250976
19319,2.1878082275390627
19320,2.3281539916992187
19321,2.1695438385009767
19322,2.287065124511719
19323,2.1466348648071287
19324,2.2366552352905273
19325,2.0876205444335936
19326,2.276850700378418
19327,2.0498640060424806
19328,2.4754665374755858
19329,2.3424299240112303
19330,2.2057720184326173
19331,2.363121223449707
19332,2.333366584777832
19333,2.0548444747924806
19334,2.145053672790527
19335,2.3267173767089844
19336,2.0476797103881834
19337,2.0436750411987306
19338,2.577325439453125
19339,2.0421472549438477
19340,2.356690216064453
19341,2.19948673248291
19342,2.532183837890625
19343,2.2534194946289063
19344,2.449908447265625
19345,2.149064064025879
19346,2.0605716705322266
19347,2.255712890625
19348,2.1969940185546877
19349,1.9717655181884766
19350,2.1463205337524416
19351,2.5022064208984376
19352,2.1073226928710938
19353,2.346242904663086
19354,2.2962793350219726
19355,2.34227294921875
19356,2.1498092651367187
19357,2.018603515625
19358,2.4235944747924805
19359,2.270959663391113
19360,2.1754039764404296
19361,2.1955286026000977
19362,2.0493173599243164
19363,2.5447425842285156
19364,2.267162322998047
19365,2.420383644104004
19366,2.276152229309082
19367,2.364286994934082
19368,2.1748592376708986
19369,2.0625972747802734
19370,2.3013742446899412
19371,2.2063356399536134
19372,2.23113899230957
19373,2.4504907608032225
19374,2.1509384155273437
19375,2.100479316711426
19376,2.1672748565673827
19377,2.406764793395996
19378,2.477802848815918
19379,2.4134923934936525
19380,2.166981887817383
19381,2.5858631134033203
19382,2.420129585266113
19383,2.437984275817871
19384,2.5368696212768556
19385,2.0711296081542967
19386,2.478428077697754
19387,2.3743804931640624
19388,2.379970932006836
19389,2.3349328994750977
19390,2.4605403900146485
19391,2.4211050033569337
19392,2.2237995147705076
19393,2.3898342132568358
19394,2.492278480529785
19395,2.282060432434082
19396,2.2107725143432617
19397,2.576461410522461
19398,2.255867576599121
19399,2.485992431640625
19400,2.4410802841186525
19401,2.896943473815918
19402,2.3785415649414063
19403,2.212794876098633
19404,1.9564929962158204
19405,2.1170949935913086
19406,2.1892650604248045
19407,2.4177732467651367
19408,2.6668262481689453
19409,2.296278190612793
19410,2.3012086868286135
19411,2.532552719116211
19412,2.455551338195801
19413,2.1549381256103515
19414,2.0377008438110353
19415,2.448473358154297
19416,2.537175750732422
19417,2.3378440856933596
19418,2.2891109466552733
19419,2.1184057235717773
19420,2.764156150817871
19421,2.346689224243164
19422,2.4753433227539063
19423,2.3176013946533205
19424,2.2755027770996095
19425,2.322025108337402
19426,2.2373870849609374
19427,2.291133499145508
19428,2.570524215698242
19429,2.1965442657470704
19430,2.248686981201172
19431,2.2996395111083983
19432,2.2116811752319334
19433,2.52770881652832
19434,2.101283836364746
19435,2.5324352264404295
19436,2.3730823516845705
19437,2.2260833740234376
19438,2.5222776412963865
19439,2.5585317611694336
19440,2.246629524230957
19441,2.237665367126465
19442,2.2259998321533203
19443,2.1735830307006836
19444,2.3094484329223635
19445,2.1682126998901365
19446,2.4798004150390627
19447,2.727626991271973
19448,2.527787780761719
19449,2.495065116882324
19450,2.3303245544433593
19451,2.1374269485473634
19452,2.2691070556640627
19453,2.4115474700927733
19454,2.4766605377197264
19455,2.1414907455444334
19456,2.2807733535766603
19457,2.0932260513305665
19458,2.277911376953125
19459,2.080745506286621
19460,2.5669479370117188
19461,2.43428955078125
19462,2.139459800720215
19463,2.2317264556884764
19464,2.5803823471069336
19465,2.186353302001953
19466,1.8493146896362305
19467,2.3325498580932615
19468,2.246907424926758
19469,2.31009464263916
19470,2.106659698486328
19471,2.249506950378418
19472,2.2721590042114257
19473,2.3104076385498047
19474,2.0189453125
19475,2.262991714477539
19476,2.253380012512207
19477,2.130161476135254
19478,2.2393489837646485
19479,2.260278511047363
19480,2.342722702026367
19481,2.445896339416504
19482,2.328759956359863
19483,2.4470546722412108
19484,2.7541997909545897
19485,2.3692981719970705
19486,2.4027999877929687
19487,2.5508182525634764
19488,2.2887653350830077
19489,2.430143928527832
19490,2.332513999938965
19491,2.3192243576049805
19492,2.7684555053710938
19493,2.3511362075805664
19494,2.2992258071899414
19495,2.253813552856445
19496,2.1455936431884766
19497,2.114589309692383
19498,2.4687419891357423
19499,2.475730133056641
19500,2.207386016845703
19501,2.372347831726074
19502,2.273006057739258
19503,2.430026054382324
19504,2.6975261688232424
19505,2.2955322265625
19506,2.6468345642089846
19507,2.4018558502197265
19508,2.2633304595947266
19509,2.074781608581543
19510,2.608270454406738
19511,2.520562744140625
19512,2.072718048095703
19513,2.4267892837524414
19514,2.277265167236328
19515,2.085966110229492
19516,2.319086456298828
19517,2.0195173263549804
19518,2.3828189849853514
19519,2.3646678924560547
19520,2.060622978210449
19521,2.3160701751708985
19522,2.349837875366211
19523,2.1137969970703123
19524,2.283946418762207
19525,1.9048700332641602
19526,2.105869102478027
19527,2.4711126327514648
19528,2.3125608444213865
19529,2.175334930419922
19530,2.279094123840332
19531,2.355729103088379
19532,2.221442222595215
19533,2.232392501831055
19534,2.069354438781738
19535,2.2205772399902344
19536,2.1953380584716795
19537,2.083357048034668
19538,2.176326942443848
19539,2.307701301574707
19540,2.0855428695678713
19541,2.4311342239379883
19542,2.402578353881836
19543,2.04404296875
19544,2.1772649765014647
19545,2.4659116744995115
19546,2.045454216003418
19547,2.1820951461791993
19548,2.075250816345215
19549,2.1483749389648437
19550,2.571087455749512
19551,2.023927688598633
19552,2.505883979797363
19553,2.236950492858887
19554,2.135128211975098
19555,2.405831718444824
19556,2.674712562561035
19557,2.201873016357422
19558,2.396483612060547
19559,2.134938430786133
19560,1.9108783721923828
19561,2.468689727783203
19562,2.7610925674438476
19563,2.466740608215332
19564,2.785441780090332
19565,2.560957145690918
19566,1.9751043319702148
19567,2.4297100067138673
19568,2.0349573135375976
19569,2.172152519226074
19570,2.287118148803711
19571,2.4702526092529298
19572,2.2939990997314452
19573,2.2649425506591796
19574,2.4290401458740236
19575,2.3096712112426756
19576,2.307202911376953
19577,2.546934127807617
19578,2.1657928466796874
19579,1.968646240234375
19580,2.4467960357666017
19581,2.077902412414551
19582,2.259769821166992
19583,2.307322883605957
19584,2.652816390991211
19585,2.3520851135253906
19586,2.5943456649780274
19587,2.1700342178344725
19588,2.195560264587402
19589,2.276601028442383
19590,2.157526969909668
19591,2.297226905822754
19592,2.245856285095215
19593,2.3182958602905273
19594,2.5639469146728517
19595,2.0872676849365233
19596,2.609699249267578
19597,2.5142297744750977
19598,2.4791948318481447
19599,1.9481904983520508
19600,2.2702495574951174
19601,2.051491546630859
19602,2.225716209411621
19603,2.661614990234375
19604,2.355833053588867
19605,2.698476219177246
19606,2.3321611404418947
19607,2.249371337890625
19608,2.4826122283935548
19609,2.3405567169189454
19610,2.145784378051758
19611,2.3124387741088865
19612,2.4526962280273437
19613,2.2626386642456056
19614,2.004787063598633
19615,2.3080162048339843
19616,2.2212703704833983
19617,2.20678596496582
19618,2.2223941802978517
19619,2.5078756332397463
19620,2.1558170318603516
19621,1.9613096237182617
19622,2.2556230545043947
19623,2.090127372741699
19624,2.266292190551758
19625,2.203949546813965
19626,2.4401039123535155
19627,2.415944480895996
19628,2.2062261581420897
19629,2.2730756759643556
19630,2.430388259887695
19631,2.4134189605712892
19632,2.2141948699951173
19633,2.522006034851074
19634,2.3606241226196287
19635,2.4179876327514647
19636,2.7120893478393553
19637,2.564263343811035
19638,2.277091407775879
19639,2.2225454330444334
19640,2.5111457824707033
19641,2.414701461791992
19642,2.1371845245361327
19643,2.2712291717529296
19644,2.2492916107177736
19645,2.0268585205078127
19646,2.46209659576416
19647,1.8862010955810546
19648,2.2019889831542967
19649,2.661124420166016
19650,2.3210622787475588
19651,2.8785140991210936
19652,2.0660284042358397
19653,2.5836673736572267
19654,2.3088443756103514
19655,2.172676849365234
19656,2.127696418762207
19657,2.4507125854492187
19658,2.01633243560791
19659,2.504188346862793
19660,2.2617843627929686
19661,2.1671443939208985
19662,2.419525909423828
19663,2.2122318267822267
19664,2.211173439025879
19665,2.4260061264038084
19666,2.394406318664551
19667,2.265053367614746
19668,2.3140079498291017
19669,2.2177928924560546
19670,2.3136791229248046
19671,2.5032585144042967
19672,2.1158180236816406
19673,2.1528743743896483
19674,2.490324020385742
19675,2.039024543762207
19676,2.38311882019043
19677,2.145028495788574
19678,2.3192327499389647
19679,2.1739187240600586
19680,2.3443899154663086
19681,2.1894916534423827
19682,2.3853570938110353
19683,2.3928478240966795
19684,2.2606502532958985
19685,2.235079765319824
19686,2.321163558959961
19687,2.299300765991211
19688,2.460750770568848
19689,2.3518339157104493
19690,2.232181739807129
19691,2.1052499771118165
19692,2.2789175033569338
19693,2.064001274108887
19694,2.278089141845703
19695,2.5802518844604494
19696,2.313495063781738
19697,2.454191970825195
19698,2.5076793670654296
19699,2.1753236770629885
19700,2.6084264755249023
19701,2.2459897994995117
19702,2.1980817794799803
19703,2.1850183486938475
19704,2.056217575073242
19705,1.9514383316040038
19706,2.1960535049438477
19707,2.1200887680053713
19708,1.943218994140625
19709,2.5331321716308595
19710,2.1881208419799805
19711,2.2204612731933593
19712,2.260007858276367
19713,2.5077661514282226
19714,2.427701950073242
19715,2.177420997619629
19716,2.081034851074219
19717,2.311655807495117
19718,2.1992376327514647
19719,2.0592720031738283
19720,2.182696723937988
19721,2.4104658126831056
19722,2.398602294921875
19723,2.1645534515380858
19724,2.4062734603881837
19725,2.3172634124755858
19726,2.3884925842285156
19727,2.1911523818969725
19728,2.3439250946044923
19729,2.287627601623535
19730,2.4515527725219726
19731,2.2783695220947267
19732,2.282256317138672
19733,2.3523088455200196
19734,2.08801155090332
19735,2.2041000366210937
19736,2.586042022705078
19737,2.3132806777954102
19738,2.4393449783325196
19739,2.352143478393555
19740,2.5121028900146483
19741,2.4610502243041994
19742,2.2910953521728517
19743,2.6154541015625
19744,2.6279754638671875
19745,2.500802993774414
19746,2.141651916503906
19747,2.435250091552734
19748,2.0470346450805663
19749,2.0283750534057616
19750,2.099394989013672
19751,2.4433626174926757
19752,2.174027442932129
19753,2.037455749511719
19754,2.316204833984375
19755,2.190840148925781
19756,2.1262365341186524
19757,2.3776666641235353
19758,2.221370315551758
19759,2.3253883361816405
19760,2.5306747436523436
19761,2.4664594650268556
19762,2.0939321517944336
19763,2.174863815307617
19764,2.3642059326171876
19765,2.2677330017089843
19766,2.179689407348633
19767,2.1019613265991213
19768,2.3211008071899415
19769,2.462092971801758
19770,2.646894645690918
19771,2.8197519302368166
19772,2.3416791915893556
19773,2.276741790771484
19774,2.164754867553711
19775,2.212994384765625
19776,1.8910520553588868
19777,2.3035709381103517
19778,2.1953739166259765
19779,2.48053035736084
19780,2.1974340438842774
19781,2.0443489074707033
19782,2.2112016677856445
19783,2.5285268783569337
19784,2.438699150085449
19785,2.1912647247314454
19786,2.515463447570801
19787,2.1936061859130858
19788,2.339423179626465
19789,2.1639982223510743
19790,2.184780502319336
19791,2.7793298721313477
19792,2.6636838912963867
19793,2.188595199584961
19794,2.2739633560180663
19795,2.37738151550293
19796,2.3927722930908204
19797,2.500497245788574
19798,2.3479820251464845
19799,2.193167877197266
19800,2.377439498901367
19801,2.253474807739258
19802,2.1143646240234375
19803,2.29486083984375
19804,2.049480438232422
19805,2.6760490417480467
19806,2.091477394104004
19807,2.461919975280762
19808,1.9468729019165039
19809,2.466863441467285
19810,2.1799970626831056
19811,2.133307456970215
19812,2.244299125671387
19813,1.9860788345336915
19814,2.282848358154297
19815,2.152659606933594
19816,2.3239646911621095
19817,2.3294803619384767
19818,2.5137331008911135
19819,2.0944080352783203
19820,2.068425750732422
19821,2.2569713592529297
19822,2.43314208984375
19823,2.399811363220215
19824,2.1827150344848634
19825,2.1789770126342773
19826,2.2287275314331056
19827,2.2548139572143553
19828,2.7127557754516602
19829,2.402880859375
19830,2.562484359741211
19831,2.0384954452514648
19832,2.342198371887207
19833,2.302027130126953
19834,2.062794494628906
19835,2.315810966491699
19836,2.241745948791504
19837,2.5109590530395507
19838,2.2986547470092775
19839,2.232435607910156
19840,2.435797119140625
19841,2.4114042282104493
19842,2.5405832290649415
19843,2.0538812637329102
19844,2.260042190551758
19845,2.1231897354125975
19846,2.081193542480469
19847,2.4631961822509765
19848,2.313918876647949
19849,2.417131042480469
19850,2.076948547363281
19851,2.2016180038452147
19852,2.069919776916504
19853,2.7288139343261717
19854,2.251787567138672
19855,2.235496711730957
19856,2.382363510131836
19857,1.9696380615234375
19858,2.0960948944091795
19859,2.1807493209838866
19860,2.110342788696289
19861,2.6548620223999024
19862,2.0738971710205076
19863,2.255558395385742
19864,2.073115921020508
19865,2.448958969116211
19866,2.5456464767456053
19867,2.512583541870117
19868,2.4711606979370115
19869,2.128595733642578
19870,2.2996194839477537
19871,2.3502668380737304
19872,2.3495271682739256
19873,2.4399944305419923
19874,2.3022924423217774
19875,2.5173324584960937
19876,2.2902544021606444
19877,2.392487144470215
19878,2.2535163879394533
19879,2.1963470458984373
19880,2.449118995666504
19881,2.6519065856933595
19882,2.0755985260009764
19883,2.20373420715332
19884,2.1146852493286135
19885,2.1090139389038085
19886,2.1593080520629884
19887,2.4488548278808593
19888,2.43809814453125
19889,2.3708940505981446
19890,2.2602039337158204
19891,2.3670064926147463
19892,2.2408288955688476
19893,2.306562805175781
19894,2.3859819412231444
19895,2.3306419372558596
19896,1.955128288269043
19897,2.4552907943725586
19898,2.4993850708007814
19899,2.0850013732910155
19900,2.5224437713623047
19901,2.2245901107788084
19902,2.2052101135253905
19903,2.2358028411865236
19904,2.0686925888061523
19905,2.392644500732422
19906,2.1310338973999023
19907,2.1113210678100587
19908,2.25197696685791
19909,2.834039878845215
19910,2.228293800354004
19911,2.0177371978759764
19912,2.612551689147949
19913,2.120173454284668
19914,2.5678571701049804
19915,2.0827056884765627
19916,2.3653894424438477
19917,1.883535385131836
19918,2.432405471801758
19919,2.169237518310547
19920,2.2719499588012697
19921,2.3318809509277343
19922,2.1060546875
19923,2.278241729736328
19924,2.418997573852539
19925,2.4115217208862303
19926,2.4286306381225584
19927,2.398319625854492
19928,2.1976499557495117
19929,2.0263139724731447
19930,2.148199272155762
19931,2.498848533630371
19932,2.2855472564697266
19933,2.2673601150512694
19934,2.0790773391723634
19935,2.0772350311279295
19936,2.1408233642578125
19937,2.122361183166504
19938,2.26214542388916
19939,2.259048652648926
19940,2.4062049865722654
19941,2.3250349044799803
19942,2.522839164733887
19943,2.2559745788574217
19944,2.075516128540039
19945,2.323516082763672
19946,2.0734683990478517
19947,2.6567644119262694
19948,2.1600374221801757
19949,2.183315086364746
19950,2.7613754272460938
19951,2.5358572006225586
19952,2.748910140991211
19953,2.3964305877685548
19954,2.4494985580444335
19955,2.426626205444336
19956,2.3389972686767577
19957,2.246778678894043
19958,1.940106201171875
19959,2.3568195343017577
19960,2.5797613143920897
19961,2.4055387496948244
19962,2.6642324447631838
19963,2.1137550354003904
19964,2.232585144042969
19965,2.881378936767578
19966,2.545423698425293
19967,1.9605571746826171
19968,2.362733840942383
19969,2.2022472381591798
19970,2.7721872329711914
19971,1.989293670654297
19972,2.8717840194702147
19973,2.4557714462280273
19974,2.087894821166992
19975,2.279334831237793
19976,2.3282852172851562
19977,2.116501045227051
19978,2.147547149658203
19979,2.2586410522460936
19980,2.2768075942993162
19981,2.399344062805176
19982,2.5390506744384767
19983,2.3008167266845705
19984,2.1918832778930666
19985,2.370810699462891
19986,2.5345184326171877
19987,2.2513568878173826
19988,1.9820991516113282
19989,2.436007499694824
19990,2.608490753173828
19991,2.115351104736328
19992,2.7382347106933596
19993,2.117529106140137
19994,2.3415761947631837
19995,2.474724769592285
19996,2.366163635253906
19997,2.41784782409668
19998,1.941120719909668
19999,2.7656797409057616
20000,2.2408199310302734